"Report Number","Report DateTime","Offense ID","Offense Date","Neighborhood","Reporting Area","Offense Category","Sector"
"2025-352265","2025 Dec 01 09:15:21 PM","67629386684","2025 Dec 01 04:21:00 PM","RAINIER BEACH","5411","ALL OTHER","S"
"2025-352276","2025 Dec 01 06:58:46 PM","67628918169","2025 Dec 01 04:31:00 PM","MAGNOLIA","3969","ALL OTHER","Q"
"2025-922272","2025 Dec 12 10:00:07 AM","67780128244","2025 Dec 01 04:36:00 PM","HIGHLAND PARK","12951","ALL OTHER","F"
"2025-352293","2025 Dec 01 06:43:31 PM","67629233919","2025 Dec 01 04:45:00 PM","MADRONA/LESCHI","REDACTED","ALL OTHER","G"
"2025-921862","2025 Dec 09 07:52:48 AM","67740391135","2025 Dec 01 04:46:00 PM","FIRST HILL","8615","PROPERTY CRIME","E"
"2025-352810","2025 Dec 02 09:13:55 AM","67634038934","2025 Dec 01 05:00:00 PM","BALLARD SOUTH","894","PROPERTY CRIME","B"
"2025-353018","2025 Dec 02 01:00:03 PM","67635958791","2025 Dec 01 05:00:00 PM","MILLER PARK","6624","PROPERTY CRIME","C"
"2025-921819","2025 Dec 06 01:52:20 PM","67704193717","2025 Dec 01 05:00:00 PM","CAPITOL HILL","3396","PROPERTY CRIME","E"
"2025-354118","2025 Dec 03 05:12:08 PM","67658314792","2025 Dec 01 05:00:00 PM","LAKECITY","12757","PROPERTY CRIME","L"
"2025-921861","2025 Dec 09 07:51:36 AM","67740365837","2025 Dec 01 05:00:00 PM","ROXHILL/WESTWOOD/ARBOR HEIGHTS","2329","PROPERTY CRIME","F"
"2025-352326","2025 Dec 01 09:05:12 PM","67632197566","2025 Dec 01 05:15:00 PM","GREENWOOD","10874","ALL OTHER","N"
"2025-352326","2025 Dec 01 09:05:12 PM","67632201235","2025 Dec 01 05:15:00 PM","GREENWOOD","10874","ALL OTHER","N"
"2025-352326","2025 Dec 01 09:05:12 PM","67629342157","2025 Dec 01 05:15:00 PM","GREENWOOD","10874","ALL OTHER","N"
"2025-352336","2025 Dec 01 06:45:43 PM","67637746009","2025 Dec 01 05:23:00 PM","MADRONA/LESCHI","1445","ALL OTHER","G"
"2025-352336","2025 Dec 01 06:45:43 PM","67629371650","2025 Dec 01 05:23:00 PM","MADRONA/LESCHI","1445","VIOLENT CRIME","G"
"2025-700586","2025 Dec 08 12:06:28 PM","67728409243","2025 Dec 01 05:25:00 PM","BITTERLAKE","12160","PROPERTY CRIME","N"
"2025-353024","2025 Dec 02 03:28:02 PM","67637601124","2025 Dec 01 05:30:00 PM","PHINNEY RIDGE","6658","PROPERTY CRIME","J"
"2025-352345","2025 Dec 01 09:23:28 PM","67629425020","2025 Dec 01 05:36:00 PM","CAPITOL HILL","5363","ALL OTHER","C"
"2025-352355","2025 Dec 01 07:33:35 PM","67629006569","2025 Dec 01 05:54:00 PM","NORTH BEACON HILL","6562","ALL OTHER","R"
"2025-352354","2025 Dec 01 06:20:54 PM","67628645492","2025 Dec 01 06:00:00 PM","FIRST HILL","3370","ALL OTHER","E"
"2025-921813","2025 Dec 06 01:25:57 PM","67704056395","2025 Dec 01 06:00:00 PM","QUEEN ANNE","7383","PROPERTY CRIME","Q"
"2025-352695","2025 Dec 02 06:13:04 AM","67632461238","2025 Dec 01 06:00:00 PM","LAKECITY","2532","PROPERTY CRIME","L"
"2025-352354","2025 Dec 01 06:20:54 PM","67631127773","2025 Dec 01 06:00:00 PM","FIRST HILL","3370","ALL OTHER","E"
"2025-352679","2025 Dec 02 09:01:55 PM","67639716824","2025 Dec 01 06:00:00 PM","CAPITOL HILL","REDACTED","VIOLENT CRIME","E"
"2025-922055","2025 Dec 10 12:32:16 PM","67757675493","2025 Dec 01 06:05:00 PM","UNKNOWN","9989","ALL OTHER","99"
"2025-353183","2025 Dec 02 03:47:05 PM","67637629049","2025 Dec 01 06:45:00 PM","ROOSEVELT/RAVENNA","174","PROPERTY CRIME","U"
"2025-921917","2025 Dec 09 09:09:07 AM","67741358020","2025 Dec 01 06:55:00 PM","DOWNTOWN COMMERCIAL","12795","ALL OTHER","K"
"2025-922018","2025 Dec 10 09:09:33 AM","67754352130","2025 Dec 01 07:00:00 PM","FIRST HILL","8140","PROPERTY CRIME","G"
"2025-354502","2025 Dec 03 07:24:20 PM","67659041649","2025 Dec 01 07:00:00 PM","ALASKA JUNCTION","REDACTED","VIOLENT CRIME","W"
"2025-352408","2025 Dec 01 08:57:25 PM","67629305007","2025 Dec 01 07:05:00 PM","GEORGETOWN","6142","ALL OTHER","O"
"2025-921885","2025 Dec 09 08:13:14 AM","67740649193","2025 Dec 01 07:20:00 PM","CENTRAL AREA/SQUIRE PARK","12237","PROPERTY CRIME","C"
"2025-352419","2025 Dec 01 10:14:25 PM","67629593095","2025 Dec 01 07:20:00 PM","CAPITOL HILL","3395","PROPERTY CRIME","C"
"2025-352420","2025 Dec 02 03:13:18 AM","67631731004","2025 Dec 01 07:22:00 PM","FIRST HILL","12321","VIOLENT CRIME","G"
"2025-363160","2025 Dec 12 05:21:59 AM","67775996532","2025 Dec 01 07:30:00 PM","NORTH BEACON HILL","2018","PROPERTY CRIME","R"
"2025-356333","2025 Dec 05 01:41:32 PM","67690493470","2025 Dec 01 07:30:00 PM","NORTH BEACON HILL","2684","PROPERTY CRIME","R"
"2025-352444","2025 Dec 02 12:17:19 AM","67631190087","2025 Dec 01 07:54:00 PM","ROOSEVELT/RAVENNA","10177","ALL OTHER","J"
"2025-921827","2025 Dec 06 01:56:12 PM","67704212287","2025 Dec 01 08:00:00 PM","MILLER PARK","1330","PROPERTY CRIME","C"
"2025-352455","2025 Dec 01 11:21:24 PM","67630722343","2025 Dec 01 08:22:00 PM","LAKECITY","10714","ALL OTHER","L"
"2025-352544","2025 Dec 01 11:43:58 PM","67630822933","2025 Dec 01 08:22:00 PM","LAKECITY","10714","ALL OTHER","L"
"2025-352459","2025 Dec 02 08:16:35 AM","67633578054","2025 Dec 01 08:31:00 PM","QUEEN ANNE","REDACTED","ALL OTHER","Q"
"2025-352522","2025 Dec 02 03:44:22 AM","67631827957","2025 Dec 01 09:00:00 PM","UNKNOWN","99","ALL OTHER","99"
"2025-700589","2025 Dec 08 12:35:05 PM","67728634981","2025 Dec 01 09:02:00 PM","BITTERLAKE","12160","PROPERTY CRIME","N"
"2025-353537","2025 Dec 03 03:03:46 AM","67642188579","2025 Dec 01 09:05:00 PM","CAPITOL HILL","REDACTED","ALL OTHER","E"
"2025-921804","2025 Dec 06 01:00:38 PM","67703914885","2025 Dec 01 09:10:00 PM","SLU/CASCADE","6223","PROPERTY CRIME","D"
"2025-352499","2025 Dec 01 11:38:31 PM","67630765587","2025 Dec 01 09:18:00 PM","FIRST HILL","6962","ALL OTHER","E"
"2025-353117","2025 Dec 02 04:48:38 PM","67638248450","2025 Dec 01 09:45:00 PM","CENTRAL AREA/SQUIRE PARK","13025","VIOLENT CRIME","G"
"2025-921916","2025 Dec 09 09:02:17 AM","67741217613","2025 Dec 01 09:54:00 PM","FIRST HILL","7624","PROPERTY CRIME","E"
"2025-921881","2025 Dec 09 08:09:56 AM","67740588254","2025 Dec 01 10:00:00 PM","MAGNOLIA","2637","PROPERTY CRIME","Q"
"2026-900795","2026 Jan 11 10:10:29 AM","68132824212","2025 Dec 01 10:09:00 PM","ALASKA JUNCTION","8480","ALL OTHER","W"
"2025-352543","2025 Dec 01 11:00:14 PM","67826254146","2025 Dec 01 10:31:00 PM","HIGH POINT","8483","ALL OTHER","F"
"2025-352545","2025 Dec 02 04:43:42 AM","67632023859","2025 Dec 01 10:33:00 PM","BELLTOWN","5142","ALL OTHER","D"
"2025-352556","2025 Dec 01 11:51:55 PM","67631085587","2025 Dec 01 10:54:00 PM","NORTHGATE","8909","ALL OTHER","N"
"2025-922024","2025 Dec 10 09:22:55 AM","67754459121","2025 Dec 01 11:00:00 PM","CENTRAL AREA/SQUIRE PARK","5858","ALL OTHER","G"
"2025-352558","2025 Dec 02 12:18:06 AM","67631165208","2025 Dec 01 11:04:00 PM","CAPITOL HILL","6229","ALL OTHER","E"
"2025-352558","2025 Dec 02 12:18:06 AM","67631590529","2025 Dec 01 11:04:00 PM","CAPITOL HILL","6229","ALL OTHER","E"
"2025-352568","2025 Dec 02 02:32:50 AM","67631625369","2025 Dec 01 11:26:00 PM","CAPITOL HILL","655","ALL OTHER","E"
"2025-352610","2025 Dec 02 02:21:23 AM","67631612755","2025 Dec 01 11:37:00 PM","NORTH BEACON HILL","7194","PROPERTY CRIME","R"
"2025-352577","2025 Dec 02 01:51:28 AM","67633243985","2025 Dec 01 11:43:00 PM","DOWNTOWN COMMERCIAL","2941","ALL OTHER","M"
"2025-352577","2025 Dec 02 01:51:28 AM","67631531877","2025 Dec 01 11:43:00 PM","DOWNTOWN COMMERCIAL","2941","PROPERTY CRIME","M"
"2025-352874","2025 Dec 02 10:09:20 AM","67634456495","2025 Dec 01 11:45:00 PM","BITTERLAKE","7718","PROPERTY CRIME","N"
"2025-352585","2025 Dec 02 05:52:53 AM","67632331978","2025 Dec 01 11:57:00 PM","FIRST HILL","4211","ALL OTHER","E"
"2025-352585","2025 Dec 02 05:52:53 AM","67632430108","2025 Dec 01 11:57:00 PM","DOWNTOWN COMMERCIAL","1022","ALL OTHER","K"
"2026-020215","2026 Jan 21 07:13:58 PM","68265501866","2025 Dec 02 12:00:00 AM","SOUTH DELRIDGE","5073","PROPERTY CRIME","F"
"2026-020215","2026 Jan 21 07:13:58 PM","68265507476","2025 Dec 02 12:00:00 AM","SOUTH DELRIDGE","5073","ALL OTHER","F"
"2025-352813","2025 Dec 02 09:04:30 AM","67633908483","2025 Dec 02 12:00:00 AM","RAINIER BEACH","4661","PROPERTY CRIME","S"
"2025-352926","2025 Dec 02 10:49:03 AM","67634815245","2025 Dec 02 12:00:00 AM","QUEEN ANNE","1139","ALL OTHER","Q"
"2025-353860","2025 Dec 03 09:26:25 AM","67654169987","2025 Dec 02 12:00:00 AM","WALLINGFORD","1351","PROPERTY CRIME","B"
"2026-020215","2026 Jan 21 07:13:58 PM","68265480152","2025 Dec 02 12:00:00 AM","SOUTH DELRIDGE","5073","ALL OTHER","F"
"2025-352890","2025 Dec 02 10:19:58 AM","67634583626","2025 Dec 02 12:00:00 AM","NORTH BEACON HILL","7193","PROPERTY CRIME","R"
"2025-352710","2025 Dec 02 06:21:03 AM","67632546007","2025 Dec 02 12:00:00 AM","BELLTOWN","2134","ALL OTHER","D"
"2025-353452","2025 Dec 02 08:22:26 PM","67639532369","2025 Dec 02 12:00:00 AM","CAPITOL HILL","REDACTED","ALL OTHER","E"
"2025-353309","2025 Dec 02 06:14:53 PM","67721321944","2025 Dec 02 12:00:00 AM","CAPITOL HILL","10944","ALL OTHER","E"
"2025-352813","2025 Dec 02 09:04:30 AM","67633901284","2025 Dec 02 12:00:00 AM","RAINIER BEACH","4661","ALL OTHER","S"
"2025-353309","2025 Dec 02 06:14:53 PM","67658678114","2025 Dec 02 12:00:00 AM","CAPITOL HILL","10944","PROPERTY CRIME","E"
"2026-013873","2026 Jan 15 10:31:08 AM","68187762645","2025 Dec 02 12:00:00 AM","QUEEN ANNE","10627","PROPERTY CRIME","D"
"2025-357187","2025 Dec 06 09:52:05 AM","67702912819","2025 Dec 02 12:00:00 AM","NORTHGATE","11447","ALL OTHER","L"
"2026-012926","2026 Jan 14 12:52:56 PM","68179497039","2025 Dec 02 12:00:00 AM","ALASKA JUNCTION","8480","ALL OTHER","W"
"2025-368965","2025 Dec 17 04:34:00 PM","67841857397","2025 Dec 02 12:00:00 AM","NEW HOLLY","1628","PROPERTY CRIME","S"
"2025-352890","2025 Dec 02 10:19:58 AM","67634577544","2025 Dec 02 12:00:00 AM","NORTH BEACON HILL","7193","ALL OTHER","R"
"2025-355604","2025 Dec 04 09:31:08 PM","67674858472","2025 Dec 02 12:00:00 AM","UNIVERSITY","10189","ALL OTHER","U"
"2025-359468","2025 Dec 08 05:11:09 PM","67730722345","2025 Dec 02 12:00:00 AM","NORTH ADMIRAL","5524","ALL OTHER","W"
"2025-362950","2025 Dec 11 10:08:14 PM","67821746445","2025 Dec 02 12:00:00 AM","ROOSEVELT/RAVENNA","4363","ALL OTHER","U"
"2025-362950","2025 Dec 11 10:08:14 PM","67771221839","2025 Dec 02 12:00:00 AM","ROOSEVELT/RAVENNA","4363","ALL OTHER","U"
"2025-923451","2025 Dec 29 09:39:24 AM","67973615363","2025 Dec 02 12:00:00 AM","SANDPOINT","2160","PROPERTY CRIME","U"
"2025-354838","2025 Dec 04 08:18:41 PM","67768821616","2025 Dec 02 12:00:00 AM","FIRST HILL","4211","PROPERTY CRIME","E"
"2026-022873","2026 Jan 24 10:34:41 AM","68295328090","2025 Dec 02 12:00:00 AM","BRIGHTON/DUNLAP","680","ALL OTHER","S"
"2026-900234","2026 Jan 04 09:10:58 AM","68045785394","2025 Dec 02 12:00:00 AM","FIRST HILL","11087","PROPERTY CRIME","E"
"2025-354004","2025 Dec 03 12:14:23 PM","67655530330","2025 Dec 02 12:01:00 AM","PHINNEY RIDGE","3050","PROPERTY CRIME","J"
"2025-352600","2025 Dec 02 12:53:14 AM","67631250356","2025 Dec 02 12:16:00 AM","MOUNT BAKER","6731","ALL OTHER","R"
"2025-354737","2025 Dec 04 01:54:48 AM","67661819053","2025 Dec 02 12:27:00 AM","SOUTH PARK","10482","PROPERTY CRIME","F"
"2025-352672","2025 Dec 02 05:34:28 AM","67632331733","2025 Dec 02 12:30:00 AM","SLU/CASCADE","12988","ALL OTHER","D"
"2025-352672","2025 Dec 02 05:34:28 AM","67632270390","2025 Dec 02 12:30:00 AM","SLU/CASCADE","12988","PROPERTY CRIME","D"
"2025-921877","2025 Dec 09 08:07:18 AM","67740557437","2025 Dec 02 01:00:00 AM","PHINNEY RIDGE","3050","PROPERTY CRIME","J"
"2025-921816","2025 Dec 06 01:49:41 PM","67704180600","2025 Dec 02 01:00:00 AM","FIRST HILL","3519","PROPERTY CRIME","E"
"2025-921901","2025 Dec 09 08:37:11 AM","67740930478","2025 Dec 02 01:08:00 AM","SLU/CASCADE","4497","PROPERTY CRIME","D"
"2025-921863","2025 Dec 09 07:59:52 AM","67740492556","2025 Dec 02 01:20:00 AM","BALLARD SOUTH","4848","PROPERTY CRIME","B"
"2025-921923","2025 Dec 09 11:02:12 AM","67742425802","2025 Dec 02 02:00:00 AM","SODO","1661","PROPERTY CRIME","O"
"2025-352709","2025 Dec 02 09:43:28 AM","67634278837","2025 Dec 02 02:00:00 AM","ALKI","5543","PROPERTY CRIME","W"
"2025-352795","2025 Dec 02 08:49:30 AM","67633738596","2025 Dec 02 02:40:00 AM","QUEEN ANNE","8487","PROPERTY CRIME","Q"
"2025-352659","2025 Dec 02 04:02:55 AM","67631897451","2025 Dec 02 02:43:00 AM","RAINIER VIEW","REDACTED","ALL OTHER","S"
"2025-352660","2025 Dec 02 03:24:16 AM","67631766199","2025 Dec 02 02:44:00 AM","QUEEN ANNE","3338","PROPERTY CRIME","Q"
"2025-352662","2025 Dec 02 04:23:37 AM","67631955279","2025 Dec 02 02:47:00 AM","CAPITOL HILL","REDACTED","ALL OTHER","E"
"2025-352671","2025 Dec 02 04:00:59 AM","67631885046","2025 Dec 02 02:50:00 AM","BITTERLAKE","5815","PROPERTY CRIME","N"
"2025-921936","2025 Dec 09 11:07:32 AM","67742477576","2025 Dec 02 03:00:00 AM","HIGHLAND PARK","12591","ALL OTHER","F"
"2025-358102","2025 Dec 07 10:08:25 AM","67714852143","2025 Dec 02 03:00:00 AM","MAGNOLIA","10911","PROPERTY CRIME","Q"
"2025-921858","2025 Dec 09 07:29:37 AM","67740058548","2025 Dec 02 03:00:00 AM","QUEEN ANNE","8943","PROPERTY CRIME","Q"
"2025-353198","2025 Dec 02 05:06:15 PM","67653148353","2025 Dec 02 03:00:00 AM","UNIVERSITY","5881","PROPERTY CRIME","U"
"2025-352702","2025 Dec 02 09:21:51 AM","67634173072","2025 Dec 02 03:00:00 AM","MAGNOLIA","4110","PROPERTY CRIME","Q"
"2025-352688","2025 Dec 02 04:44:26 AM","67641856469","2025 Dec 02 03:20:00 AM","CAPITOL HILL","REDACTED","ALL OTHER","E"
"2025-352688","2025 Dec 02 04:44:26 AM","67632022349","2025 Dec 02 03:20:00 AM","CAPITOL HILL","REDACTED","ALL OTHER","E"
"2025-921832","2025 Dec 07 07:07:11 AM","67714060608","2025 Dec 02 03:39:00 AM","BALLARD SOUTH","3848","PROPERTY CRIME","B"
"2025-921878","2025 Dec 09 08:08:06 AM","67740562464","2025 Dec 02 04:00:00 AM","UNIVERSITY","8317","PROPERTY CRIME","U"
"2025-921826","2025 Dec 06 01:55:18 PM","67704207769","2025 Dec 02 04:00:00 AM","HIGHLAND PARK","1589","PROPERTY CRIME","F"
"2025-352686","2025 Dec 02 05:47:14 AM","67632424037","2025 Dec 02 04:00:00 AM","ALASKA JUNCTION","3092","VIOLENT CRIME","W"
"2025-921882","2025 Dec 09 08:10:56 AM","67740617218","2025 Dec 02 04:00:00 AM","BALLARD SOUTH","12613","PROPERTY CRIME","B"
"2025-352683","2025 Dec 02 08:17:56 AM","67633438185","2025 Dec 02 04:02:00 AM","BELLTOWN","REDACTED","ALL OTHER","D"
"2025-352685","2025 Dec 04 02:43:17 PM","67696494552","2025 Dec 02 04:04:00 AM","BELLTOWN","2137","PROPERTY CRIME","D"
"2025-352847","2025 Dec 02 09:46:13 AM","67634255465","2025 Dec 02 04:30:00 AM","ALASKA JUNCTION","222","PROPERTY CRIME","W"
"2025-352690","2025 Dec 02 07:26:27 AM","67635324594","2025 Dec 02 04:37:00 AM","BITTERLAKE","5815","PROPERTY CRIME","N"
"2025-353021","2025 Dec 02 12:47:56 PM","67635831606","2025 Dec 02 05:00:00 AM","SLU/CASCADE","3061","PROPERTY CRIME","D"
"2025-921907","2025 Dec 09 08:39:41 AM","67740953367","2025 Dec 02 05:00:00 AM","UNIVERSITY","3441","PROPERTY CRIME","U"
"2025-352763","2025 Dec 02 07:50:18 AM","67633224124","2025 Dec 02 05:20:00 AM","BALLARD SOUTH","12614","PROPERTY CRIME","B"
"2025-353354","2025 Dec 02 05:37:29 PM","67638524238","2025 Dec 02 05:20:00 AM","GREENWOOD","2194","PROPERTY CRIME","N"
"2025-352705","2025 Dec 02 07:35:52 AM","67633015100","2025 Dec 02 05:25:00 AM","BALLARD SOUTH","8103","PROPERTY CRIME","B"
"2025-352705","2025 Dec 02 07:35:52 AM","67634511158","2025 Dec 02 05:28:00 AM","BALLARD SOUTH","8103","ALL OTHER","B"
"2025-352712","2025 Dec 02 10:00:47 AM","67634383543","2025 Dec 02 05:46:00 AM","ROXHILL/WESTWOOD/ARBOR HEIGHTS","REDACTED","ALL OTHER","F"
"2025-352712","2025 Dec 02 10:00:47 AM","67657343100","2025 Dec 02 05:46:00 AM","ROXHILL/WESTWOOD/ARBOR HEIGHTS","REDACTED","ALL OTHER","F"
"2025-352691","2025 Dec 11 01:15:08 PM","67767450788","2025 Dec 02 06:00:00 AM","HIGHLAND PARK","12591","ALL OTHER","F"
"2025-921820","2025 Dec 06 01:53:09 PM","67704197244","2025 Dec 02 06:10:00 AM","LAKEWOOD/SEWARD PARK","5419","PROPERTY CRIME","R"
"2025-352718","2025 Dec 02 08:42:56 AM","67633809462","2025 Dec 02 06:13:00 AM","CAPITOL HILL","3523","ALL OTHER","E"
"2025-352718","2025 Dec 02 08:42:56 AM","67633655687","2025 Dec 02 06:13:00 AM","CAPITOL HILL","3523","ALL OTHER","E"
"2025-296643","2025 Nov 30 01:12:29 PM","67635870783","2025 Dec 02 06:30:00 AM","UNKNOWN","REDACTED","ALL OTHER","99"
"2025-922075","2025 Dec 10 01:05:56 PM","67758096811","2025 Dec 02 06:35:00 AM","UNIVERSITY","4740","PROPERTY CRIME","U"
"2025-352734","2025 Dec 02 07:46:35 AM","67633135605","2025 Dec 02 07:00:00 AM","CHINATOWN/INTERNATIONAL DISTRICT","6358","VIOLENT CRIME","K"
"2025-352739","2025 Dec 02 09:16:42 AM","68058249024","2025 Dec 02 07:04:00 AM","CENTRAL AREA/SQUIRE PARK","REDACTED","ALL OTHER","C"
"2025-352739","2025 Dec 02 09:16:42 AM","67634004816","2025 Dec 02 07:04:00 AM","CENTRAL AREA/SQUIRE PARK","REDACTED","ALL OTHER","C"
"2025-355113","2025 Dec 04 01:20:01 PM","67672072575","2025 Dec 02 07:30:00 AM","SLU/CASCADE","11391","ALL OTHER","M"
"2025-355113","2025 Dec 04 01:20:01 PM","67671951716","2025 Dec 02 07:30:00 AM","SLU/CASCADE","11391","PROPERTY CRIME","M"
"2025-353272","2025 Dec 04 12:05:59 PM","67671154400","2025 Dec 02 07:30:00 AM","LAKECITY","12286","ALL OTHER","L"
"2025-352770","2025 Dec 02 09:59:12 AM","67634394616","2025 Dec 02 07:58:00 AM","MONTLAKE/PORTAGE BAY","4402","PROPERTY CRIME","C"
"2025-353474","2025 Dec 02 08:45:12 PM","67639637966","2025 Dec 02 08:00:00 AM","BALLARD SOUTH","5525","PROPERTY CRIME","B"
"2025-352843","2025 Dec 02 10:03:02 AM","67634466201","2025 Dec 02 08:07:00 AM","RAINIER BEACH","5840","VIOLENT CRIME","S"
"2025-352891","2025 Dec 03 11:44:03 AM","67655347623","2025 Dec 02 08:30:00 AM","NORTH DELRIDGE","2566","PROPERTY CRIME","F"
"2025-352840","2025 Dec 02 12:39:40 PM","67635753298","2025 Dec 02 09:27:00 AM","CHINATOWN/INTERNATIONAL DISTRICT","REDACTED","ALL OTHER","K"
"2025-352844","2025 Dec 02 10:48:59 AM","67634796347","2025 Dec 02 09:27:00 AM","HIGH POINT","REDACTED","ALL OTHER","F"
"2025-921817","2025 Dec 06 01:50:03 PM","67704181937","2025 Dec 02 10:00:00 AM","UNIVERSITY","743","PROPERTY CRIME","U"
"2025-352878","2025 Dec 02 11:25:50 AM","67897461660","2025 Dec 02 10:01:00 AM","MILLER PARK","5358","VIOLENT CRIME","C"
"2025-352906","2025 Dec 02 11:44:08 AM","67635262803","2025 Dec 02 10:19:00 AM","BALLARD SOUTH","1200","ALL OTHER","B"
"2025-355449","2025 Dec 04 06:17:42 PM","67673947379","2025 Dec 02 10:24:00 AM","QUEEN ANNE","6044","ALL OTHER","Q"
"2025-352929","2025 Dec 02 11:04:31 AM","67634992951","2025 Dec 02 10:24:00 AM","MADRONA/LESCHI","REDACTED","ALL OTHER","C"
"2025-352962","2025 Dec 02 11:28:59 AM","67635153540","2025 Dec 02 10:30:00 AM","MID BEACON HILL","11468","PROPERTY CRIME","R"
"2025-352948","2025 Dec 02 11:18:22 AM","67635066665","2025 Dec 02 10:30:00 AM","CENTRAL AREA/SQUIRE PARK","13025","PROPERTY CRIME","G"
"2025-352948","2025 Dec 02 11:18:22 AM","67671496088","2025 Dec 02 10:30:00 AM","CENTRAL AREA/SQUIRE PARK","13025","ALL OTHER","G"
"2025-352920","2025 Dec 02 01:24:56 PM","67636185666","2025 Dec 02 10:36:00 AM","DOWNTOWN COMMERCIAL","REDACTED","PROPERTY CRIME","K"
"2025-352920","2025 Dec 02 01:24:56 PM","67826536116","2025 Dec 02 10:36:00 AM","DOWNTOWN COMMERCIAL","REDACTED","ALL OTHER","K"
"2025-352920","2025 Dec 02 01:24:56 PM","67636197045","2025 Dec 02 10:36:00 AM","DOWNTOWN COMMERCIAL","REDACTED","ALL OTHER","K"
"2025-360407","2025 Dec 09 02:45:17 PM","67744581511","2025 Dec 02 11:00:00 AM","PHINNEY RIDGE","2204","PROPERTY CRIME","J"
"2025-353086","2025 Dec 02 01:24:57 PM","67636172822","2025 Dec 02 11:30:00 AM","SODO","4168","PROPERTY CRIME","O"
"2025-921884","2025 Dec 09 08:12:42 AM","67740645100","2025 Dec 02 11:37:00 AM","LAKECITY","6530","PROPERTY CRIME","L"
"2025-352986","2025 Dec 02 01:37:21 PM","67636347775","2025 Dec 02 11:42:00 AM","HIGH POINT","11030","ALL OTHER","F"
"2025-353428","2025 Dec 02 08:14:01 PM","67639509066","2025 Dec 02 11:45:00 AM","DOWNTOWN COMMERCIAL","4072","ALL OTHER","K"
"2025-352997","2025 Dec 03 11:59:47 PM","67661338112","2025 Dec 02 11:57:00 AM","BELLTOWN","REDACTED","ALL OTHER","D"
"2025-921860","2025 Dec 09 07:30:23 AM","67740063588","2025 Dec 02 11:58:00 AM","GEORGETOWN","11067","ALL OTHER","O"
"2025-357297","2025 Dec 06 05:41:25 PM","67705436460","2025 Dec 02 12:00:00 PM","ALASKA JUNCTION","12289","ALL OTHER","W"
"2025-921875","2025 Dec 09 08:06:31 AM","67740550232","2025 Dec 02 12:13:00 PM","BALLARD SOUTH","1199","PROPERTY CRIME","B"
"2025-352879","2025 Dec 02 01:19:34 PM","67636114734","2025 Dec 02 12:15:00 PM","CLAREMONT/RAINIER VISTA","REDACTED","ALL OTHER","R"
"2025-353027","2025 Dec 02 01:15:04 PM","67636063500","2025 Dec 02 12:20:00 PM","SLU/CASCADE","6018","ALL OTHER","D"
"2025-353037","2025 Dec 02 05:53:33 PM","67640657811","2025 Dec 02 12:42:00 PM","DOWNTOWN COMMERCIAL","REDACTED","ALL OTHER","M"
"2025-353037","2025 Dec 02 05:53:33 PM","67641579805","2025 Dec 02 12:42:00 PM","DOWNTOWN COMMERCIAL","REDACTED","ALL OTHER","M"
"2025-353037","2025 Dec 02 05:53:33 PM","67639964058","2025 Dec 02 12:42:00 PM","DOWNTOWN COMMERCIAL","REDACTED","ALL OTHER","M"
"2025-921869","2025 Dec 09 08:03:34 AM","67740523657","2025 Dec 02 12:47:00 PM","GEORGETOWN","6112","PROPERTY CRIME","O"
"2025-353046","2025 Dec 02 04:58:22 PM","67652389405","2025 Dec 02 12:49:00 PM","DOWNTOWN COMMERCIAL","7090","ALL OTHER","M"
"2025-353046","2025 Dec 02 04:58:22 PM","67638215550","2025 Dec 02 12:49:00 PM","DOWNTOWN COMMERCIAL","7090","ALL OTHER","M"
"2025-353069","2025 Dec 02 03:29:01 PM","67637577585","2025 Dec 02 01:05:00 PM","CAPITOL HILL","REDACTED","ALL OTHER","E"
"2025-353070","2025 Dec 02 07:54:01 PM","67639371376","2025 Dec 02 01:05:00 PM","NORTH DELRIDGE","11371","ALL OTHER","W"
"2025-353069","2025 Dec 02 03:29:01 PM","67637534643","2025 Dec 02 01:05:00 PM","CAPITOL HILL","REDACTED","ALL OTHER","E"
"2025-353113","2025 Dec 02 08:37:09 PM","67639616586","2025 Dec 02 01:31:00 PM","NEW HOLLY","1460","VIOLENT CRIME","S"
"2025-356047","2025 Dec 05 09:19:58 AM","67684164208","2025 Dec 02 01:31:00 PM","BRIGHTON/DUNLAP","REDACTED","ALL OTHER","S"
"2025-353136","2025 Dec 02 02:54:46 PM","67637223408","2025 Dec 02 01:52:00 PM","BELLTOWN","2938","PROPERTY CRIME","M"
"2025-353175","2025 Dec 02 02:52:28 PM","67637167225","2025 Dec 02 02:26:00 PM","CHINATOWN/INTERNATIONAL DISTRICT","3467","ALL OTHER","K"
"2025-353229","2025 Dec 02 10:18:10 PM","67640046617","2025 Dec 02 02:30:00 PM","ALASKA JUNCTION","12354","ALL OTHER","W"
"2025-354134","2025 Dec 03 01:57:07 PM","67656421909","2025 Dec 02 02:40:00 PM","DOWNTOWN COMMERCIAL","REDACTED","ALL OTHER","K"
"2025-353264","2025 Dec 02 03:59:27 PM","67637759917","2025 Dec 02 03:00:00 PM","NORTHGATE","7922","ALL OTHER","N"
"2025-923449","2025 Dec 29 09:38:29 AM","67973607685","2025 Dec 02 03:00:00 PM","QUEEN ANNE","8022","PROPERTY CRIME","Q"
"2025-353220","2025 Dec 03 11:07:23 AM","67655137437","2025 Dec 02 03:00:00 PM","DOWNTOWN COMMERCIAL","469","ALL OTHER","K"
"2025-353223","2025 Dec 02 05:39:12 PM","67638544934","2025 Dec 02 03:22:00 PM","CAPITOL HILL","REDACTED","ALL OTHER","E"
"2025-353228","2025 Dec 02 04:19:02 PM","67638432784","2025 Dec 02 03:32:00 PM","LAKECITY","REDACTED","ALL OTHER","L"
"2025-353238","2025 Dec 02 04:42:07 PM","67638110377","2025 Dec 02 03:39:00 PM","BITTERLAKE","12160","PROPERTY CRIME","N"
"2025-353240","2025 Dec 02 06:24:29 PM","67639498127","2025 Dec 02 03:40:00 PM","BALLARD SOUTH","12620","PROPERTY CRIME","B"
"2025-353249","2025 Dec 02 04:31:38 PM","67638025679","2025 Dec 02 03:48:00 PM","FIRST HILL","3145","PROPERTY CRIME","E"
"2025-353253","2025 Dec 02 07:57:33 PM","67639407054","2025 Dec 02 03:51:00 PM","PHINNEY RIDGE","REDACTED","ALL OTHER","B"
"2025-353260","2025 Dec 02 04:22:08 PM","67638062957","2025 Dec 02 03:57:00 PM","BELLTOWN","REDACTED","ALL OTHER","D"
"2025-921898","2025 Dec 09 08:20:54 AM","67740762757","2025 Dec 02 04:01:00 PM","LAKECITY","13044","PROPERTY CRIME","L"
"2025-353287","2025 Dec 02 05:46:31 PM","67638580496","2025 Dec 02 04:16:00 PM","NORTHGATE","6742","ALL OTHER","L"
"2025-353323","2025 Dec 02 07:47:20 PM","67639332232","2025 Dec 02 04:40:00 PM","CHINATOWN/INTERNATIONAL DISTRICT","REDACTED","ALL OTHER","K"
"2025-921891","2025 Dec 09 08:15:32 AM","67740666374","2025 Dec 02 04:44:00 PM","GREENWOOD","12335","PROPERTY CRIME","J"
"2025-921977","2025 Dec 10 07:54:33 AM","67753672147","2025 Dec 02 05:00:00 PM","CAPITOL HILL","3393","PROPERTY CRIME","E"
"2025-353328","2025 Dec 02 07:40:48 PM","67639375476","2025 Dec 02 05:04:00 PM","CHINATOWN/INTERNATIONAL DISTRICT","12048","ALL OTHER","K"
"2025-353328","2025 Dec 02 07:40:48 PM","67639378361","2025 Dec 02 05:04:00 PM","CHINATOWN/INTERNATIONAL DISTRICT","12048","ALL OTHER","K"
"2025-353439","2025 Dec 02 07:22:55 PM","67639189378","2025 Dec 02 05:22:00 PM","NORTHGATE","625","PROPERTY CRIME","N"
"2025-353349","2025 Dec 02 08:21:42 PM","67639579813","2025 Dec 02 05:28:00 PM","JUDKINS PARK/NORTH BEACON HILL","13024","VIOLENT CRIME","G"
"2025-921947","2025 Dec 09 12:52:18 PM","67743551156","2025 Dec 02 05:30:00 PM","DOWNTOWN COMMERCIAL","12715","PROPERTY CRIME","M"
"2025-921890","2025 Dec 09 08:15:10 AM","67740663234","2025 Dec 02 05:30:00 PM","CAPITOL HILL","3935","ALL OTHER","C"
"2025-921886","2025 Dec 09 08:13:37 AM","67740652177","2025 Dec 02 05:33:00 PM","CENTRAL AREA/SQUIRE PARK","4971","PROPERTY CRIME","G"
"2025-353356","2025 Dec 02 06:41:24 PM","67638943062","2025 Dec 02 05:36:00 PM","SLU/CASCADE","11121","ALL OTHER","D"
"2025-353364","2025 Dec 02 06:35:31 PM","67638934026","2025 Dec 02 05:41:00 PM","WALLINGFORD","2407","VIOLENT CRIME","B"
"2025-922605","2025 Dec 16 07:04:45 AM","67824111971","2025 Dec 02 05:45:00 PM","QUEEN ANNE","10506","PROPERTY CRIME","D"
"2025-921896","2025 Dec 09 08:18:28 AM","67740711457","2025 Dec 02 06:00:00 PM","QUEEN ANNE","12105","PROPERTY CRIME","D"
"2025-353458","2025 Dec 02 08:08:25 PM","67639465181","2025 Dec 02 06:00:00 PM","PHINNEY RIDGE","11075","PROPERTY CRIME","J"
"2025-921844","2025 Dec 08 07:52:29 AM","67725979424","2025 Dec 02 06:00:00 PM","BALLARD NORTH","876","PROPERTY CRIME","J"
"2025-922220","2025 Dec 12 07:36:49 AM","67778947261","2025 Dec 02 06:00:00 PM","MORGAN","422","ALL OTHER","W"
"2025-354178","2025 Dec 03 04:07:37 PM","67657839762","2025 Dec 02 06:00:00 PM","WALLINGFORD","1351","PROPERTY CRIME","B"
"2025-921895","2025 Dec 09 08:18:02 AM","67740703604","2025 Dec 02 06:00:00 PM","QUEEN ANNE","12105","PROPERTY CRIME","D"
"2025-921721","2025 Dec 05 01:23:30 PM","67690179622","2025 Dec 02 06:03:00 PM","NORTH BEACON HILL","10159","ALL OTHER","R"
"2025-353436","2025 Dec 02 08:19:02 PM","67639554034","2025 Dec 02 06:10:00 PM","HIGH POINT","4376","PROPERTY CRIME","F"
"2025-353849","2025 Dec 03 10:59:13 AM","67655118522","2025 Dec 02 06:15:00 PM","DOWNTOWN COMMERCIAL","12578","ALL OTHER","M"
"2025-353849","2025 Dec 03 10:59:13 AM","67655305694","2025 Dec 02 06:15:00 PM","DOWNTOWN COMMERCIAL","12578","PROPERTY CRIME","M"
"2025-353394","2025 Dec 04 12:10:12 AM","67663663905","2025 Dec 02 06:16:00 PM","SLU/CASCADE","REDACTED","ALL OTHER","D"
"2025-353401","2025 Dec 02 08:33:43 PM","67639572044","2025 Dec 02 06:18:00 PM","MONTLAKE/PORTAGE BAY","REDACTED","ALL OTHER","C"
"2025-353399","2025 Dec 02 07:53:43 PM","67639389402","2025 Dec 02 06:20:00 PM","FIRST HILL","4211","PROPERTY CRIME","E"
"2025-353405","2025 Dec 02 07:52:45 PM","67639437662","2025 Dec 02 06:22:00 PM","DOWNTOWN COMMERCIAL","REDACTED","ALL OTHER","K"
"2025-353405","2025 Dec 02 07:52:45 PM","67639466206","2025 Dec 02 06:22:00 PM","DOWNTOWN COMMERCIAL","REDACTED","ALL OTHER","K"
"2025-353405","2025 Dec 02 07:52:45 PM","67639491429","2025 Dec 02 06:22:00 PM","DOWNTOWN COMMERCIAL","REDACTED","ALL OTHER","K"
"2025-353407","2025 Dec 02 07:40:08 PM","67639344628","2025 Dec 02 06:22:00 PM","UNIVERSITY","10191","ALL OTHER","U"
"2025-921937","2025 Dec 09 11:09:27 AM","67742494142","2025 Dec 02 06:27:00 PM","SLU/CASCADE","6610","ALL OTHER","D"
"2025-353519","2025 Dec 02 09:26:29 PM","67639847782","2025 Dec 02 06:30:00 PM","MONTLAKE/PORTAGE BAY","7057","ALL OTHER","C"
"2025-353417","2025 Dec 02 08:22:57 PM","67639525868","2025 Dec 02 06:30:00 PM","BITTERLAKE","12160","PROPERTY CRIME","N"
"2025-353421","2025 Dec 02 08:08:19 PM","67639464993","2025 Dec 02 06:39:00 PM","SANDPOINT","447","PROPERTY CRIME","U"
"2025-921894","2025 Dec 09 08:17:40 AM","67740695677","2025 Dec 02 06:40:00 PM","QUEEN ANNE","12105","PROPERTY CRIME","D"
"2025-700600","2025 Dec 17 01:36:15 PM","67840353985","2025 Dec 02 06:45:00 PM","ROOSEVELT/RAVENNA","2056","PROPERTY CRIME","U"
"2025-354458","2025 Dec 03 07:21:09 PM","67659036491","2025 Dec 02 07:00:00 PM","NORTHGATE","4588","PROPERTY CRIME","L"
"2025-922681","2025 Dec 16 01:21:21 PM","67828381273","2025 Dec 02 07:18:00 PM","QUEEN ANNE","3587","PROPERTY CRIME","D"
"2025-353447","2025 Dec 02 09:15:42 PM","67639911446","2025 Dec 02 07:18:00 PM","QUEEN ANNE","7185","PROPERTY CRIME","Q"
"2025-354030","2025 Dec 03 12:01:27 PM","67655441486","2025 Dec 02 07:30:00 PM","SOUTH DELRIDGE","12178","PROPERTY CRIME","F"
"2025-353452","2025 Dec 02 08:22:26 PM","67639514018","2025 Dec 02 07:31:00 PM","CAPITOL HILL","REDACTED","ALL OTHER","E"
"2025-921892","2025 Dec 09 08:16:39 AM","67740686696","2025 Dec 02 07:35:00 PM","FREMONT","4993","PROPERTY CRIME","B"
"2025-353462","2025 Dec 03 12:16:57 AM","67641630056","2025 Dec 02 07:46:00 PM","RAINIER VIEW","4384","ALL OTHER","S"
"2025-353462","2025 Dec 03 12:16:57 AM","67641632121","2025 Dec 02 07:46:00 PM","RAINIER VIEW","4384","ALL OTHER","S"
"2025-353791","2025 Dec 03 08:13:37 AM","67653545391","2025 Dec 02 08:00:00 PM","JUDKINS PARK/NORTH BEACON HILL","4345","ALL OTHER","G"
"2025-921992","2025 Dec 10 08:19:17 AM","67753873248","2025 Dec 02 08:00:00 PM","SLU/CASCADE","7123","PROPERTY CRIME","D"
"2025-357322","2025 Dec 06 03:59:22 PM","67704877663","2025 Dec 02 08:00:00 PM","CAPITOL HILL","REDACTED","ALL OTHER","E"
"2025-353477","2025 Dec 02 11:04:17 PM","67653557622","2025 Dec 02 08:00:00 PM","SOUTH PARK","REDACTED","ALL OTHER","F"
"2025-353477","2025 Dec 02 11:04:17 PM","67640652069","2025 Dec 02 08:00:00 PM","SOUTH PARK","REDACTED","ALL OTHER","F"
"2025-354569","2025 Dec 04 12:31:58 AM","67661478654","2025 Dec 02 08:17:00 PM","FIRST HILL","REDACTED","VIOLENT CRIME","G"
"2025-921377","2025 Dec 03 11:07:26 AM","67654963253","2025 Dec 02 08:20:00 PM","QUEEN ANNE","7989","ALL OTHER","Q"
"2025-353480","2025 Dec 02 11:47:29 PM","67684074502","2025 Dec 02 08:23:00 PM","MADRONA/LESCHI","12248","PROPERTY CRIME","G"
"2025-353490","2025 Dec 02 09:35:58 PM","67836944824","2025 Dec 02 08:29:00 PM","MAGNOLIA","5407","ALL OTHER","Q"
"2025-353490","2025 Dec 02 09:35:58 PM","67639904843","2025 Dec 02 08:29:00 PM","MAGNOLIA","5407","ALL OTHER","Q"
"2025-353881","2025 Dec 03 09:57:54 AM","67654536018","2025 Dec 02 08:30:00 PM","BITTERLAKE","2623","PROPERTY CRIME","N"
"2025-353881","2025 Dec 03 09:57:54 AM","67659904285","2025 Dec 02 08:30:00 PM","BITTERLAKE","2623","PROPERTY CRIME","N"
"2025-353498","2025 Dec 02 08:59:21 PM","67653912402","2025 Dec 02 08:35:00 PM","HIGHLAND PARK","8976","ALL OTHER","F"
"2025-353498","2025 Dec 02 08:59:21 PM","67639721978","2025 Dec 02 08:35:00 PM","HIGHLAND PARK","4150","ALL OTHER","F"
"2025-353523","2025 Dec 02 10:13:09 PM","67640055029","2025 Dec 02 08:45:00 PM","WALLINGFORD","1723","PROPERTY CRIME","B"
"2025-353558","2025 Dec 02 10:36:03 PM","67640106467","2025 Dec 02 09:00:00 PM","ROOSEVELT/RAVENNA","13077","ALL OTHER","U"
"2025-353518","2025 Dec 03 02:42:41 AM","67642127893","2025 Dec 02 09:02:00 PM","CHINATOWN/INTERNATIONAL DISTRICT","3309","ALL OTHER","K"
"2025-353539","2025 Dec 02 10:49:48 PM","67640208828","2025 Dec 02 09:25:00 PM","LAKECITY","11182","VIOLENT CRIME","L"
"2025-353539","2025 Dec 02 10:49:48 PM","67640649965","2025 Dec 02 09:25:00 PM","LAKECITY","11182","ALL OTHER","L"
"2025-353539","2025 Dec 02 10:49:48 PM","67640665854","2025 Dec 02 09:25:00 PM","LAKECITY","11182","ALL OTHER","L"
"2025-353837","2025 Dec 03 09:01:41 AM","67653958236","2025 Dec 02 10:00:00 PM","UNIVERSITY","5904","PROPERTY CRIME","U"
"2025-353563","2025 Dec 02 11:02:57 PM","67640207467","2025 Dec 02 10:06:00 PM","CAPITOL HILL","REDACTED","ALL OTHER","E"
"2025-353563","2025 Dec 02 11:02:57 PM","67640204835","2025 Dec 02 10:06:00 PM","CAPITOL HILL","REDACTED","ALL OTHER","E"
"2025-353563","2025 Dec 02 11:02:57 PM","67640209173","2025 Dec 02 10:06:00 PM","CAPITOL HILL","REDACTED","ALL OTHER","E"
"2025-921904","2025 Dec 09 08:38:19 AM","67740939777","2025 Dec 02 10:10:00 PM","FREMONT","3208","PROPERTY CRIME","B"
"2025-353575","2025 Dec 03 03:05:45 AM","67642891527","2025 Dec 02 10:28:00 PM","FIRST HILL","REDACTED","ALL OTHER","G"
"2025-353580","2025 Dec 03 05:38:30 AM","67651889950","2025 Dec 02 10:48:00 PM","QUEEN ANNE","REDACTED","ALL OTHER","Q"
"2025-353580","2025 Dec 03 05:38:30 AM","67654074124","2025 Dec 02 10:48:00 PM","QUEEN ANNE","REDACTED","ALL OTHER","Q"
"2025-353580","2025 Dec 03 05:38:30 AM","67683590870","2025 Dec 02 10:48:00 PM","QUEEN ANNE","REDACTED","ALL OTHER","Q"
"2025-353581","2025 Dec 02 11:42:02 PM","67641337632","2025 Dec 02 10:50:00 PM","CHINATOWN/INTERNATIONAL DISTRICT","645","ALL OTHER","K"
"2025-353584","2025 Dec 03 12:00:20 AM","67641602663","2025 Dec 02 10:53:00 PM","CAPITOL HILL","REDACTED","ALL OTHER","E"
"2025-921375","2025 Dec 03 11:00:55 AM","67654906953","2025 Dec 02 11:00:00 PM","DOWNTOWN COMMERCIAL","10326","ALL OTHER","M"
"2025-922004","2025 Dec 10 08:45:16 AM","67754142393","2025 Dec 02 11:18:00 PM","SLU/CASCADE","3698","PROPERTY CRIME","D"
"2025-353611","2025 Dec 03 02:39:06 AM","67642138070","2025 Dec 02 11:51:00 PM","JUDKINS PARK/NORTH BEACON HILL","REDACTED","ALL OTHER","G"
"2025-323689","2026 Jan 06 01:04:45 PM","68074350192","2025 Dec 02 11:59:00 PM","BALLARD NORTH","7478","ALL OTHER","J"
"2025-922682","2025 Dec 16 01:21:39 PM","67828384022","2025 Dec 03 12:00:00 AM","QUEEN ANNE","11218","PROPERTY CRIME","Q"
"2025-361722","2025 Dec 10 07:09:11 PM","67760759027","2025 Dec 03 12:00:00 AM","FIRST HILL","7620","PROPERTY CRIME","E"
"2025-362963","2025 Dec 11 10:54:05 PM","67771356145","2025 Dec 03 12:00:00 AM","HIGHLAND PARK","3401","ALL OTHER","F"
"2025-363283","2025 Dec 12 08:52:44 AM","67779588262","2025 Dec 03 12:00:00 AM","QUEEN ANNE","8487","PROPERTY CRIME","Q"
"2025-359621","2025 Dec 08 06:47:34 PM","67731266351","2025 Dec 03 12:00:00 AM","MADISON PARK","10679","PROPERTY CRIME","C"
"2025-357222","2025 Dec 06 11:33:09 AM","67703467877","2025 Dec 03 12:00:00 AM","CHINATOWN/INTERNATIONAL DISTRICT","12048","PROPERTY CRIME","K"
"2025-354073","2025 Dec 03 04:05:10 PM","67657977974","2025 Dec 03 12:00:00 AM","BALLARD NORTH","REDACTED","ALL OTHER","J"
"2026-012230","2026 Jan 13 06:42:34 PM","68166233819","2025 Dec 03 12:00:00 AM","NORTHGATE","7491","PROPERTY CRIME","N"
"2026-009242","2026 Jan 10 08:25:38 PM","68128678099","2025 Dec 03 12:00:00 AM","MOUNT BAKER","8390","ALL OTHER","R"
"2025-357138","2025 Dec 06 08:31:05 AM","67702565400","2025 Dec 03 12:00:00 AM","UNIVERSITY","10598","PROPERTY CRIME","U"
"2025-354329","2025 Dec 03 05:43:22 PM","67658526588","2025 Dec 03 12:00:00 AM","RAINIER BEACH","REDACTED","ALL OTHER","S"
"2025-357507","2025 Dec 06 09:15:26 PM","67706691480","2025 Dec 03 12:00:00 AM","EASTLAKE - WEST","10365","PROPERTY CRIME","D"
"2025-368466","2025 Dec 17 07:36:37 AM","67836805395","2025 Dec 03 12:00:00 AM","BRIGHTON/DUNLAP","346","PROPERTY CRIME","S"
"2025-355887","2025 Dec 05 11:40:00 AM","67686160079","2025 Dec 03 12:00:00 AM","UNIVERSITY","3441","PROPERTY CRIME","U"
"2025-922208","2025 Dec 11 01:39:54 PM","67767665011","2025 Dec 03 12:00:00 AM","GREENWOOD","1825","PROPERTY CRIME","J"
"2025-921908","2025 Dec 09 08:40:05 AM","67740956293","2025 Dec 03 12:00:00 AM","CHINATOWN/INTERNATIONAL DISTRICT","12048","PROPERTY CRIME","K"
"2025-358245","2025 Dec 07 12:22:16 PM","67715497626","2025 Dec 03 12:00:00 AM","BELLTOWN","8887","PROPERTY CRIME","D"
"2025-362760","2025 Dec 11 09:41:54 PM","67771053726","2025 Dec 03 12:00:00 AM","SANDPOINT","4663","ALL OTHER","U"
"2025-354396","2025 Dec 03 06:51:54 PM","67658871873","2025 Dec 03 12:00:00 AM","CAPITOL HILL","659","PROPERTY CRIME","E"
"2025-355234","2025 Dec 04 03:21:45 PM","67672880085","2025 Dec 03 12:01:00 AM","SLU/CASCADE","720","PROPERTY CRIME","D"
"2025-356615","2025 Dec 05 06:11:38 PM","67692957005","2025 Dec 03 12:01:00 AM","MAGNOLIA","8032","PROPERTY CRIME","Q"
"2025-353694","2025 Dec 03 05:06:01 AM","67649809729","2025 Dec 03 12:01:00 AM","GREENWOOD","12341","PROPERTY CRIME","J"
"2025-353621","2025 Dec 03 12:49:44 AM","67649778796","2025 Dec 03 12:20:00 AM","NORTHGATE","2834","ALL OTHER","N"
"2025-353621","2025 Dec 03 12:49:44 AM","67641693303","2025 Dec 03 12:20:00 AM","NORTHGATE","2834","ALL OTHER","N"
"2025-353623","2025 Dec 03 01:51:02 AM","67642003817","2025 Dec 03 12:21:00 AM","QUEEN ANNE","REDACTED","ALL OTHER","Q"
"2025-353630","2025 Dec 03 02:55:52 AM","67642166760","2025 Dec 03 12:33:00 AM","BELLTOWN","8889","ALL OTHER","D"
"2025-353610","2025 Dec 03 02:29:39 AM","67642108456","2025 Dec 03 12:35:00 AM","ROOSEVELT/RAVENNA","REDACTED","ALL OTHER","U"
"2025-353610","2025 Dec 03 02:29:39 AM","67642101523","2025 Dec 03 12:35:00 AM","ROOSEVELT/RAVENNA","REDACTED","ALL OTHER","U"
"2025-353864","2025 Dec 03 09:34:35 AM","67654207792","2025 Dec 03 01:00:00 AM","BALLARD SOUTH","7592","PROPERTY CRIME","B"
"2025-922715","2025 Dec 17 07:22:25 AM","67836692722","2025 Dec 03 01:00:00 AM","BALLARD NORTH","266","ALL OTHER","J"
"2025-921841","2025 Dec 08 07:44:32 AM","67725916469","2025 Dec 03 01:01:00 AM","CHINATOWN/INTERNATIONAL DISTRICT","4115","PROPERTY CRIME","K"
"2025-353642","2025 Dec 03 03:40:20 AM","67648922583","2025 Dec 03 01:03:00 AM","QUEEN ANNE","10386","ALL OTHER","Q"
"2025-353642","2025 Dec 03 03:40:20 AM","67648815154","2025 Dec 03 01:03:00 AM","QUEEN ANNE","10386","ALL OTHER","Q"
"2025-353642","2025 Dec 03 03:40:20 AM","67648819561","2025 Dec 03 01:03:00 AM","QUEEN ANNE","10386","ALL OTHER","Q"
"2025-353642","2025 Dec 03 03:40:20 AM","67648812807","2025 Dec 03 01:03:00 AM","QUEEN ANNE","10386","ALL OTHER","Q"
"2025-923446","2025 Dec 29 08:43:34 AM","67973119600","2025 Dec 03 01:06:00 AM","SLU/CASCADE","3937","ALL OTHER","D"
"2025-353647","2025 Dec 03 02:15:12 AM","67642075101","2025 Dec 03 01:13:00 AM","ROOSEVELT/RAVENNA","8532","ALL OTHER","J"
"2025-922039","2025 Dec 10 11:29:26 AM","67755833611","2025 Dec 03 01:16:00 AM","CAPITOL HILL","13064","PROPERTY CRIME","E"
"2025-353653","2025 Dec 03 01:50:34 AM","67642009621","2025 Dec 03 01:30:00 AM","DOWNTOWN COMMERCIAL","10945","ALL OTHER","K"
"2025-353876","2025 Dec 03 11:26:31 AM","67655263827","2025 Dec 03 01:30:00 AM","BALLARD SOUTH","7592","PROPERTY CRIME","B"
"2025-356390","2025 Dec 05 03:50:54 PM","67692093772","2025 Dec 03 01:45:00 AM","NORTH BEACON HILL","REDACTED","PROPERTY CRIME","R"
"2025-353660","2025 Dec 03 03:15:38 AM","67642819607","2025 Dec 03 01:53:00 AM","LAKECITY","11105","PROPERTY CRIME","L"
"2025-353666","2025 Dec 03 03:03:46 AM","67642187052","2025 Dec 03 01:59:00 AM","SODO","1182","PROPERTY CRIME","O"
"2025-921902","2025 Dec 09 08:37:32 AM","67740932815","2025 Dec 03 02:00:00 AM","WALLINGFORD","2148","PROPERTY CRIME","B"
"2025-921966","2025 Dec 09 01:44:55 PM","67744011623","2025 Dec 03 02:00:00 AM","BELLTOWN","10196","PROPERTY CRIME","D"
"2025-353663","2025 Dec 03 03:18:09 AM","67642838577","2025 Dec 03 02:03:00 AM","MAGNOLIA","5407","PROPERTY CRIME","Q"
"2025-353663","2025 Dec 03 03:18:09 AM","67643034672","2025 Dec 03 02:03:00 AM","MAGNOLIA","5407","ALL OTHER","Q"
"2025-921979","2025 Dec 10 07:56:20 AM","67753685913","2025 Dec 03 02:05:00 AM","BELLTOWN","10196","PROPERTY CRIME","D"
"2025-353670","2025 Dec 03 03:13:12 AM","67642802781","2025 Dec 03 02:24:00 AM","FREMONT","1086","PROPERTY CRIME","B"
"2025-353674","2025 Dec 03 07:58:29 AM","67653409387","2025 Dec 03 02:30:00 AM","QUEEN ANNE","8119","PROPERTY CRIME","Q"
"2025-353673","2025 Dec 03 06:20:56 AM","67652375624","2025 Dec 03 02:33:00 AM","NORTHGATE","533","VIOLENT CRIME","L"
"2025-353683","2025 Dec 03 03:42:49 AM","67648817025","2025 Dec 03 02:53:00 AM","MORGAN","541","PROPERTY CRIME","W"
"2025-921938","2025 Dec 09 11:10:47 AM","67742504542","2025 Dec 03 03:00:00 AM","FREMONT","10406","PROPERTY CRIME","B"
"2025-921930","2025 Dec 09 11:05:04 AM","67742452805","2025 Dec 03 03:00:00 AM","FREMONT","12370","PROPERTY CRIME","B"
"2025-353802","2025 Dec 03 08:45:43 AM","67653757432","2025 Dec 03 03:00:00 AM","QUEEN ANNE","4670","PROPERTY CRIME","Q"
"2025-921842","2025 Dec 08 07:50:49 AM","67725961485","2025 Dec 03 03:15:00 AM","ALKI","312","PROPERTY CRIME","W"
"2025-353690","2025 Dec 03 04:23:41 AM","67649659923","2025 Dec 03 03:21:00 AM","CAPITOL HILL","1043","ALL OTHER","C"
"2025-354338","2025 Dec 03 06:34:43 PM","67658846670","2025 Dec 03 03:42:00 AM","ALKI","8453","ALL OTHER","W"
"2025-354338","2025 Dec 03 06:34:43 PM","67658806615","2025 Dec 03 03:42:00 AM","ALKI","8453","PROPERTY CRIME","W"
"2025-353695","2025 Dec 03 07:46:00 PM","67659147449","2025 Dec 03 03:48:00 AM","ALKI","312","PROPERTY CRIME","W"
"2025-921940","2025 Dec 09 11:11:47 AM","67742512881","2025 Dec 03 04:26:00 AM","BALLARD SOUTH","12228","PROPERTY CRIME","B"
"2025-353710","2025 Dec 03 06:11:08 AM","67749450809","2025 Dec 03 04:54:00 AM","DOWNTOWN COMMERCIAL","6967","ALL OTHER","K"
"2025-353710","2025 Dec 03 06:11:08 AM","67749446215","2025 Dec 03 04:54:00 AM","DOWNTOWN COMMERCIAL","6967","ALL OTHER","K"
"2025-353710","2025 Dec 03 06:11:08 AM","67652336124","2025 Dec 03 04:54:00 AM","DOWNTOWN COMMERCIAL","6967","ALL OTHER","K"
"2025-921843","2025 Dec 08 07:51:43 AM","67725968935","2025 Dec 03 05:01:00 AM","BALLARD SOUTH","7092","ALL OTHER","B"
"2025-353717","2025 Dec 03 07:09:54 AM","67652987869","2025 Dec 03 05:38:00 AM","FIRST HILL","REDACTED","ALL OTHER","G"
"2025-353718","2025 Dec 03 07:27:21 AM","67653079938","2025 Dec 03 05:42:00 AM","FREMONT","REDACTED","ALL OTHER","B"
"2025-354815","2025 Dec 04 07:38:18 AM","67667729910","2025 Dec 03 06:00:00 AM","SLU/CASCADE","REDACTED","VIOLENT CRIME","D"
"2025-354765","2025 Dec 04 05:51:31 AM","67666405727","2025 Dec 03 06:00:00 AM","ROOSEVELT/RAVENNA","8855","PROPERTY CRIME","J"
"2025-921913","2025 Dec 09 08:57:17 AM","67741152092","2025 Dec 03 06:10:00 AM","UNIVERSITY","8509","PROPERTY CRIME","U"
"2025-354765","2025 Dec 04 05:51:31 AM","67666487136","2025 Dec 03 06:30:00 AM","ROOSEVELT/RAVENNA","8855","ALL OTHER","J"
"2025-353741","2025 Dec 03 08:54:19 AM","67653888283","2025 Dec 03 06:30:00 AM","DOWNTOWN COMMERCIAL","10909","PROPERTY CRIME","M"
"2025-353870","2025 Dec 03 10:08:38 AM","67669747734","2025 Dec 03 06:45:00 AM","SODO","8018","PROPERTY CRIME","O"
"2025-353870","2025 Dec 03 10:08:38 AM","67654480194","2025 Dec 03 06:45:00 AM","SODO","8018","PROPERTY CRIME","O"
"2025-354208","2025 Dec 03 03:05:11 PM","67657341587","2025 Dec 03 07:18:00 AM","ROOSEVELT/RAVENNA","11363","ALL OTHER","U"
"2025-353760","2025 Dec 03 09:53:04 AM","67654363885","2025 Dec 03 07:22:00 AM","SLU/CASCADE","REDACTED","ALL OTHER","D"
"2025-922007","2025 Dec 10 08:46:35 AM","67754152467","2025 Dec 03 07:30:00 AM","SANDPOINT","3543","PROPERTY CRIME","U"
"2025-921931","2025 Dec 09 11:05:35 AM","67742458479","2025 Dec 03 07:30:00 AM","CHINATOWN/INTERNATIONAL DISTRICT","1470","ALL OTHER","K"
"2025-353768","2025 Dec 03 08:46:30 AM","67654959984","2025 Dec 03 07:37:00 AM","BALLARD SOUTH","REDACTED","ALL OTHER","B"
"2025-354241","2025 Dec 03 04:37:14 PM","67658038730","2025 Dec 03 07:46:00 AM","CLAREMONT/RAINIER VISTA","10410","PROPERTY CRIME","R"
"2025-354833","2025 Dec 04 07:18:19 AM","67669749219","2025 Dec 03 08:00:00 AM","GEORGETOWN","3038","PROPERTY CRIME","O"
"2025-354314","2025 Dec 03 04:50:06 PM","67658327694","2025 Dec 03 08:00:00 AM","SODO","6317","PROPERTY CRIME","O"
"2025-923283","2025 Dec 28 10:31:04 AM","67966031835","2025 Dec 03 08:00:00 AM","NORTH BEACON HILL","2076","PROPERTY CRIME","R"
"2025-353796","2025 Dec 03 08:19:18 AM","67653535034","2025 Dec 03 08:10:00 AM","SOUTH PARK","3069","PROPERTY CRIME","F"
"2025-353803","2025 Dec 03 12:52:50 PM","67656111540","2025 Dec 03 08:17:00 AM","SLU/CASCADE","10091","ALL OTHER","D"
"2025-353803","2025 Dec 03 12:52:50 PM","67655982059","2025 Dec 03 08:17:00 AM","SLU/CASCADE","10091","VIOLENT CRIME","D"
"2025-353803","2025 Dec 03 12:52:50 PM","67656117960","2025 Dec 03 08:17:00 AM","SLU/CASCADE","10091","ALL OTHER","D"
"2025-353804","2025 Dec 03 09:42:45 AM","67654299326","2025 Dec 03 08:18:00 AM","LAKECITY","REDACTED","VIOLENT CRIME","L"
"2025-921970","2025 Dec 09 01:46:44 PM","67744028322","2025 Dec 03 08:30:00 AM","MAGNOLIA","2676","PROPERTY CRIME","Q"
"2025-353828","2025 Dec 03 10:27:04 AM","67654637061","2025 Dec 03 08:44:00 AM","CAPITOL HILL","356","PROPERTY CRIME","E"
"2025-353833","2025 Dec 03 10:13:30 AM","67654577414","2025 Dec 03 08:53:00 AM","BELLTOWN","12712","ALL OTHER","D"
"2026-901185","2026 Jan 26 10:47:08 AM","68312963171","2025 Dec 03 09:00:00 AM","QUEEN ANNE","102","PROPERTY CRIME","D"
"2025-353844","2025 Dec 03 06:31:49 PM","67658789849","2025 Dec 03 09:04:00 AM","ALASKA JUNCTION","5334","ALL OTHER","W"
"2025-353844","2025 Dec 03 06:31:49 PM","67658759387","2025 Dec 03 09:04:00 AM","ALASKA JUNCTION","5334","ALL OTHER","W"
"2025-353851","2025 Dec 03 10:37:46 AM","67839435218","2025 Dec 03 09:14:00 AM","UNIVERSITY","6718","ALL OTHER","U"
"2025-353866","2025 Dec 03 10:05:54 AM","67837641634","2025 Dec 03 09:26:00 AM","DOWNTOWN COMMERCIAL","3166","ALL OTHER","M"
"2025-353866","2025 Dec 03 10:05:54 AM","67654458112","2025 Dec 03 09:26:00 AM","DOWNTOWN COMMERCIAL","3166","ALL OTHER","M"
"2025-353869","2025 Dec 03 09:44:00 AM","67654287494","2025 Dec 03 09:30:00 AM","CENTRAL AREA/SQUIRE PARK","1906","PROPERTY CRIME","C"
"2025-353893","2025 Dec 03 12:25:39 PM","67655665403","2025 Dec 03 09:54:00 AM","CLAREMONT/RAINIER VISTA","4225","VIOLENT CRIME","R"
"2025-921378","2025 Dec 03 11:07:47 AM","67654966010","2025 Dec 03 10:16:00 AM","NORTH DELRIDGE","12461","ALL OTHER","F"
"2025-353926","2025 Dec 03 11:30:56 AM","67655169875","2025 Dec 03 10:29:00 AM","BALLARD NORTH","5084","ALL OTHER","J"
"2025-922416","2025 Dec 14 07:12:17 AM","67803542127","2025 Dec 03 10:30:00 AM","QUEEN ANNE","5814","PROPERTY CRIME","Q"
"2025-354475","2025 Dec 03 08:42:10 PM","67659443237","2025 Dec 03 11:02:00 AM","BALLARD SOUTH","8101","PROPERTY CRIME","B"
"2025-923376","2025 Dec 28 01:06:51 PM","67966809276","2025 Dec 03 11:56:00 AM","BELLTOWN","8958","PROPERTY CRIME","D"
"2025-922452","2025 Dec 14 08:06:23 AM","67803734417","2025 Dec 03 12:00:00 PM","UNIVERSITY","2161","PROPERTY CRIME","U"
"2025-922041","2025 Dec 10 11:30:08 AM","67755847735","2025 Dec 03 12:00:00 PM","MAGNOLIA","4273","PROPERTY CRIME","Q"
"2025-354207","2025 Dec 03 04:47:23 PM","67658081863","2025 Dec 03 12:03:00 PM","CAPITOL HILL","3396","ALL OTHER","E"
"2025-354040","2025 Dec 04 05:59:49 PM","67673800752","2025 Dec 03 12:03:00 PM","CAPITOL HILL","3396","ALL OTHER","E"
"2025-922635","2025 Dec 16 10:27:24 AM","67826600759","2025 Dec 03 12:05:00 PM","UNIVERSITY","1972","PROPERTY CRIME","U"
"2025-354076","2025 Dec 03 02:42:15 PM","67657696614","2025 Dec 03 12:26:00 PM","CHINATOWN/INTERNATIONAL DISTRICT","5110","ALL OTHER","K"
"2025-354076","2025 Dec 03 02:42:15 PM","67657440648","2025 Dec 03 12:26:00 PM","CHINATOWN/INTERNATIONAL DISTRICT","5110","ALL OTHER","K"
"2025-354076","2025 Dec 03 02:42:15 PM","67657473767","2025 Dec 03 12:26:00 PM","CHINATOWN/INTERNATIONAL DISTRICT","5110","ALL OTHER","K"
"2025-354076","2025 Dec 03 02:42:15 PM","67657509001","2025 Dec 03 12:26:00 PM","CHINATOWN/INTERNATIONAL DISTRICT","5110","ALL OTHER","K"
"2025-354076","2025 Dec 03 02:42:15 PM","67657519596","2025 Dec 03 12:26:00 PM","CHINATOWN/INTERNATIONAL DISTRICT","5110","ALL OTHER","K"
"2025-354076","2025 Dec 03 02:42:15 PM","67658444624","2025 Dec 03 12:26:00 PM","CHINATOWN/INTERNATIONAL DISTRICT","5110","ALL OTHER","K"
"2025-354076","2025 Dec 03 02:42:15 PM","67656945486","2025 Dec 03 12:26:00 PM","CHINATOWN/INTERNATIONAL DISTRICT","5110","VIOLENT CRIME","K"
"2025-354160","2025 Dec 03 01:55:29 PM","67656400398","2025 Dec 03 12:27:00 PM","SANDPOINT","125","PROPERTY CRIME","U"
"2025-354096","2025 Dec 03 02:22:01 PM","67656671783","2025 Dec 03 12:41:00 PM","CAPITOL HILL","823","ALL OTHER","E"
"2025-354096","2025 Dec 03 02:22:01 PM","67656692933","2025 Dec 03 12:41:00 PM","CAPITOL HILL","823","ALL OTHER","E"
"2025-921933","2025 Dec 09 11:06:24 AM","67742465799","2025 Dec 03 12:45:00 PM","HIGHLAND PARK","8975","PROPERTY CRIME","F"
"2025-922233","2025 Dec 12 07:54:15 AM","67779072473","2025 Dec 03 12:50:00 PM","QUEEN ANNE","1930","PROPERTY CRIME","Q"
"2025-921980","2025 Dec 10 07:56:44 AM","67753689247","2025 Dec 03 01:04:00 PM","NORTHGATE","1063","PROPERTY CRIME","L"
"2025-354128","2025 Dec 03 02:01:03 PM","67656454684","2025 Dec 03 01:05:00 PM","CAPITOL HILL","6230","ALL OTHER","E"
"2025-354128","2025 Dec 03 02:01:03 PM","67656484127","2025 Dec 03 01:05:00 PM","CAPITOL HILL","6230","ALL OTHER","E"
"2025-922604","2025 Dec 16 06:05:17 AM","67823629663","2025 Dec 03 01:30:00 PM","QUEEN ANNE","5437","PROPERTY CRIME","Q"
"2025-354326","2025 Dec 03 06:04:57 PM","67658613347","2025 Dec 03 01:30:00 PM","NORTHGATE","6541","PROPERTY CRIME","N"
"2025-921918","2025 Dec 09 10:56:42 AM","67742372650","2025 Dec 03 01:31:00 PM","SOUTH BEACON HILL","13100","PROPERTY CRIME","S"
"2025-354164","2025 Dec 03 07:58:19 PM","67659285148","2025 Dec 03 01:38:00 PM","PIONEER SQUARE","1025","ALL OTHER","K"
"2025-923399","2025 Dec 28 01:20:11 PM","67966876127","2025 Dec 03 01:46:00 PM","UNKNOWN","-","PROPERTY CRIME","-"
"2025-354209","2025 Dec 03 05:12:42 PM","67659215855","2025 Dec 03 01:50:00 PM","QUEEN ANNE","5981","ALL OTHER","Q"
"2026-900184","2026 Jan 04 06:16:33 AM","68043842893","2025 Dec 03 02:00:00 PM","MOUNT BAKER","3413","PROPERTY CRIME","R"
"2025-922872","2025 Dec 18 10:58:43 AM","67852478510","2025 Dec 03 02:01:00 PM","ROXHILL/WESTWOOD/ARBOR HEIGHTS","611","PROPERTY CRIME","F"
"2025-354219","2025 Dec 03 06:15:26 PM","67658657232","2025 Dec 03 02:09:00 PM","FIRST HILL","REDACTED","ALL OTHER","G"
"2025-921929","2025 Dec 09 11:04:43 AM","67742449857","2025 Dec 03 02:17:00 PM","CAPITOL HILL","3513","PROPERTY CRIME","E"
"2025-354226","2025 Dec 04 03:16:35 AM","67662686695","2025 Dec 03 02:19:00 PM","EASTLAKE - WEST","1135","VIOLENT CRIME","D"
"2025-354255","2025 Dec 03 07:33:29 PM","67659116320","2025 Dec 03 02:48:00 PM","FIRST HILL","REDACTED","VIOLENT CRIME","G"
"2025-354255","2025 Dec 03 07:33:29 PM","67659139562","2025 Dec 03 02:48:00 PM","FIRST HILL","REDACTED","ALL OTHER","G"
"2025-354255","2025 Dec 03 07:33:29 PM","67660971522","2025 Dec 03 02:48:00 PM","FIRST HILL","REDACTED","ALL OTHER","G"
"2025-354255","2025 Dec 03 07:33:29 PM","67659133384","2025 Dec 03 02:48:00 PM","FIRST HILL","REDACTED","ALL OTHER","G"
"2025-354260","2025 Dec 03 04:46:39 PM","67658079466","2025 Dec 03 02:53:00 PM","ROOSEVELT/RAVENNA","5070","ALL OTHER","U"
"2025-921932","2025 Dec 09 11:06:02 AM","67742461864","2025 Dec 03 02:55:00 PM","PHINNEY RIDGE","6128","PROPERTY CRIME","B"
"2025-354262","2025 Dec 03 06:55:40 PM","67658919574","2025 Dec 03 02:55:00 PM","FIRST HILL","8615","VIOLENT CRIME","E"
"2025-922100","2025 Dec 11 06:39:08 AM","67764001946","2025 Dec 03 02:58:00 PM","NORTHGATE","7072","PROPERTY CRIME","L"
"2025-354275","2025 Dec 03 07:24:52 PM","67659242806","2025 Dec 03 03:00:00 PM","PIONEER SQUARE","REDACTED","ALL OTHER","K"
"2025-354274","2025 Dec 03 04:15:04 PM","67657879926","2025 Dec 03 03:06:00 PM","CLAREMONT/RAINIER VISTA","REDACTED","ALL OTHER","R"
"2025-354224","2025 Dec 03 05:50:39 PM","67658555019","2025 Dec 03 03:13:00 PM","ROOSEVELT/RAVENNA","6043","ALL OTHER","U"
"2025-354304","2025 Dec 03 05:54:54 PM","67658521644","2025 Dec 03 03:27:00 PM","CENTRAL AREA/SQUIRE PARK","4339","PROPERTY CRIME","G"
"2025-355164","2025 Dec 04 01:08:56 PM","67671673786","2025 Dec 03 03:37:00 PM","BELLTOWN","12716","PROPERTY CRIME","M"
"2025-922620","2025 Dec 16 08:50:54 AM","67825467171","2025 Dec 03 04:00:00 PM","QUEEN ANNE","5981","PROPERTY CRIME","Q"
"2025-921958","2025 Dec 09 01:40:47 PM","67743974976","2025 Dec 03 04:00:00 PM","MADISON PARK","10787","PROPERTY CRIME","C"
"2025-922678","2025 Dec 16 01:20:22 PM","67828371779","2025 Dec 03 04:10:00 PM","SLU/CASCADE","4497","PROPERTY CRIME","D"
"2025-354347","2025 Dec 03 07:11:17 PM","67658962904","2025 Dec 03 04:15:00 PM","CAPITOL HILL","3513","ALL OTHER","E"
"2025-700590","2025 Dec 08 12:35:18 PM","67728636642","2025 Dec 03 04:18:00 PM","FIRST HILL","3522","PROPERTY CRIME","E"
"2025-921927","2025 Dec 09 11:03:51 AM","67742439607","2025 Dec 03 04:25:00 PM","DOWNTOWN COMMERCIAL","726","ALL OTHER","M"
"2025-921935","2025 Dec 09 11:07:10 AM","67742473681","2025 Dec 03 04:28:00 PM","BALLARD SOUTH","1849","PROPERTY CRIME","B"
"2025-922168","2025 Dec 11 11:58:52 AM","67766760496","2025 Dec 03 04:30:00 PM","LAKECITY","6637","PROPERTY CRIME","L"
"2025-921934","2025 Dec 09 11:06:48 AM","67742469213","2025 Dec 03 04:30:00 PM","CAPITOL HILL","823","PROPERTY CRIME","E"
"2025-354391","2025 Dec 03 06:50:55 PM","67658912495","2025 Dec 03 04:50:00 PM","LAKECITY","REDACTED","ALL OTHER","L"
"2025-356539","2025 Dec 05 08:16:13 PM","67693841752","2025 Dec 03 05:00:00 PM","UNIVERSITY","5881","PROPERTY CRIME","U"
"2025-356144","2025 Dec 05 10:50:59 AM","67685276688","2025 Dec 03 05:00:00 PM","QUEEN ANNE","10647","PROPERTY CRIME","D"
"2025-356539","2025 Dec 05 08:16:13 PM","67739364740","2025 Dec 03 05:00:00 PM","UNIVERSITY","5881","PROPERTY CRIME","U"
"2025-921976","2025 Dec 10 07:54:09 AM","67753669148","2025 Dec 03 05:00:00 PM","ROOSEVELT/RAVENNA","8411","PROPERTY CRIME","J"
"2025-354999","2025 Dec 05 03:17:07 AM","67678463798","2025 Dec 03 05:00:00 PM","FREMONT","REDACTED","ALL OTHER","B"
"2025-354409","2025 Dec 03 06:21:31 PM","67658706675","2025 Dec 03 05:15:00 PM","CHINATOWN/INTERNATIONAL DISTRICT","3309","ALL OTHER","K"
"2025-357119","2025 Dec 06 09:08:29 AM","67702740630","2025 Dec 03 05:22:00 PM","DOWNTOWN COMMERCIAL","REDACTED","ALL OTHER","K"
"2025-354415","2025 Dec 03 06:45:22 PM","67658822952","2025 Dec 03 05:22:00 PM","CHINATOWN/INTERNATIONAL DISTRICT","1947","ALL OTHER","K"
"2025-354418","2025 Dec 03 08:06:22 PM","67659273904","2025 Dec 03 05:26:00 PM","NORTHGATE","7726","ALL OTHER","L"
"2025-354418","2025 Dec 03 08:06:22 PM","67727304753","2025 Dec 03 05:26:00 PM","NORTHGATE","7726","ALL OTHER","L"
"2025-354426","2025 Dec 03 06:09:26 PM","67658631720","2025 Dec 03 05:26:00 PM","SOUTH PARK","REDACTED","ALL OTHER","F"
"2025-355026","2025 Dec 04 01:34:23 PM","67671976670","2025 Dec 03 05:30:00 PM","CAPITOL HILL","REDACTED","ALL OTHER","E"
"2025-381461","2025 Dec 31 05:09:10 PM","68000389068","2025 Dec 03 05:30:00 PM","ROXHILL/WESTWOOD/ARBOR HEIGHTS","10484","PROPERTY CRIME","F"
"2025-922110","2025 Dec 11 07:29:16 AM","67764372881","2025 Dec 03 05:30:00 PM","FREMONT","6392","PROPERTY CRIME","B"
"2025-359634","2025 Dec 08 10:09:49 PM","67732271849","2025 Dec 03 05:30:00 PM","BITTERLAKE","7450","ALL OTHER","N"
"2025-354430","2025 Dec 19 05:24:14 PM","67874206178","2025 Dec 03 05:35:00 PM","CHINATOWN/INTERNATIONAL DISTRICT","12048","ALL OTHER","K"
"2025-354428","2025 Dec 03 09:03:04 PM","67659519891","2025 Dec 03 05:53:00 PM","SLU/CASCADE","2937","VIOLENT CRIME","M"
"2025-354448","2025 Dec 04 03:27:15 PM","67672736136","2025 Dec 03 05:55:00 PM","NORTHGATE","7526","ALL OTHER","L"
"2025-357280","2025 Dec 06 03:46:59 PM","67739389910","2025 Dec 03 06:00:00 PM","NORTHGATE","2055","PROPERTY CRIME","L"
"2025-357431","2025 Dec 06 06:56:10 PM","67705896050","2025 Dec 03 06:00:00 PM","CAPITOL HILL","13080","PROPERTY CRIME","E"
"2025-357280","2025 Dec 06 03:46:59 PM","67704833371","2025 Dec 03 06:00:00 PM","NORTHGATE","2055","PROPERTY CRIME","L"
"2025-354457","2025 Dec 03 09:35:54 PM","67659679026","2025 Dec 03 06:06:00 PM","MID BEACON HILL","4000","ALL OTHER","O"
"2025-354467","2025 Dec 04 01:15:21 AM","67661706437","2025 Dec 03 06:20:00 PM","SLU/CASCADE","REDACTED","VIOLENT CRIME","D"
"2025-354467","2025 Dec 04 01:15:21 AM","67661716968","2025 Dec 03 06:20:00 PM","SLU/CASCADE","REDACTED","ALL OTHER","D"
"2025-369086","2025 Dec 18 12:06:57 AM","67845397046","2025 Dec 03 06:25:00 PM","BRIGHTON/DUNLAP","2965","PROPERTY CRIME","S"
"2025-354478","2025 Dec 03 09:27:42 PM","67659648456","2025 Dec 03 06:32:00 PM","CAPITOL HILL","6229","ALL OTHER","E"
"2025-354484","2025 Dec 04 07:59:06 PM","67674446189","2025 Dec 03 06:39:00 PM","MILLER PARK","8201","PROPERTY CRIME","C"
"2025-354510","2025 Dec 04 01:25:07 AM","67661739497","2025 Dec 03 06:40:00 PM","COLUMBIA CITY","7835","PROPERTY CRIME","R"
"2025-354488","2025 Dec 03 08:07:24 PM","67659271454","2025 Dec 03 06:42:00 PM","FREMONT","6116","VIOLENT CRIME","B"
"2025-354518","2025 Dec 03 07:58:52 PM","67659248473","2025 Dec 03 06:45:00 PM","DOWNTOWN COMMERCIAL","12794","ALL OTHER","K"
"2025-355447","2025 Dec 04 05:45:59 PM","67673738254","2025 Dec 03 07:00:00 PM","ROOSEVELT/RAVENNA","10644","PROPERTY CRIME","U"
"2025-921955","2025 Dec 09 01:35:37 PM","67743930194","2025 Dec 03 07:00:00 PM","NORTHGATE","4588","PROPERTY CRIME","L"
"2025-354919","2025 Dec 04 10:06:01 AM","67670198052","2025 Dec 03 07:00:00 PM","BELLTOWN","10196","PROPERTY CRIME","D"
"2025-355249","2025 Dec 04 02:05:18 PM","67672136398","2025 Dec 03 07:00:00 PM","CENTRAL AREA/SQUIRE PARK","1343","PROPERTY CRIME","C"
"2025-922051","2025 Dec 10 12:24:41 PM","67757317209","2025 Dec 03 07:00:00 PM","GREENWOOD","3579","ALL OTHER","J"
"2025-700616","2025 Dec 23 12:03:44 PM","67914775249","2025 Dec 03 07:00:00 PM","BALLARD SOUTH","10118","PROPERTY CRIME","B"
"2025-922896","2025 Dec 19 08:28:40 AM","67866698954","2025 Dec 03 07:05:00 PM","BALLARD SOUTH","10118","PROPERTY CRIME","B"
"2025-921939","2025 Dec 09 11:11:12 AM","67742508115","2025 Dec 03 07:09:00 PM","SANDPOINT","10902","PROPERTY CRIME","U"
"2025-354519","2025 Dec 03 08:44:35 PM","67659442128","2025 Dec 03 07:13:00 PM","NORTHGATE","REDACTED","ALL OTHER","N"
"2025-354533","2025 Dec 03 11:31:29 PM","67660997237","2025 Dec 03 07:30:00 PM","RAINIER BEACH","10178","ALL OTHER","S"
"2025-355453","2025 Dec 04 05:12:22 PM","67673548701","2025 Dec 03 07:49:00 PM","CENTRAL AREA/SQUIRE PARK","1341","ALL OTHER","C"
"2025-922023","2025 Dec 10 09:22:30 AM","67754455251","2025 Dec 03 07:50:00 PM","GREENWOOD","5892","PROPERTY CRIME","J"
"2025-354553","2025 Dec 03 08:50:17 PM","67659466175","2025 Dec 03 07:55:00 PM","BALLARD SOUTH","5525","PROPERTY CRIME","B"
"2025-354846","2025 Dec 04 07:42:58 AM","67667716989","2025 Dec 03 08:00:00 PM","ROOSEVELT/RAVENNA","10644","PROPERTY CRIME","U"
"2025-354563","2025 Dec 04 12:34:16 AM","67661440463","2025 Dec 03 08:09:00 PM","GENESEE","4893","PROPERTY CRIME","R"
"2026-900359","2026 Jan 05 10:11:06 AM","68058390644","2025 Dec 03 08:24:00 PM","QUEEN ANNE","13082","PROPERTY CRIME","Q"
"2025-354580","2025 Dec 04 01:51:43 AM","67661800062","2025 Dec 03 08:29:00 PM","FIRST HILL","REDACTED","ALL OTHER","G"
"2025-921949","2025 Dec 09 12:53:09 PM","67743558647","2025 Dec 03 08:31:00 PM","CAPITOL HILL","824","PROPERTY CRIME","E"
"2025-354598","2025 Dec 03 10:18:47 PM","67730849292","2025 Dec 03 08:46:00 PM","COLUMBIA CITY","REDACTED","ALL OTHER","R"
"2025-354598","2025 Dec 03 10:18:47 PM","67659875347","2025 Dec 03 08:46:00 PM","COLUMBIA CITY","REDACTED","ALL OTHER","R"
"2025-370750","2025 Dec 19 08:46:22 PM","67875590422","2025 Dec 03 09:00:00 PM","SLU/CASCADE","10500","PROPERTY CRIME","D"
"2025-355004","2025 Dec 04 02:05:48 PM","67672174504","2025 Dec 03 09:00:00 PM","ROOSEVELT/RAVENNA","12773","ALL OTHER","U"
"2025-354614","2025 Dec 03 10:26:19 PM","67659935027","2025 Dec 03 09:06:00 PM","CENTRAL AREA/SQUIRE PARK","6649","ALL OTHER","C"
"2025-354614","2025 Dec 03 10:26:19 PM","67660984026","2025 Dec 03 09:07:00 PM","CENTRAL AREA/SQUIRE PARK","6649","ALL OTHER","C"
"2025-354622","2025 Dec 03 10:10:42 PM","67659811018","2025 Dec 03 09:10:00 PM","MILLER PARK","REDACTED","VIOLENT CRIME","C"
"2025-354628","2025 Dec 03 10:52:51 PM","67660488776","2025 Dec 03 09:30:00 PM","GENESEE","2373","ALL OTHER","R"
"2025-354633","2025 Dec 03 10:11:46 PM","67659823488","2025 Dec 03 09:40:00 PM","FIRST HILL","4581","ALL OTHER","G"
"2025-354866","2025 Dec 04 08:08:36 AM","67667937743","2025 Dec 03 10:00:00 PM","MAGNOLIA","6055","PROPERTY CRIME","Q"
"2025-356108","2025 Dec 05 10:47:11 AM","67685139910","2025 Dec 03 10:00:00 PM","MAGNOLIA","6055","ALL OTHER","Q"
"2025-355377","2025 Dec 04 04:50:25 PM","67673499284","2025 Dec 03 10:00:00 PM","BELLTOWN","10196","PROPERTY CRIME","D"
"2025-921956","2025 Dec 09 01:37:01 PM","67743943097","2025 Dec 03 10:00:00 PM","MAGNOLIA","8032","PROPERTY CRIME","Q"
"2025-354668","2025 Dec 04 03:46:05 AM","67663766238","2025 Dec 03 10:34:00 PM","JUDKINS PARK/NORTH BEACON HILL","4973","ALL OTHER","G"
"2025-354668","2025 Dec 04 03:46:05 AM","67663760179","2025 Dec 03 10:34:00 PM","JUDKINS PARK/NORTH BEACON HILL","4973","ALL OTHER","G"
"2025-354689","2025 Dec 04 12:58:13 AM","67661661346","2025 Dec 03 11:00:00 PM","DOWNTOWN COMMERCIAL","2084","ALL OTHER","M"
"2025-354689","2025 Dec 04 12:58:13 AM","67661663263","2025 Dec 03 11:00:00 PM","DOWNTOWN COMMERCIAL","2084","ALL OTHER","M"
"2025-354689","2025 Dec 04 12:58:13 AM","67661650745","2025 Dec 03 11:00:00 PM","DOWNTOWN COMMERCIAL","2084","ALL OTHER","M"
"2025-354686","2025 Dec 04 12:35:39 AM","67667217002","2025 Dec 03 11:04:00 PM","HIGHLAND PARK","12181","ALL OTHER","F"
"2025-354686","2025 Dec 04 12:35:39 AM","67661672453","2025 Dec 03 11:04:00 PM","HIGHLAND PARK","12181","VIOLENT CRIME","F"
"2025-354776","2025 Dec 04 07:34:46 AM","67667697226","2025 Dec 03 11:30:00 PM","QUEEN ANNE","8487","ALL OTHER","Q"
"2025-921983","2025 Dec 10 08:09:55 AM","67753799293","2025 Dec 03 11:30:00 PM","WALLINGFORD","11243","PROPERTY CRIME","B"
"2025-354707","2025 Dec 04 01:10:42 AM","67661944595","2025 Dec 03 11:46:00 PM","CAPITOL HILL","REDACTED","ALL OTHER","E"
"2025-354707","2025 Dec 04 01:10:42 AM","67661939118","2025 Dec 03 11:46:00 PM","CAPITOL HILL","REDACTED","ALL OTHER","E"
"2025-922005","2025 Dec 10 08:45:36 AM","67754144448","2025 Dec 03 11:59:00 PM","FREMONT","2899","PROPERTY CRIME","B"
"2025-922716","2025 Dec 17 07:22:50 AM","67836695270","2025 Dec 04 12:00:00 AM","CAPITOL HILL","1233","PROPERTY CRIME","E"
"2025-360763","2025 Dec 09 09:35:46 PM","67747399794","2025 Dec 04 12:00:00 AM","BELLTOWN","4710","ALL OTHER","D"
"2025-360474","2025 Dec 09 02:36:59 PM","67744498603","2025 Dec 04 12:00:00 AM","FIRST HILL","6237","PROPERTY CRIME","E"
"2025-356108","2025 Dec 05 10:47:11 AM","67686333955","2025 Dec 04 12:00:00 AM","MAGNOLIA","1861","ALL OTHER","Q"
"2025-357206","2025 Dec 06 10:45:15 AM","67703203961","2025 Dec 04 12:00:00 AM","FIRST HILL","4043","PROPERTY CRIME","G"
"2025-367904","2025 Dec 16 04:49:57 PM","67830215091","2025 Dec 04 12:00:00 AM","NORTHGATE","4588","ALL OTHER","L"
"2025-922137","2025 Dec 11 09:53:37 AM","67765568368","2025 Dec 04 12:00:00 AM","BELLTOWN","10196","PROPERTY CRIME","D"
"2025-355675","2025 Dec 04 10:22:27 PM","67675101499","2025 Dec 04 12:00:00 AM","FIRST HILL","11192","VIOLENT CRIME","E"
"2025-361486","2025 Dec 10 01:56:31 PM","67758546791","2025 Dec 04 12:00:00 AM","SLU/CASCADE","10090","PROPERTY CRIME","D"
"2025-354761","2025 Dec 04 03:37:20 AM","67694073969","2025 Dec 04 12:00:00 AM","GEORGETOWN","3038","ALL OTHER","O"
"2025-355590","2025 Dec 04 08:48:38 PM","67674675137","2025 Dec 04 12:00:00 AM","QUEEN ANNE","REDACTED","ALL OTHER","Q"
"2025-355621","2025 Dec 05 12:05:19 AM","67676601485","2025 Dec 04 12:00:00 AM","GEORGETOWN","REDACTED","ALL OTHER","O"
"2025-355621","2025 Dec 05 12:05:19 AM","67839959145","2025 Dec 04 12:00:00 AM","GEORGETOWN","REDACTED","ALL OTHER","O"
"2025-358967","2025 Dec 08 07:17:03 AM","67725659030","2025 Dec 04 12:00:00 AM","MOUNT BAKER","2689","PROPERTY CRIME","R"
"2025-357255","2025 Dec 08 02:48:49 PM","67729674231","2025 Dec 04 12:00:00 AM","NORTHGATE","4589","PROPERTY CRIME","L"
"2025-354761","2025 Dec 04 03:37:20 AM","67663640003","2025 Dec 04 12:00:00 AM","GEORGETOWN","3038","PROPERTY CRIME","O"
"2025-360460","2025 Dec 09 02:13:09 PM","67744280206","2025 Dec 04 12:00:00 AM","ROXHILL/WESTWOOD/ARBOR HEIGHTS","10484","PROPERTY CRIME","F"
"2025-355703","2025 Dec 04 11:42:46 PM","67676578436","2025 Dec 04 12:00:00 AM","ROOSEVELT/RAVENNA","6172","ALL OTHER","J"
"2025-359749","2025 Dec 08 10:45:55 PM","67732388418","2025 Dec 04 12:00:00 AM","BALLARD SOUTH","REDACTED","ALL OTHER","B"
"2025-355058","2025 Dec 04 02:32:15 PM","67672330529","2025 Dec 04 12:01:00 AM","BITTERLAKE","REDACTED","ALL OTHER","N"
"2025-922044","2025 Dec 10 12:22:09 PM","67757245869","2025 Dec 04 12:03:00 AM","BALLARD SOUTH","10118","PROPERTY CRIME","B"
"2025-921961","2025 Dec 09 01:41:49 PM","67743984780","2025 Dec 04 12:30:00 AM","MAGNOLIA","30","PROPERTY CRIME","Q"
"2025-354729","2025 Dec 04 10:48:09 AM","67670510339","2025 Dec 04 12:46:00 AM","UNKNOWN","REDACTED","ALL OTHER","99"
"2025-354735","2025 Dec 04 01:52:10 AM","67661806542","2025 Dec 04 12:54:00 AM","NORTHGATE","7525","PROPERTY CRIME","L"
"2025-354736","2025 Dec 04 02:34:13 AM","67661927648","2025 Dec 04 12:55:00 AM","ALASKA JUNCTION","554","ALL OTHER","W"
"2025-921957","2025 Dec 09 01:38:06 PM","67743951512","2025 Dec 04 01:00:00 AM","MAGNOLIA","7773","PROPERTY CRIME","Q"
"2025-921968","2025 Dec 09 01:45:33 PM","67744016637","2025 Dec 04 01:00:00 AM","WALLINGFORD","8410","PROPERTY CRIME","J"
"2025-922083","2025 Dec 10 01:26:24 PM","67758268933","2025 Dec 04 01:00:00 AM","BRIGHTON/DUNLAP","8464","PROPERTY CRIME","S"
"2025-355298","2025 Dec 04 03:10:27 PM","67672717822","2025 Dec 04 01:00:00 AM","FIRST HILL","10000","PROPERTY CRIME","G"
"2025-922002","2025 Dec 10 08:44:30 AM","67754137298","2025 Dec 04 01:00:00 AM","FIRST HILL","13069","PROPERTY CRIME","E"
"2025-358833","2025 Dec 08 10:05:19 PM","67732242432","2025 Dec 04 01:08:00 AM","RAINIER BEACH","5840","PROPERTY CRIME","S"
"2025-354797","2025 Dec 04 05:46:13 AM","67665273175","2025 Dec 04 01:10:00 AM","ALASKA JUNCTION","7002","ALL OTHER","W"
"2025-354758","2025 Dec 04 04:13:28 AM","67664264190","2025 Dec 04 01:52:00 AM","BALLARD SOUTH","10118","ALL OTHER","B"
"2025-354797","2025 Dec 04 05:46:13 AM","67666399737","2025 Dec 04 02:00:00 AM","ALASKA JUNCTION","7002","ALL OTHER","W"
"2025-921965","2025 Dec 09 01:44:33 PM","67744009060","2025 Dec 04 02:00:00 AM","BELLTOWN","10196","PROPERTY CRIME","D"
"2025-354945","2025 Dec 04 10:56:58 AM","67670654122","2025 Dec 04 02:00:00 AM","MORGAN","6997","PROPERTY CRIME","W"
"2025-354759","2025 Dec 04 03:42:14 AM","67664573805","2025 Dec 04 02:06:00 AM","CAPITOL HILL","6230","ALL OTHER","E"
"2025-354759","2025 Dec 04 03:42:14 AM","67663645768","2025 Dec 04 02:06:00 AM","CAPITOL HILL","6230","VIOLENT CRIME","E"
"2025-354878","2025 Dec 04 09:35:08 AM","67669981249","2025 Dec 04 02:11:00 AM","ALASKA JUNCTION","201","PROPERTY CRIME","W"
"2025-354943","2025 Dec 04 09:21:07 AM","67669800671","2025 Dec 04 02:30:00 AM","MAGNOLIA","5407","PROPERTY CRIME","Q"
"2025-355102","2025 Dec 04 12:23:35 PM","67671304812","2025 Dec 04 03:00:00 AM","MAGNOLIA","5407","PROPERTY CRIME","Q"
"2025-922011","2025 Dec 10 09:02:15 AM","67754289734","2025 Dec 04 03:00:00 AM","NORTH BEACON HILL","12209","PROPERTY CRIME","R"
"2025-921989","2025 Dec 10 08:18:18 AM","67753863964","2025 Dec 04 03:08:00 AM","RAINIER VIEW","12311","PROPERTY CRIME","S"
"2025-354781","2025 Dec 04 04:27:54 AM","67664449647","2025 Dec 04 03:14:00 AM","NORTHGATE","REDACTED","ALL OTHER","L"
"2025-354781","2025 Dec 04 04:27:54 AM","67664476561","2025 Dec 04 03:20:00 AM","NORTHGATE","REDACTED","ALL OTHER","L"
"2025-354791","2025 Dec 04 08:37:57 AM","67669468900","2025 Dec 04 03:50:00 AM","MAGNOLIA","10587","PROPERTY CRIME","Q"
"2025-922010","2025 Dec 10 09:01:19 AM","67754283759","2025 Dec 04 04:25:00 AM","PHINNEY RIDGE","3375","PROPERTY CRIME","J"
"2025-921969","2025 Dec 09 01:46:06 PM","67744022374","2025 Dec 04 04:26:00 AM","BALLARD SOUTH","3849","PROPERTY CRIME","B"
"2025-922046","2025 Dec 10 12:22:56 PM","67757262126","2025 Dec 04 04:29:00 AM","CAPITOL HILL","1244","PROPERTY CRIME","E"
"2025-355020","2025 Dec 04 01:07:42 PM","67671658814","2025 Dec 04 05:00:00 AM","WALLINGFORD","12130","PROPERTY CRIME","B"
"2025-355470","2025 Dec 04 06:28:37 PM","67673975843","2025 Dec 04 05:00:00 AM","MAGNOLIA","30","PROPERTY CRIME","Q"
"2025-354811","2025 Dec 04 06:40:41 AM","67667285115","2025 Dec 04 05:34:00 AM","CHINATOWN/INTERNATIONAL DISTRICT","3646","VIOLENT CRIME","K"
"2025-922935","2025 Dec 23 06:00:00 AM","67909820707","2025 Dec 04 06:00:00 AM","NORTHGATE","4588","PROPERTY CRIME","L"
"2025-354929","2025 Dec 04 10:30:59 AM","67693802594","2025 Dec 04 06:05:00 AM","WALLINGFORD","3327","VIOLENT CRIME","B"
"2025-354929","2025 Dec 04 10:30:59 AM","67670391784","2025 Dec 04 06:05:00 AM","WALLINGFORD","3327","ALL OTHER","B"
"2025-922260","2025 Dec 12 09:43:19 AM","67779996048","2025 Dec 04 07:00:00 AM","UNIVERSITY","1001","PROPERTY CRIME","U"
"2025-355417","2025 Dec 04 05:31:23 PM","67673650128","2025 Dec 04 07:00:00 AM","SLU/CASCADE","1010","ALL OTHER","D"
"2025-354848","2025 Dec 04 08:25:26 AM","67669381921","2025 Dec 04 07:30:00 AM","CENTRAL AREA/SQUIRE PARK","4332","ALL OTHER","C"
"2025-921987","2025 Dec 10 08:12:09 AM","67753815435","2025 Dec 04 07:30:00 AM","UNIVERSITY","2162","PROPERTY CRIME","U"
"2025-354848","2025 Dec 04 08:25:26 AM","67669410590","2025 Dec 04 07:33:00 AM","CENTRAL AREA/SQUIRE PARK","4332","ALL OTHER","C"
"2025-922673","2025 Dec 16 12:41:47 PM","67827946944","2025 Dec 04 08:00:00 AM","SLU/CASCADE","10500","PROPERTY CRIME","D"
"2025-923135","2025 Dec 24 09:10:14 AM","67923099717","2025 Dec 04 08:00:00 AM","SLU/CASCADE","8493","PROPERTY CRIME","D"
"2025-921999","2025 Dec 10 08:43:16 AM","67754129759","2025 Dec 04 08:24:00 AM","BALLARD SOUTH","5063","ALL OTHER","B"
"2025-922016","2025 Dec 10 09:06:52 AM","67754329048","2025 Dec 04 08:45:00 AM","BALLARD SOUTH","10930","PROPERTY CRIME","B"
"2025-922335","2025 Dec 12 11:13:06 AM","67780737021","2025 Dec 04 09:00:00 AM","QUEEN ANNE","4651","PROPERTY CRIME","Q"
"2026-901241","2026 Jan 26 01:05:22 PM","68314016053","2025 Dec 04 09:00:00 AM","UNIVERSITY","3621","PROPERTY CRIME","U"
"2025-359469","2025 Dec 08 04:10:33 PM","67730302540","2025 Dec 04 09:00:00 AM","QUEEN ANNE","3587","PROPERTY CRIME","D"
"2025-354941","2025 Dec 04 11:46:13 AM","67671011426","2025 Dec 04 09:00:00 AM","BRIGHTON/DUNLAP","12215","PROPERTY CRIME","S"
"2025-922009","2025 Dec 10 09:00:36 AM","67754276360","2025 Dec 04 09:17:00 AM","BALLARD NORTH","12008","ALL OTHER","J"
"2025-354997","2025 Dec 04 12:36:31 PM","67671419618","2025 Dec 04 09:53:00 AM","CHINATOWN/INTERNATIONAL DISTRICT","1503","PROPERTY CRIME","K"
"2025-355541","2025 Dec 04 08:37:59 PM","67674620921","2025 Dec 04 10:00:00 AM","SANDPOINT","8704","PROPERTY CRIME","U"
"2025-922417","2025 Dec 14 07:12:52 AM","67803543731","2025 Dec 04 10:00:00 AM","PHINNEY RIDGE","1122","ALL OTHER","J"
"2025-355005","2025 Dec 04 10:53:27 AM","67670625992","2025 Dec 04 10:10:00 AM","ROOSEVELT/RAVENNA","2056","PROPERTY CRIME","U"
"2025-355015","2025 Dec 04 02:40:10 PM","67672408017","2025 Dec 04 10:22:00 AM","FIRST HILL","REDACTED","ALL OTHER","E"
"2025-355029","2025 Dec 04 10:59:20 AM","67670653949","2025 Dec 04 10:36:00 AM","SOUTH BEACON HILL","12307","PROPERTY CRIME","S"
"2025-355118","2025 Dec 04 03:01:12 PM","67672536934","2025 Dec 04 10:45:00 AM","JUDKINS PARK/NORTH BEACON HILL","10824","PROPERTY CRIME","G"
"2025-355345","2025 Dec 04 08:15:51 PM","67674521033","2025 Dec 04 11:00:00 AM","ROOSEVELT/RAVENNA","8843","ALL OTHER","U"
"2025-355284","2025 Dec 04 03:04:29 PM","67672634048","2025 Dec 04 11:00:00 AM","QUEEN ANNE","1930","PROPERTY CRIME","Q"
"2025-922057","2025 Dec 10 12:33:07 PM","67757709019","2025 Dec 04 11:00:00 AM","DOWNTOWN COMMERCIAL","6224","ALL OTHER","M"
"2025-355084","2025 Dec 04 07:13:45 PM","67674304829","2025 Dec 04 11:18:00 AM","SANDPOINT","REDACTED","ALL OTHER","U"
"2025-355080","2025 Dec 04 06:27:50 PM","67674006698","2025 Dec 04 11:21:00 AM","DOWNTOWN COMMERCIAL","7090","PROPERTY CRIME","M"
"2025-355033","2025 Dec 04 12:21:08 PM","67671258758","2025 Dec 04 11:30:00 AM","CHINATOWN/INTERNATIONAL DISTRICT","3309","ALL OTHER","K"
"2025-922088","2025 Dec 10 01:28:40 PM","67758287283","2025 Dec 04 11:30:00 AM","UNIVERSITY","8127","PROPERTY CRIME","U"
"2025-355160","2025 Dec 04 03:31:26 PM","67672801800","2025 Dec 04 11:30:00 AM","CHINATOWN/INTERNATIONAL DISTRICT","REDACTED","ALL OTHER","K"
"2025-355090","2025 Dec 04 11:57:21 AM","67671109677","2025 Dec 04 11:31:00 AM","BELLTOWN","2938","ALL OTHER","M"
"2025-922563","2025 Dec 15 11:58:42 AM","67815552352","2025 Dec 04 11:33:00 AM","CENTRAL AREA/SQUIRE PARK","4968","PROPERTY CRIME","C"
"2025-357265","2025 Dec 06 12:30:12 PM","67703758057","2025 Dec 04 12:00:00 PM","MAGNOLIA","6497","PROPERTY CRIME","Q"
"2025-355133","2025 Dec 04 02:09:11 PM","67672171685","2025 Dec 04 12:00:00 PM","NORTHGATE","11044","ALL OTHER","N"
"2025-355475","2025 Dec 04 05:32:35 PM","67673745898","2025 Dec 04 12:00:00 PM","QUEEN ANNE","4140","PROPERTY CRIME","Q"
"2025-355121","2025 Dec 04 01:53:22 PM","67672111193","2025 Dec 04 12:02:00 PM","RAINIER BEACH","5839","ALL OTHER","S"
"2025-355121","2025 Dec 04 01:53:22 PM","67672151676","2025 Dec 04 12:02:00 PM","RAINIER BEACH","5839","ALL OTHER","S"
"2025-921990","2025 Dec 10 08:18:39 AM","67753866295","2025 Dec 04 12:10:00 PM","NORTH BEACON HILL","7633","PROPERTY CRIME","R"
"2025-922015","2025 Dec 10 09:04:53 AM","67754312106","2025 Dec 04 12:40:00 PM","NORTH BEACON HILL","7633","PROPERTY CRIME","R"
"2025-355165","2025 Dec 04 01:18:52 PM","67671747410","2025 Dec 04 12:40:00 PM","CAPITOL HILL","13066","ALL OTHER","E"
"2025-355191","2025 Dec 04 10:10:01 PM","67675019866","2025 Dec 04 12:59:00 PM","BALLARD SOUTH","7987","PROPERTY CRIME","B"
"2025-355191","2025 Dec 04 10:10:01 PM","67839881670","2025 Dec 04 12:59:00 PM","BALLARD SOUTH","7987","ALL OTHER","B"
"2025-355191","2025 Dec 04 10:10:01 PM","67729328714","2025 Dec 04 12:59:00 PM","BALLARD SOUTH","7987","ALL OTHER","B"
"2025-355352","2025 Dec 04 03:45:31 PM","67672855446","2025 Dec 04 01:00:00 PM","SLU/CASCADE","2356","PROPERTY CRIME","D"
"2025-355250","2025 Dec 04 02:46:31 PM","67672424632","2025 Dec 04 01:00:00 PM","DOWNTOWN COMMERCIAL","REDACTED","VIOLENT CRIME","M"
"2025-921997","2025 Dec 10 08:21:38 AM","67753891864","2025 Dec 04 01:15:00 PM","NORTHGATE","10947","PROPERTY CRIME","N"
"2025-355211","2025 Dec 04 02:20:42 PM","67672251099","2025 Dec 04 01:15:00 PM","NORTHGATE","10947","PROPERTY CRIME","N"
"2025-355223","2025 Dec 04 09:25:18 PM","67694621612","2025 Dec 04 01:25:00 PM","BALLARD NORTH","REDACTED","ALL OTHER","J"
"2025-355223","2025 Dec 04 09:25:18 PM","67694616929","2025 Dec 04 01:25:00 PM","BALLARD NORTH","REDACTED","ALL OTHER","J"
"2025-355223","2025 Dec 04 09:25:18 PM","67674854644","2025 Dec 04 01:25:00 PM","BALLARD NORTH","REDACTED","ALL OTHER","J"
"2025-355435","2025 Dec 04 05:23:34 PM","67673608524","2025 Dec 04 01:30:00 PM","UNIVERSITY","2478","PROPERTY CRIME","U"
"2025-922373","2025 Dec 12 12:34:08 PM","67781451603","2025 Dec 04 01:30:00 PM","SLU/CASCADE","3704","PROPERTY CRIME","M"
"2025-922287","2025 Dec 12 10:13:09 AM","67780234724","2025 Dec 04 01:44:00 PM","BALLARD SOUTH","4701","PROPERTY CRIME","B"
"2025-355269","2025 Dec 04 03:28:41 PM","67672724772","2025 Dec 04 01:45:00 PM","CAPITOL HILL","3511","PROPERTY CRIME","E"
"2025-355269","2025 Dec 04 03:28:41 PM","67672736875","2025 Dec 04 02:00:00 PM","CAPITOL HILL","4218","ALL OTHER","E"
"2025-922027","2025 Dec 10 09:53:54 AM","67754704524","2025 Dec 04 02:01:00 PM","FREMONT","2111","PROPERTY CRIME","B"
"2025-921723","2025 Dec 05 01:24:14 PM","67690213246","2025 Dec 04 02:09:00 PM","DOWNTOWN COMMERCIAL","12795","ALL OTHER","K"
"2025-355587","2025 Dec 04 08:58:01 PM","67674716536","2025 Dec 04 02:15:00 PM","LAKECITY","6197","PROPERTY CRIME","L"
"2025-700591","2025 Dec 08 12:35:38 PM","67728639084","2025 Dec 04 02:40:00 PM","ROOSEVELT/RAVENNA","8593","PROPERTY CRIME","U"
"2025-355285","2025 Dec 04 03:51:38 PM","67673996363","2025 Dec 04 02:40:00 PM","DOWNTOWN COMMERCIAL","REDACTED","ALL OTHER","M"
"2025-355289","2025 Dec 04 03:14:47 PM","67672680582","2025 Dec 04 02:41:00 PM","CAPITOL HILL","13064","ALL OTHER","E"
"2025-922006","2025 Dec 10 08:46:09 AM","67754149170","2025 Dec 04 02:43:00 PM","BITTERLAKE","8602","PROPERTY CRIME","N"
"2025-355285","2025 Dec 04 03:51:38 PM","67672961584","2025 Dec 04 02:47:00 PM","DOWNTOWN COMMERCIAL","REDACTED","ALL OTHER","M"
"2025-355317","2025 Dec 04 07:57:15 PM","67674473796","2025 Dec 04 02:57:00 PM","CENTRAL AREA/SQUIRE PARK","REDACTED","ALL OTHER","C"
"2025-355317","2025 Dec 04 07:57:15 PM","67731673010","2025 Dec 04 02:57:00 PM","CENTRAL AREA/SQUIRE PARK","REDACTED","VIOLENT CRIME","G"
"2025-922077","2025 Dec 10 01:06:45 PM","67758102728","2025 Dec 04 03:00:00 PM","CAPITOL HILL","10878","PROPERTY CRIME","E"
"2025-923065","2025 Dec 23 11:29:59 AM","67914495328","2025 Dec 04 03:00:00 PM","FIRST HILL","13069","PROPERTY CRIME","E"
"2025-363727","2025 Dec 12 04:21:16 PM","67783422938","2025 Dec 04 03:00:00 PM","CENTRAL AREA/SQUIRE PARK","6561","PROPERTY CRIME","C"
"2025-355317","2025 Dec 04 07:57:15 PM","67674576057","2025 Dec 04 03:02:00 PM","CENTRAL AREA/SQUIRE PARK","REDACTED","ALL OTHER","C"
"2025-355323","2025 Dec 04 06:12:21 PM","67674781480","2025 Dec 04 03:05:00 PM","WALLINGFORD","2145","ALL OTHER","B"
"2025-355323","2025 Dec 04 06:12:21 PM","67674777740","2025 Dec 04 03:05:00 PM","WALLINGFORD","2145","ALL OTHER","B"
"2025-355323","2025 Dec 04 06:12:21 PM","67674207646","2025 Dec 04 03:05:00 PM","WALLINGFORD","2145","ALL OTHER","B"
"2025-922398","2025 Dec 12 12:51:15 PM","67781587574","2025 Dec 04 03:22:00 PM","FIRST HILL","8140","ALL OTHER","G"
"2025-355339","2025 Dec 04 04:31:52 PM","67673441760","2025 Dec 04 03:26:00 PM","QUEEN ANNE","2812","ALL OTHER","Q"
"2025-356318","2025 Dec 05 02:09:08 PM","67690746575","2025 Dec 04 03:30:00 PM","LAKECITY","259","PROPERTY CRIME","L"
"2025-922139","2025 Dec 11 09:56:25 AM","67765589891","2025 Dec 04 03:39:00 PM","MOUNT BAKER","8657","PROPERTY CRIME","R"
"2025-355367","2025 Dec 04 07:27:19 PM","67674283921","2025 Dec 04 03:45:00 PM","SLU/CASCADE","REDACTED","ALL OTHER","Q"
"2025-355367","2025 Dec 04 07:27:19 PM","67674263223","2025 Dec 04 03:45:00 PM","SLU/CASCADE","REDACTED","VIOLENT CRIME","Q"
"2025-921998","2025 Dec 10 08:42:55 AM","67754125862","2025 Dec 04 03:45:00 PM","ALASKA JUNCTION","8169","PROPERTY CRIME","W"
"2025-700601","2025 Dec 17 01:36:00 PM","67840352123","2025 Dec 04 03:48:00 PM","ROOSEVELT/RAVENNA","2056","PROPERTY CRIME","U"
"2025-358462","2025 Dec 07 05:10:28 PM","67717038748","2025 Dec 04 03:59:00 PM","NORTH BEACON HILL","3652","PROPERTY CRIME","R"
"2025-921830","2025 Dec 06 01:58:15 PM","67704223917","2025 Dec 04 04:00:00 PM","CENTRAL AREA/SQUIRE PARK","3174","PROPERTY CRIME","C"
"2025-355397","2025 Dec 04 06:20:21 PM","67673918912","2025 Dec 04 04:00:00 PM","ROOSEVELT/RAVENNA","REDACTED","ALL OTHER","U"
"2025-921994","2025 Dec 10 08:20:37 AM","67753882573","2025 Dec 04 04:15:00 PM","ALASKA JUNCTION","8169","PROPERTY CRIME","W"
"2025-355405","2025 Dec 04 04:45:47 PM","67673377876","2025 Dec 04 04:15:00 PM","FIRST HILL","REDACTED","ALL OTHER","G"
"2025-921986","2025 Dec 10 08:11:49 AM","67753813359","2025 Dec 04 04:25:00 PM","HILLMAN CITY","2851","PROPERTY CRIME","R"
"2025-922014","2025 Dec 10 09:04:07 AM","67754305991","2025 Dec 04 04:30:00 PM","GREENWOOD","7420","PROPERTY CRIME","J"
"2025-922699","2025 Dec 16 01:58:00 PM","67828715998","2025 Dec 04 04:30:00 PM","BITTERLAKE","3101","PROPERTY CRIME","N"
"2025-355423","2025 Dec 04 05:26:33 PM","67673606616","2025 Dec 04 04:30:00 PM","ROOSEVELT/RAVENNA","11363","ALL OTHER","U"
"2025-355441","2025 Dec 04 06:08:29 PM","67673901640","2025 Dec 04 04:43:00 PM","DOWNTOWN COMMERCIAL","REDACTED","ALL OTHER","K"
"2025-355441","2025 Dec 04 06:08:29 PM","67674402417","2025 Dec 04 04:44:00 PM","DOWNTOWN COMMERCIAL","REDACTED","ALL OTHER","K"
"2025-355433","2025 Dec 04 06:21:47 PM","67673927629","2025 Dec 04 04:57:00 PM","FIRST HILL","816","PROPERTY CRIME","E"
"2025-355556","2025 Dec 04 09:47:54 PM","67674983231","2025 Dec 04 05:00:00 PM","ALKI","REDACTED","ALL OTHER","W"
"2025-921724","2025 Dec 05 01:26:52 PM","67690316416","2025 Dec 04 05:02:00 PM","EASTLAKE - WEST","3064","PROPERTY CRIME","D"
"2025-355465","2025 Dec 04 06:49:31 PM","67674076150","2025 Dec 04 05:09:00 PM","CAPITOL HILL","REDACTED","VIOLENT CRIME","E"
"2025-355465","2025 Dec 04 06:49:31 PM","67674108207","2025 Dec 04 05:09:00 PM","CAPITOL HILL","REDACTED","ALL OTHER","E"
"2025-360073","2025 Dec 09 06:40:06 PM","67746317294","2025 Dec 04 05:14:00 PM","CAPITOL HILL","3512","ALL OTHER","E"
"2025-355469","2025 Dec 04 10:10:13 PM","67675031918","2025 Dec 04 05:14:00 PM","DOWNTOWN COMMERCIAL","12795","ALL OTHER","K"
"2025-922012","2025 Dec 10 09:03:21 AM","67754299586","2025 Dec 04 05:30:00 PM","BALLARD NORTH","1391","PROPERTY CRIME","J"
"2025-355493","2025 Dec 04 07:35:00 PM","67674345639","2025 Dec 04 05:39:00 PM","BELLTOWN","2071","ALL OTHER","D"
"2025-355452","2025 Dec 04 05:34:35 PM","67673719674","2025 Dec 04 05:48:00 PM","CAPITOL HILL","11081","ALL OTHER","E"
"2025-922026","2025 Dec 10 09:53:33 AM","67755190196","2025 Dec 04 06:00:00 PM","WALLINGFORD","1525","ALL OTHER","B"
"2025-359593","2025 Dec 08 09:25:49 PM","67732081235","2025 Dec 04 06:00:00 PM","BITTERLAKE","REDACTED","ALL OTHER","N"
"2025-922176","2025 Dec 11 12:31:24 PM","67767035962","2025 Dec 04 06:00:00 PM","BALLARD SOUTH","3054","PROPERTY CRIME","B"
"2025-922026","2025 Dec 10 09:53:33 AM","67754702078","2025 Dec 04 06:00:00 PM","WALLINGFORD","1525","PROPERTY CRIME","B"
"2025-355526","2025 Dec 05 07:39:54 AM","67683445746","2025 Dec 04 06:14:00 PM","WALLINGFORD","REDACTED","ALL OTHER","B"
"2025-922473","2025 Dec 14 08:21:36 AM","67803788914","2025 Dec 04 06:15:00 PM","FREMONT","3152","PROPERTY CRIME","B"
"2025-922116","2025 Dec 11 08:42:53 AM","67764964357","2025 Dec 04 06:15:00 PM","MORGAN","6998","PROPERTY CRIME","W"
"2025-355535","2025 Dec 04 07:13:32 PM","67674207494","2025 Dec 04 06:28:00 PM","CHINATOWN/INTERNATIONAL DISTRICT","8142","ALL OTHER","K"
"2025-356031","2025 Dec 06 07:27:58 AM","67702314998","2025 Dec 04 06:30:00 PM","CAPITOL HILL","REDACTED","ALL OTHER","E"
"2025-355546","2025 Dec 04 08:40:54 PM","67674629454","2025 Dec 04 06:30:00 PM","CHINATOWN/INTERNATIONAL DISTRICT","12048","ALL OTHER","K"
"2025-355559","2025 Dec 04 10:59:21 PM","67675679426","2025 Dec 04 06:30:00 PM","BELLTOWN","3004","PROPERTY CRIME","D"
"2025-355547","2025 Dec 09 04:14:22 PM","67745275018","2025 Dec 04 06:38:00 PM","NORTH BEACON HILL","REDACTED","ALL OTHER","R"
"2025-355556","2025 Dec 04 09:47:54 PM","67674921771","2025 Dec 04 06:55:00 PM","ALKI","REDACTED","VIOLENT CRIME","W"
"2025-355556","2025 Dec 04 09:47:54 PM","67674977920","2025 Dec 04 06:55:00 PM","ALKI","REDACTED","PROPERTY CRIME","W"
"2025-922013","2025 Dec 10 09:03:42 AM","67754302034","2025 Dec 04 07:00:00 PM","BALLARD SOUTH","10930","PROPERTY CRIME","B"
"2025-355689","2025 Dec 04 10:40:19 PM","67675162237","2025 Dec 04 07:00:00 PM","SLU/CASCADE","3588","PROPERTY CRIME","D"
"2025-355559","2025 Dec 04 10:59:21 PM","67675867693","2025 Dec 04 07:00:00 PM","GREENWOOD","2540","ALL OTHER","N"
"2025-356013","2025 Dec 05 09:03:31 AM","67684397464","2025 Dec 04 07:00:00 PM","LAKECITY","2533","ALL OTHER","L"
"2025-355592","2025 Dec 04 09:04:16 PM","67674778938","2025 Dec 04 07:00:00 PM","CENTRAL AREA/SQUIRE PARK","2881","ALL OTHER","C"
"2025-356013","2025 Dec 05 09:03:31 AM","67684142179","2025 Dec 04 07:00:00 PM","LAKECITY","2533","PROPERTY CRIME","L"
"2025-922243","2025 Dec 12 08:28:00 AM","67779374387","2025 Dec 04 07:00:00 PM","FREMONT","11080","ALL OTHER","B"
"2025-922283","2025 Dec 12 10:08:19 AM","67780198268","2025 Dec 04 07:02:00 PM","BELLTOWN","4141","PROPERTY CRIME","D"
"2025-355567","2025 Dec 04 07:28:09 PM","67674263725","2025 Dec 04 07:11:00 PM","CHINATOWN/INTERNATIONAL DISTRICT","4115","ALL OTHER","K"
"2025-355579","2025 Dec 04 09:04:50 PM","67674742381","2025 Dec 04 07:27:00 PM","BITTERLAKE","10604","ALL OTHER","N"
"2025-355553","2025 Dec 04 07:31:38 PM","67674280139","2025 Dec 04 07:30:00 PM","CHINATOWN/INTERNATIONAL DISTRICT","3646","ALL OTHER","K"
"2025-355771","2025 Dec 05 02:17:53 AM","67677722186","2025 Dec 04 07:30:00 PM","SLU/CASCADE","6021","VIOLENT CRIME","D"
"2025-355589","2025 Dec 04 08:34:28 PM","67674610858","2025 Dec 04 07:40:00 PM","FIRST HILL","REDACTED","ALL OTHER","E"
"2025-922000","2025 Dec 10 08:43:35 AM","67754132145","2025 Dec 04 07:45:00 PM","BALLARD NORTH","5084","PROPERTY CRIME","J"
"2025-355591","2025 Dec 04 08:14:48 PM","67674512289","2025 Dec 04 07:48:00 PM","LAKECITY","10405","PROPERTY CRIME","L"
"2025-922104","2025 Dec 11 07:25:12 AM","67764333561","2025 Dec 04 08:00:00 PM","BALLARD SOUTH","8404","PROPERTY CRIME","B"
"2025-355602","2025 Dec 04 11:13:49 PM","67675691133","2025 Dec 04 08:01:00 PM","SLU/CASCADE","10500","ALL OTHER","D"
"2025-355608","2025 Dec 04 09:07:46 PM","67674759324","2025 Dec 04 08:12:00 PM","DOWNTOWN COMMERCIAL","10147","ALL OTHER","K"
"2025-355611","2025 Dec 04 09:47:31 PM","67674919141","2025 Dec 04 08:16:00 PM","LAKECITY","REDACTED","VIOLENT CRIME","L"
"2025-355625","2025 Dec 04 09:52:17 PM","67674950290","2025 Dec 04 08:25:00 PM","DOWNTOWN COMMERCIAL","2941","ALL OTHER","M"
"2025-356617","2025 Dec 05 06:26:19 PM","67693102157","2025 Dec 04 09:00:00 PM","SLU/CASCADE","REDACTED","ALL OTHER","D"
"2025-355668","2025 Dec 05 01:00:44 PM","67689238670","2025 Dec 04 09:30:00 PM","SLU/CASCADE","2762","ALL OTHER","D"
"2025-356502","2025 Dec 05 05:51:34 PM","67692962972","2025 Dec 04 09:30:00 PM","BALLARD NORTH","6737","PROPERTY CRIME","J"
"2025-355673","2025 Dec 04 10:39:31 PM","67675126424","2025 Dec 04 09:37:00 PM","BITTERLAKE","10604","PROPERTY CRIME","N"
"2025-355686","2025 Dec 04 11:52:35 PM","67676536810","2025 Dec 04 09:54:00 PM","MAGNOLIA","REDACTED","ALL OTHER","Q"
"2025-355688","2025 Dec 05 12:41:19 AM","67676718295","2025 Dec 04 09:56:00 PM","GEORGETOWN","8935","ALL OTHER","O"
"2025-922032","2025 Dec 10 10:53:55 AM","67755231947","2025 Dec 04 09:58:00 PM","UNIVERSITY","742","PROPERTY CRIME","U"
"2025-356205","2025 Dec 05 12:31:45 PM","67687885759","2025 Dec 04 09:58:00 PM","UNIVERSITY","742","PROPERTY CRIME","U"
"2025-356073","2025 Dec 05 09:43:04 AM","67684346105","2025 Dec 04 10:00:00 PM","LAKECITY","6203","PROPERTY CRIME","L"
"2025-922031","2025 Dec 10 10:53:34 AM","67755229147","2025 Dec 04 10:00:00 PM","NORTHGATE","6113","ALL OTHER","N"
"2025-922069","2025 Dec 10 12:50:45 PM","67757974767","2025 Dec 04 10:00:00 PM","CENTRAL AREA/SQUIRE PARK","3174","PROPERTY CRIME","C"
"2025-356041","2025 Dec 05 10:23:19 AM","67684641856","2025 Dec 04 10:00:00 PM","SANDPOINT","REDACTED","ALL OTHER","U"
"2025-922028","2025 Dec 10 10:41:19 AM","67755125992","2025 Dec 04 10:00:00 PM","NORTHGATE","6113","ALL OTHER","N"
"2025-355695","2025 Dec 04 11:46:19 PM","67676544361","2025 Dec 04 10:04:00 PM","GEORGETOWN","11072","ALL OTHER","O"
"2025-355697","2025 Dec 04 11:50:18 PM","67676949741","2025 Dec 04 10:08:00 PM","FIRST HILL","6961","PROPERTY CRIME","E"
"2025-355812","2025 Dec 05 03:07:20 AM","67678442200","2025 Dec 04 10:31:00 PM","QUEEN ANNE","1930","ALL OTHER","Q"
"2025-355812","2025 Dec 05 03:07:20 AM","67678452776","2025 Dec 04 10:31:00 PM","QUEEN ANNE","1930","ALL OTHER","Q"
"2025-355723","2025 Dec 05 12:46:32 AM","67676735191","2025 Dec 04 10:38:00 PM","RAINIER VIEW","8715","ALL OTHER","S"
"2025-355723","2025 Dec 05 12:46:32 AM","67676738908","2025 Dec 04 10:38:00 PM","RAINIER VIEW","8715","ALL OTHER","S"
"2025-355723","2025 Dec 05 12:46:32 AM","67676733487","2025 Dec 04 10:38:00 PM","RAINIER VIEW","8715","ALL OTHER","S"
"2025-922142","2025 Dec 11 09:57:38 AM","67765601326","2025 Dec 04 11:00:00 PM","UNKNOWN","99","PROPERTY CRIME","99"
"2025-922203","2025 Dec 11 01:38:20 PM","67767650074","2025 Dec 04 11:00:00 PM","FREMONT","3551","PROPERTY CRIME","B"
"2025-356419","2025 Dec 05 08:17:10 PM","67703596368","2025 Dec 04 11:00:00 PM","DOWNTOWN COMMERCIAL","12998","ALL OTHER","M"
"2025-355740","2025 Dec 05 12:47:25 AM","67677244058","2025 Dec 04 11:10:00 PM","SLU/CASCADE","10535","VIOLENT CRIME","D"
"2025-355740","2025 Dec 05 12:47:25 AM","67677757482","2025 Dec 04 11:10:00 PM","SLU/CASCADE","10535","ALL OTHER","D"
"2025-355740","2025 Dec 05 12:47:25 AM","67677755070","2025 Dec 04 11:10:00 PM","SLU/CASCADE","10535","ALL OTHER","D"
"2025-355740","2025 Dec 05 12:47:25 AM","67677747113","2025 Dec 04 11:10:00 PM","SLU/CASCADE","10535","ALL OTHER","D"
"2025-922171","2025 Dec 11 12:00:08 PM","67766769687","2025 Dec 04 11:59:00 PM","QUEEN ANNE","1078","PROPERTY CRIME","Q"
"2025-355833","2025 Dec 05 03:14:36 AM","67678457309","2025 Dec 05 12:00:00 AM","SODO","8013","PROPERTY CRIME","O"
"2025-358126","2025 Dec 07 09:58:59 AM","67714816993","2025 Dec 05 12:00:00 AM","NORTH BEACON HILL","6338","PROPERTY CRIME","R"
"2025-363293","2025 Dec 12 09:20:33 AM","67779841616","2025 Dec 05 12:00:00 AM","DOWNTOWN COMMERCIAL","3144","ALL OTHER","M"
"2025-361568","2025 Dec 10 03:01:16 PM","67759105975","2025 Dec 05 12:00:00 AM","ROXHILL/WESTWOOD/ARBOR HEIGHTS","5534","PROPERTY CRIME","F"
"2025-357201","2025 Dec 06 10:20:55 AM","67703061280","2025 Dec 05 12:00:00 AM","QUEEN ANNE","12761","PROPERTY CRIME","Q"
"2025-358090","2025 Dec 07 09:05:49 AM","67714535523","2025 Dec 05 12:00:00 AM","PIONEER SQUARE","885","PROPERTY CRIME","K"
"2025-358224","2025 Dec 07 11:32:30 AM","67715239062","2025 Dec 05 12:00:00 AM","CAPITOL HILL","674","ALL OTHER","E"
"2025-356054","2025 Dec 05 09:29:15 AM","67684251605","2025 Dec 05 12:00:00 AM","MID BEACON HILL","12642","PROPERTY CRIME","S"
"2025-365527","2025 Dec 14 12:32:54 PM","67815903289","2025 Dec 05 12:00:00 AM","GREENWOOD","6599","PROPERTY CRIME","N"
"2026-022435","2026 Jan 23 11:17:26 PM","68290027863","2025 Dec 05 12:00:00 AM","BALLARD SOUTH","REDACTED","ALL OTHER","B"
"2025-922037","2025 Dec 10 11:28:04 AM","67755762260","2025 Dec 05 12:00:00 AM","BALLARD SOUTH","8098","PROPERTY CRIME","B"
"2025-922120","2025 Dec 11 08:46:37 AM","67764990652","2025 Dec 05 12:00:00 AM","BITTERLAKE","12554","PROPERTY CRIME","N"
"2025-922593","2025 Dec 15 01:53:07 PM","67816578620","2025 Dec 05 12:00:00 AM","NORTH BEACON HILL","5947","PROPERTY CRIME","R"
"2025-357711","2025 Dec 06 09:06:53 PM","67706596143","2025 Dec 05 12:00:00 AM","ALASKA JUNCTION","REDACTED","ALL OTHER","W"
"2025-359201","2025 Dec 08 11:56:44 AM","67767428765","2025 Dec 05 12:00:00 AM","SODO","6248","ALL OTHER","O"
"2025-357728","2025 Dec 06 10:59:27 PM","67707153742","2025 Dec 05 12:00:00 AM","DOWNTOWN COMMERCIAL","2630","ALL OTHER","M"
"2025-367916","2025 Dec 16 05:50:58 PM","67830604847","2025 Dec 05 12:00:00 AM","QUEEN ANNE","16","ALL OTHER","D"
"2025-370998","2025 Dec 19 05:39:01 PM","67874340054","2025 Dec 05 12:00:00 AM","BELLTOWN","8164","PROPERTY CRIME","D"
"2026-900497","2026 Jan 07 08:10:03 AM","68085255847","2025 Dec 05 12:00:00 AM","FREMONT","6512","PROPERTY CRIME","B"
"2025-356581","2025 Dec 05 08:36:34 PM","67693943470","2025 Dec 05 12:00:00 AM","BRIGHTON/DUNLAP","8464","PROPERTY CRIME","S"
"2025-355790","2025 Dec 05 01:43:21 AM","67677031394","2025 Dec 05 12:00:00 AM","DOWNTOWN COMMERCIAL","12452","ALL OTHER","M"
"2025-356082","2025 Dec 05 10:10:53 AM","67684556247","2025 Dec 05 12:00:00 AM","BITTERLAKE","8603","PROPERTY CRIME","N"
"2025-358269","2025 Dec 07 12:40:16 PM","67715595542","2025 Dec 05 12:00:00 AM","JUDKINS PARK/NORTH BEACON HILL","5861","PROPERTY CRIME","G"
"2025-356113","2025 Dec 05 03:44:25 PM","67691988155","2025 Dec 05 12:00:00 AM","ROOSEVELT/RAVENNA","REDACTED","ALL OTHER","U"
"2025-356227","2025 Dec 05 07:57:45 PM","67872942125","2025 Dec 05 12:00:00 AM","NORTH BEACON HILL","2018","VIOLENT CRIME","R"
"2025-359201","2025 Dec 08 11:56:44 AM","67728380516","2025 Dec 05 12:00:00 AM","SODO","6248","ALL OTHER","O"
"2025-356154","2025 Dec 05 06:04:10 PM","67692907638","2025 Dec 05 12:00:00 AM","CAPITOL HILL","3393","ALL OTHER","E"
"2025-359076","2025 Dec 08 07:45:33 PM","67731610617","2025 Dec 05 12:00:00 AM","CHINATOWN/INTERNATIONAL DISTRICT","REDACTED","ALL OTHER","K"
"2025-359524","2025 Dec 08 04:10:12 PM","67730307266","2025 Dec 05 12:00:00 AM","MAGNOLIA","4049","PROPERTY CRIME","Q"
"2025-356781","2025 Dec 05 09:39:37 PM","67694277318","2025 Dec 05 12:00:00 AM","DOWNTOWN COMMERCIAL","2648","ALL OTHER","K"
"2025-355770","2025 Dec 05 01:13:27 AM","67676990969","2025 Dec 05 12:01:00 AM","RAINIER BEACH","3955","ALL OTHER","S"
"2025-355772","2025 Dec 05 01:05:17 AM","67677772310","2025 Dec 05 12:04:00 AM","PIONEER SQUARE","REDACTED","ALL OTHER","K"
"2025-355772","2025 Dec 05 01:05:17 AM","67677010248","2025 Dec 05 12:04:00 AM","PIONEER SQUARE","REDACTED","ALL OTHER","K"
"2025-355772","2025 Dec 05 01:05:17 AM","67676998919","2025 Dec 05 12:04:00 AM","PIONEER SQUARE","REDACTED","ALL OTHER","K"
"2025-355772","2025 Dec 05 01:05:17 AM","67676988598","2025 Dec 05 12:04:00 AM","PIONEER SQUARE","REDACTED","ALL OTHER","K"
"2025-355772","2025 Dec 05 01:05:17 AM","67676997070","2025 Dec 05 12:04:00 AM","PIONEER SQUARE","REDACTED","ALL OTHER","K"
"2025-355772","2025 Dec 05 01:05:17 AM","67677027755","2025 Dec 05 12:04:00 AM","PIONEER SQUARE","REDACTED","ALL OTHER","K"
"2025-355910","2025 Dec 05 06:51:34 AM","67683130041","2025 Dec 05 12:16:00 AM","MID BEACON HILL","5584","ALL OTHER","S"
"2025-355783","2025 Dec 05 01:17:37 AM","67676966092","2025 Dec 05 12:23:00 AM","CHINATOWN/INTERNATIONAL DISTRICT","4579","VIOLENT CRIME","K"
"2025-355793","2025 Dec 05 02:01:47 AM","67677696514","2025 Dec 05 12:54:00 AM","HIGH POINT","REDACTED","ALL OTHER","F"
"2025-355793","2025 Dec 05 02:01:47 AM","67677688901","2025 Dec 05 12:54:00 AM","HIGH POINT","REDACTED","PROPERTY CRIME","F"
"2025-356191","2025 Dec 05 11:52:30 AM","67686411641","2025 Dec 05 01:00:00 AM","PIONEER SQUARE","7130","PROPERTY CRIME","K"
"2025-355803","2025 Dec 05 02:25:57 AM","67680474244","2025 Dec 05 01:25:00 AM","NORTHGATE","2539","ALL OTHER","N"
"2025-355803","2025 Dec 05 02:25:57 AM","67680484758","2025 Dec 05 01:25:00 AM","NORTHGATE","2539","ALL OTHER","N"
"2025-355803","2025 Dec 05 02:25:57 AM","67677757884","2025 Dec 05 01:25:00 AM","NORTHGATE","2539","ALL OTHER","N"
"2025-355804","2025 Dec 05 12:15:24 PM","67686883615","2025 Dec 05 01:26:00 AM","GEORGETOWN","3031","ALL OTHER","O"
"2025-356299","2025 Dec 05 01:13:14 PM","67689811046","2025 Dec 05 01:30:00 AM","NEW HOLLY","3559","PROPERTY CRIME","S"
"2025-357476","2025 Dec 06 08:34:45 PM","67706449820","2025 Dec 05 01:55:00 AM","QUEEN ANNE","8487","PROPERTY CRIME","Q"
"2025-922111","2025 Dec 11 07:29:41 AM","67764376608","2025 Dec 05 02:00:00 AM","MADRONA/LESCHI","6992","PROPERTY CRIME","G"
"2025-922045","2025 Dec 10 12:22:35 PM","67757255118","2025 Dec 05 02:00:00 AM","CENTRAL AREA/SQUIRE PARK","3174","PROPERTY CRIME","C"
"2025-922126","2025 Dec 11 09:36:50 AM","67765428519","2025 Dec 05 02:00:00 AM","QUEEN ANNE","12016","PROPERTY CRIME","Q"
"2025-355895","2025 Dec 05 06:23:35 AM","67682962427","2025 Dec 05 02:00:00 AM","GREENWOOD","5892","PROPERTY CRIME","J"
"2025-356521","2025 Dec 05 09:42:44 PM","67694652549","2025 Dec 05 02:10:00 AM","FREMONT","407","PROPERTY CRIME","B"
"2025-355832","2025 Dec 05 03:03:07 AM","67678442284","2025 Dec 05 02:30:00 AM","ALASKA JUNCTION","2638","PROPERTY CRIME","W"
"2025-922043","2025 Dec 10 11:30:47 AM","67755853589","2025 Dec 05 02:52:00 AM","UNKNOWN","99","PROPERTY CRIME","99"
"2025-355838","2025 Dec 05 06:52:52 AM","67684031992","2025 Dec 05 02:53:00 AM","PIONEER SQUARE","7129","PROPERTY CRIME","K"
"2025-355843","2025 Dec 05 03:47:01 AM","67679495350","2025 Dec 05 03:07:00 AM","NORTH BEACON HILL","2715","ALL OTHER","R"
"2025-356694","2025 Dec 05 11:20:31 PM","67696208863","2025 Dec 05 03:30:00 AM","BALLARD SOUTH","REDACTED","ALL OTHER","B"
"2025-355859","2025 Dec 05 06:54:02 AM","67683183257","2025 Dec 05 04:00:00 AM","FREMONT","8636","PROPERTY CRIME","B"
"2025-359101","2025 Dec 08 12:52:07 PM","67728810647","2025 Dec 05 04:17:00 AM","RAINIER BEACH","5840","PROPERTY CRIME","S"
"2025-922084","2025 Dec 10 01:26:49 PM","67758271831","2025 Dec 05 04:29:00 AM","ROOSEVELT/RAVENNA","1914","PROPERTY CRIME","J"
"2025-922035","2025 Dec 10 11:27:23 AM","67755727710","2025 Dec 05 04:30:00 AM","MADRONA/LESCHI","8883","PROPERTY CRIME","C"
"2025-922309","2025 Dec 12 10:51:59 AM","67780557345","2025 Dec 05 05:00:00 AM","BELLTOWN","2137","PROPERTY CRIME","D"
"2025-922834","2025 Dec 18 09:21:32 AM","67850733464","2025 Dec 05 05:16:00 AM","BALLARD SOUTH","12944","ALL OTHER","B"
"2025-355902","2025 Dec 05 09:10:12 AM","67684415079","2025 Dec 05 05:30:00 AM","CHINATOWN/INTERNATIONAL DISTRICT","REDACTED","VIOLENT CRIME","K"
"2025-355902","2025 Dec 05 09:10:12 AM","67684368311","2025 Dec 05 05:30:00 AM","CHINATOWN/INTERNATIONAL DISTRICT","REDACTED","ALL OTHER","K"
"2025-358210","2025 Dec 07 11:08:40 AM","67715117992","2025 Dec 05 06:00:00 AM","BALLARD NORTH","639","ALL OTHER","J"
"2025-355900","2025 Dec 05 06:39:34 AM","67683059938","2025 Dec 05 06:14:00 AM","CAPITOL HILL","10432","PROPERTY CRIME","E"
"2025-356002","2025 Dec 05 08:34:41 AM","67683859279","2025 Dec 05 06:23:00 AM","SLU/CASCADE","2465","PROPERTY CRIME","D"
"2025-922033","2025 Dec 10 11:24:38 AM","67755513067","2025 Dec 05 06:35:00 AM","ROOSEVELT/RAVENNA","6004","PROPERTY CRIME","U"
"2025-357807","2025 Dec 06 11:29:21 PM","67708535558","2025 Dec 05 07:34:00 AM","MAGNOLIA","11216","PROPERTY CRIME","Q"
"2025-357185","2025 Dec 06 12:35:56 PM","67703791621","2025 Dec 05 07:45:00 AM","QUEEN ANNE","REDACTED","ALL OTHER","Q"
"2025-355973","2025 Dec 05 05:50:13 PM","67692827848","2025 Dec 05 07:52:00 AM","DOWNTOWN COMMERCIAL","REDACTED","ALL OTHER","K"
"2025-355973","2025 Dec 05 05:50:13 PM","67692836962","2025 Dec 05 07:55:00 AM","DOWNTOWN COMMERCIAL","REDACTED","ALL OTHER","K"
"2025-355977","2025 Dec 05 09:44:07 AM","67684496042","2025 Dec 05 07:57:00 AM","NORTHGATE","REDACTED","ALL OTHER","N"
"2025-356507","2025 Dec 05 05:38:50 PM","67692750052","2025 Dec 05 08:00:00 AM","MID BEACON HILL","2347","PROPERTY CRIME","S"
"2025-922316","2025 Dec 12 10:56:58 AM","67780597501","2025 Dec 05 08:00:00 AM","CAPITOL HILL","13059","PROPERTY CRIME","E"
"2025-922047","2025 Dec 10 12:23:17 PM","67757269141","2025 Dec 05 08:00:00 AM","BALLARD SOUTH","7096","PROPERTY CRIME","B"
"2025-355986","2025 Dec 05 11:58:52 AM","67686477906","2025 Dec 05 08:07:00 AM","GENESEE","4893","PROPERTY CRIME","R"
"2025-922148","2025 Dec 11 09:59:56 AM","67765623616","2025 Dec 05 08:12:00 AM","QUEEN ANNE","1323","PROPERTY CRIME","Q"
"2025-922082","2025 Dec 10 01:24:57 PM","67758256857","2025 Dec 05 08:30:00 AM","QUEEN ANNE","8893","PROPERTY CRIME","D"
"2025-356069","2025 Dec 05 11:02:52 AM","67685298938","2025 Dec 05 08:56:00 AM","QUEEN ANNE","3505","ALL OTHER","Q"
"2025-922049","2025 Dec 10 12:24:01 PM","67757285620","2025 Dec 05 09:00:00 AM","CENTRAL AREA/SQUIRE PARK","3174","ALL OTHER","C"
"2025-356072","2025 Dec 05 10:34:47 AM","67684738230","2025 Dec 05 09:28:00 AM","CAPITOL HILL","3393","ALL OTHER","E"
"2025-922179","2025 Dec 11 12:49:39 PM","67767208621","2025 Dec 05 09:30:00 AM","CAPITOL HILL","13064","ALL OTHER","E"
"2025-356080","2025 Dec 05 11:39:19 AM","67686248574","2025 Dec 05 09:38:00 AM","UNIVERSITY","5930","PROPERTY CRIME","U"
"2025-356296","2025 Dec 05 06:27:59 PM","67693164057","2025 Dec 05 10:00:00 AM","UNKNOWN","99","ALL OTHER","99"
"2025-922770","2025 Dec 17 12:55:02 PM","67839986651","2025 Dec 05 10:00:00 AM","UNIVERSITY","5903","PROPERTY CRIME","U"
"2025-922363","2025 Dec 12 12:27:49 PM","67781405025","2025 Dec 05 10:00:00 AM","JUDKINS PARK/NORTH BEACON HILL","11055","PROPERTY CRIME","G"
"2025-356115","2025 Dec 05 11:40:32 AM","67687367368","2025 Dec 05 10:16:00 AM","LAKECITY","5660","ALL OTHER","L"
"2025-356132","2025 Dec 05 11:50:36 AM","67686414765","2025 Dec 05 10:30:00 AM","NORTH BEACON HILL","1815","ALL OTHER","R"
"2025-700598","2025 Dec 10 03:03:05 PM","67759089031","2025 Dec 05 10:36:00 AM","SLU/CASCADE","6021","PROPERTY CRIME","D"
"2025-700592","2025 Dec 08 12:35:58 PM","67728642003","2025 Dec 05 10:37:00 AM","NORTHGATE","6541","PROPERTY CRIME","N"
"2025-356495","2025 Dec 05 09:41:10 PM","67694309936","2025 Dec 05 10:45:00 AM","HIGHLAND PARK","11410","PROPERTY CRIME","F"
"2025-356174","2025 Dec 05 01:43:52 PM","67690563878","2025 Dec 05 10:45:00 AM","QUEEN ANNE","7690","PROPERTY CRIME","Q"
"2025-360555","2025 Dec 09 09:34:56 PM","67747400875","2025 Dec 05 11:00:00 AM","SANDPOINT","11036","PROPERTY CRIME","U"
"2025-356270","2025 Dec 05 01:35:45 PM","67690430741","2025 Dec 05 11:00:00 AM","WALLINGFORD","12129","ALL OTHER","B"
"2025-922113","2025 Dec 11 08:41:38 AM","67764955838","2025 Dec 05 11:00:00 AM","NORTHGATE","3861","ALL OTHER","L"
"2025-356160","2025 Dec 15 08:10:52 AM","67813629657","2025 Dec 05 11:03:00 AM","ROOSEVELT/RAVENNA","REDACTED","ALL OTHER","J"
"2025-356188","2025 Dec 05 12:15:50 PM","67686940429","2025 Dec 05 11:20:00 AM","SLU/CASCADE","719","PROPERTY CRIME","D"
"2025-356506","2025 Dec 05 10:05:00 PM","67694419030","2025 Dec 05 11:30:00 AM","CENTRAL AREA/SQUIRE PARK","10689","PROPERTY CRIME","C"
"2025-922242","2025 Dec 12 08:27:40 AM","67779372162","2025 Dec 05 11:31:00 AM","SANDPOINT","10235","ALL OTHER","U"
"2025-922421","2025 Dec 14 07:15:40 AM","67803552841","2025 Dec 05 11:38:00 AM","MID BEACON HILL","10883","PROPERTY CRIME","R"
"2025-922048","2025 Dec 10 12:23:38 PM","67757274532","2025 Dec 05 11:41:00 AM","HIGH POINT","6249","PROPERTY CRIME","F"
"2025-922085","2025 Dec 10 01:27:45 PM","67758279820","2025 Dec 05 11:45:00 AM","ROOSEVELT/RAVENNA","11154","ALL OTHER","U"
"2025-356233","2025 Dec 05 01:26:18 PM","67690535475","2025 Dec 05 11:57:00 AM","DOWNTOWN COMMERCIAL","6102","VIOLENT CRIME","K"
"2025-356548","2025 Dec 05 07:32:39 PM","67693540341","2025 Dec 05 12:00:00 PM","ROOSEVELT/RAVENNA","6043","PROPERTY CRIME","U"
"2025-922080","2025 Dec 10 01:23:40 PM","67758246999","2025 Dec 05 12:27:00 PM","PHINNEY RIDGE","5424","PROPERTY CRIME","B"
"2025-922060","2025 Dec 10 12:34:29 PM","67757764075","2025 Dec 05 12:30:00 PM","UNIVERSITY","10188","PROPERTY CRIME","U"
"2025-922603","2025 Dec 16 06:04:28 AM","67823624867","2025 Dec 05 12:30:00 PM","SANDPOINT","41","PROPERTY CRIME","L"
"2025-356295","2025 Dec 05 04:40:04 PM","68059184844","2025 Dec 05 12:46:00 PM","BRIGHTON/DUNLAP","8553","ALL OTHER","S"
"2025-922639","2025 Dec 16 10:30:36 AM","67826625145","2025 Dec 05 12:54:00 PM","DOWNTOWN COMMERCIAL","10067","PROPERTY CRIME","K"
"2025-356681","2025 Dec 05 09:46:22 PM","67696091720","2025 Dec 05 01:00:00 PM","PIONEER SQUARE","4074","PROPERTY CRIME","K"
"2025-922218","2025 Dec 12 07:36:05 AM","67778940763","2025 Dec 05 01:12:00 PM","SANDPOINT","6945","ALL OTHER","U"
"2025-922293","2025 Dec 12 10:15:40 AM","67780254910","2025 Dec 05 01:15:00 PM","SLU/CASCADE","12492","PROPERTY CRIME","D"
"2025-356324","2025 Dec 05 02:13:05 PM","67690846922","2025 Dec 05 01:15:00 PM","BALLARD NORTH","10378","PROPERTY CRIME","J"
"2025-356327","2025 Dec 05 02:13:29 PM","67690946228","2025 Dec 05 01:17:00 PM","CENTRAL AREA/SQUIRE PARK","2152","PROPERTY CRIME","C"
"2025-356343","2025 Dec 05 05:02:59 PM","67693560932","2025 Dec 05 01:23:00 PM","FREMONT","3498","ALL OTHER","B"
"2025-356343","2025 Dec 05 05:02:59 PM","67693425946","2025 Dec 05 01:23:00 PM","FREMONT","3498","VIOLENT CRIME","B"
"2025-356343","2025 Dec 05 05:02:59 PM","67693568254","2025 Dec 05 01:23:00 PM","FREMONT","3498","ALL OTHER","B"
"2025-922078","2025 Dec 10 01:21:06 PM","67758225631","2025 Dec 05 01:30:00 PM","RAINIER VIEW","2950","PROPERTY CRIME","S"
"2025-922102","2025 Dec 11 06:42:40 AM","67764023380","2025 Dec 05 01:50:00 PM","BALLARD SOUTH","3349","PROPERTY CRIME","B"
"2025-923386","2025 Dec 28 01:13:53 PM","67966843952","2025 Dec 05 02:00:00 PM","ALASKA JUNCTION","10472","PROPERTY CRIME","W"
"2025-922119","2025 Dec 11 08:46:02 AM","67764985850","2025 Dec 05 02:00:00 PM","BALLARD SOUTH","6451","PROPERTY CRIME","B"
"2025-358288","2025 Dec 07 03:14:55 PM","67716419907","2025 Dec 05 02:00:00 PM","NORTHGATE","11447","ALL OTHER","L"
"2025-356406","2025 Dec 05 05:14:24 PM","67692612247","2025 Dec 05 02:25:00 PM","QUEEN ANNE","6553","PROPERTY CRIME","Q"
"2025-356410","2025 Dec 05 04:15:53 PM","67692223581","2025 Dec 05 02:30:00 PM","NORTHGATE","2055","PROPERTY CRIME","L"
"2025-921806","2025 Dec 06 01:08:17 PM","67703960842","2025 Dec 05 02:30:00 PM","FIRST HILL","1247","ALL OTHER","G"
"2025-356416","2025 Dec 05 09:36:20 PM","67694273046","2025 Dec 05 02:36:00 PM","FIRST HILL","REDACTED","ALL OTHER","E"
"2025-356419","2025 Dec 05 08:17:10 PM","67703453672","2025 Dec 05 02:39:00 PM","DOWNTOWN COMMERCIAL","12998","ALL OTHER","M"
"2025-356422","2025 Dec 05 06:24:35 PM","67693043081","2025 Dec 05 02:44:00 PM","JUDKINS PARK/NORTH BEACON HILL","2655","ALL OTHER","G"
"2025-922189","2025 Dec 11 01:25:43 PM","67767545027","2025 Dec 05 03:00:00 PM","BALLARD SOUTH","3553","ALL OTHER","B"
"2025-922356","2025 Dec 12 12:24:25 PM","67781379092","2025 Dec 05 03:00:00 PM","CAPITOL HILL","667","PROPERTY CRIME","E"
"2025-357234","2025 Dec 06 11:04:42 AM","67703362586","2025 Dec 05 03:00:00 PM","BRIGHTON/DUNLAP","346","PROPERTY CRIME","S"
"2025-922125","2025 Dec 11 09:17:03 AM","67765259358","2025 Dec 05 03:00:00 PM","GREENWOOD","6602","PROPERTY CRIME","J"
"2025-368675","2025 Dec 17 01:24:26 PM","67841620657","2025 Dec 05 03:00:00 PM","ROXHILL/WESTWOOD/ARBOR HEIGHTS","10484","PROPERTY CRIME","F"
"2025-922804","2025 Dec 18 06:05:44 AM","67848940603","2025 Dec 05 03:00:00 PM","MADISON PARK","12839","PROPERTY CRIME","C"
"2025-368675","2025 Dec 17 01:24:26 PM","67858234443","2025 Dec 05 03:00:00 PM","ROXHILL/WESTWOOD/ARBOR HEIGHTS","10484","ALL OTHER","F"
"2025-922144","2025 Dec 11 09:58:22 AM","67765609064","2025 Dec 05 03:40:00 PM","SANDPOINT","4401","ALL OTHER","L"
"2025-356483","2025 Dec 05 04:22:08 PM","67692291190","2025 Dec 05 03:41:00 PM","MOUNT BAKER","3533","ALL OTHER","R"
"2025-357518","2025 Dec 06 08:58:36 PM","67706553650","2025 Dec 05 03:45:00 PM","FIRST HILL","5852","VIOLENT CRIME","G"
"2026-017891","2026 Jan 19 01:49:08 PM","68232427325","2025 Dec 05 03:45:00 PM","SODO","1712","ALL OTHER","O"
"2025-357518","2025 Dec 06 08:58:36 PM","67708184091","2025 Dec 05 03:45:00 PM","FIRST HILL","5852","PROPERTY CRIME","G"
"2025-363634","2025 Dec 12 03:45:27 PM","67783134068","2025 Dec 05 04:00:00 PM","MADISON PARK","10195","PROPERTY CRIME","C"
"2025-356530","2025 Dec 05 06:53:20 PM","67705972882","2025 Dec 05 04:04:00 PM","SLU/CASCADE","REDACTED","ALL OTHER","D"
"2025-922134","2025 Dec 11 09:51:47 AM","67765552667","2025 Dec 05 04:04:00 PM","GREENWOOD","12977","PROPERTY CRIME","N"
"2025-356511","2025 Dec 05 04:39:48 PM","67692393958","2025 Dec 05 04:08:00 PM","CAPITOL HILL","667","ALL OTHER","E"
"2025-356511","2025 Dec 05 04:39:48 PM","67692356836","2025 Dec 05 04:08:00 PM","CAPITOL HILL","667","ALL OTHER","E"
"2025-922147","2025 Dec 11 09:59:38 AM","67765620712","2025 Dec 05 04:15:00 PM","ROOSEVELT/RAVENNA","7143","PROPERTY CRIME","J"
"2025-356527","2025 Dec 05 07:24:30 PM","67693541529","2025 Dec 05 04:19:00 PM","DOWNTOWN COMMERCIAL","6835","PROPERTY CRIME","M"
"2025-922121","2025 Dec 11 09:05:29 AM","67765155548","2025 Dec 05 04:30:00 PM","ALASKA JUNCTION","7657","PROPERTY CRIME","W"
"2025-922074","2025 Dec 10 01:05:28 PM","67758093585","2025 Dec 05 04:30:00 PM","DOWNTOWN COMMERCIAL","12451","ALL OTHER","M"
"2025-356557","2025 Dec 05 09:51:25 PM","67694688440","2025 Dec 05 04:49:00 PM","ROOSEVELT/RAVENNA","13055","ALL OTHER","J"
"2025-922183","2025 Dec 11 12:51:35 PM","67767231212","2025 Dec 05 05:00:00 PM","ROOSEVELT/RAVENNA","10996","PROPERTY CRIME","U"
"2025-356807","2025 Dec 06 02:45:44 AM","67697394808","2025 Dec 05 05:00:00 PM","BALLARD SOUTH","REDACTED","ALL OTHER","B"
"2025-357274","2025 Dec 06 04:44:24 PM","67705137042","2025 Dec 05 05:00:00 PM","ROXHILL/WESTWOOD/ARBOR HEIGHTS","611","ALL OTHER","F"
"2025-367780","2025 Dec 16 05:33:17 PM","67830460770","2025 Dec 05 05:07:00 PM","RAINIER VIEW","10389","PROPERTY CRIME","S"
"2025-922087","2025 Dec 10 01:28:21 PM","67758284728","2025 Dec 05 05:20:00 PM","DOWNTOWN COMMERCIAL","1018","PROPERTY CRIME","K"
"2025-357359","2025 Dec 06 04:33:55 PM","67705116666","2025 Dec 05 05:30:00 PM","BITTERLAKE","4388","PROPERTY CRIME","N"
"2025-357216","2025 Dec 06 11:18:53 AM","67703473079","2025 Dec 05 05:42:00 PM","FREMONT","8636","PROPERTY CRIME","B"
"2025-922787","2025 Dec 17 01:18:04 PM","67840194616","2025 Dec 05 06:00:00 PM","WALLINGFORD","12499","PROPERTY CRIME","B"
"2025-922256","2025 Dec 12 09:41:15 AM","67779979325","2025 Dec 05 06:00:00 PM","BELLTOWN","4141","ALL OTHER","D"
"2025-922249","2025 Dec 12 08:39:54 AM","67779477441","2025 Dec 05 06:00:00 PM","BALLARD SOUTH","433","ALL OTHER","B"
"2025-922092","2025 Dec 10 01:30:08 PM","67758299352","2025 Dec 05 06:00:00 PM","BALLARD SOUTH","10117","PROPERTY CRIME","B"
"2025-358323","2025 Dec 07 08:41:57 PM","67718039244","2025 Dec 05 06:00:00 PM","CAPITOL HILL","1231","ALL OTHER","E"
"2025-922108","2025 Dec 11 07:28:14 AM","67764362597","2025 Dec 05 06:05:00 PM","CAPITOL HILL","823","ALL OTHER","E"
"2026-012284","2026 Jan 13 06:19:39 PM","68166256394","2025 Dec 05 06:07:00 PM","BITTERLAKE","383","PROPERTY CRIME","N"
"2026-012284","2026 Jan 13 06:19:39 PM","68166235171","2025 Dec 05 06:07:00 PM","BITTERLAKE","383","ALL OTHER","N"
"2025-922091","2025 Dec 10 01:29:42 PM","67758296777","2025 Dec 05 06:15:00 PM","CAPITOL HILL","823","ALL OTHER","E"
"2025-361552","2025 Dec 10 03:18:27 PM","67759211667","2025 Dec 05 06:15:00 PM","UNIVERSITY","745","PROPERTY CRIME","U"
"2025-356635","2025 Dec 05 08:43:53 PM","67693981584","2025 Dec 05 06:29:00 PM","GEORGETOWN","3038","ALL OTHER","O"
"2025-356802","2025 Dec 05 09:57:46 PM","67694397315","2025 Dec 05 06:37:00 PM","CAPITOL HILL","4220","PROPERTY CRIME","E"
"2025-356650","2025 Dec 06 03:53:14 AM","67698860012","2025 Dec 05 06:41:00 PM","WALLINGFORD","5665","ALL OTHER","B"
"2025-356651","2025 Dec 05 07:43:14 PM","67693911633","2025 Dec 05 06:41:00 PM","NORTHGATE","5669","ALL OTHER","N"
"2025-356460","2025 Dec 05 11:16:18 PM","67696047675","2025 Dec 05 06:42:00 PM","FREMONT","2923","ALL OTHER","B"
"2025-356460","2025 Dec 05 11:16:18 PM","67696148513","2025 Dec 05 06:42:00 PM","FREMONT","10231","ALL OTHER","B"
"2025-356460","2025 Dec 05 11:16:18 PM","67695934759","2025 Dec 05 06:42:00 PM","FREMONT","10231","PROPERTY CRIME","B"
"2025-356460","2025 Dec 05 11:16:18 PM","67696143948","2025 Dec 05 06:42:00 PM","FREMONT","10231","ALL OTHER","B"
"2025-922107","2025 Dec 11 07:27:38 AM","67764355199","2025 Dec 05 06:45:00 PM","SLU/CASCADE","4138","PROPERTY CRIME","Q"
"2025-922870","2025 Dec 18 10:57:00 AM","67852424398","2025 Dec 05 06:48:00 PM","SLU/CASCADE","4497","PROPERTY CRIME","D"
"2025-921807","2025 Dec 06 01:08:35 PM","67703962051","2025 Dec 05 07:00:00 PM","BELLTOWN","4708","ALL OTHER","D"
"2025-922609","2025 Dec 16 07:12:16 AM","67824221120","2025 Dec 05 07:00:00 PM","PIONEER SQUARE","3884","PROPERTY CRIME","K"
"2025-921847","2025 Dec 09 07:08:08 AM","67739714084","2025 Dec 05 07:00:00 PM","NORTH BEACON HILL","10159","ALL OTHER","R"
"2025-922103","2025 Dec 11 06:43:02 AM","67764027015","2025 Dec 05 07:15:00 PM","FIRST HILL","816","PROPERTY CRIME","E"
"2025-357220","2025 Dec 06 11:11:51 AM","67703372452","2025 Dec 05 07:18:00 PM","GEORGETOWN","11067","ALL OTHER","O"
"2025-356683","2025 Dec 05 10:30:23 PM","67694539927","2025 Dec 05 07:18:00 PM","NORTHGATE","2055","PROPERTY CRIME","L"
"2025-360282","2025 Dec 11 04:30:01 PM","67769254514","2025 Dec 05 07:34:00 PM","CLAREMONT/RAINIER VISTA","10410","PROPERTY CRIME","R"
"2025-922079","2025 Dec 10 01:21:57 PM","67758231991","2025 Dec 05 07:53:00 PM","MILLER PARK","529","PROPERTY CRIME","C"
"2025-356707","2025 Dec 06 03:01:06 AM","67840019149","2025 Dec 05 07:55:00 PM","BALLARD SOUTH","10112","ALL OTHER","B"
"2025-700595","2025 Dec 08 01:04:07 PM","67728856732","2025 Dec 05 07:59:00 PM","ROOSEVELT/RAVENNA","8593","PROPERTY CRIME","U"
"2025-922145","2025 Dec 11 09:58:47 AM","67765613064","2025 Dec 05 08:00:00 PM","BALLARD SOUTH","2450","ALL OTHER","B"
"2025-357177","2025 Dec 06 09:51:14 AM","67702920845","2025 Dec 05 08:00:00 PM","CAPITOL HILL","1232","PROPERTY CRIME","E"
"2025-357657","2025 Dec 07 08:34:43 AM","67714404529","2025 Dec 05 08:00:00 PM","CHINATOWN/INTERNATIONAL DISTRICT","10402","ALL OTHER","K"
"2025-356890","2025 Dec 06 08:17:38 AM","67702520698","2025 Dec 05 08:00:00 PM","CHINATOWN/INTERNATIONAL DISTRICT","8146","ALL OTHER","K"
"2025-356915","2025 Dec 06 02:03:53 AM","67697288296","2025 Dec 05 08:00:00 PM","SANDPOINT","REDACTED","ALL OTHER","U"
"2025-357304","2025 Dec 06 08:14:43 PM","67706334043","2025 Dec 05 08:00:00 PM","UNIVERSITY","7940","PROPERTY CRIME","U"
"2025-922712","2025 Dec 17 07:21:26 AM","67836684817","2025 Dec 05 08:17:00 PM","PIONEER SQUARE","7129","PROPERTY CRIME","K"
"2025-356747","2025 Dec 05 10:33:26 PM","67694557440","2025 Dec 05 08:30:00 PM","BITTERLAKE","REDACTED","ALL OTHER","N"
"2025-356747","2025 Dec 05 10:33:26 PM","67694599537","2025 Dec 05 08:30:00 PM","BITTERLAKE","REDACTED","ALL OTHER","N"
"2025-356748","2025 Dec 05 10:43:17 PM","67694629023","2025 Dec 05 08:41:00 PM","FIRST HILL","3641","ALL OTHER","G"
"2025-922117","2025 Dec 11 08:44:40 AM","67764977460","2025 Dec 05 09:00:00 PM","UNIVERSITY","1972","PROPERTY CRIME","U"
"2025-356774","2025 Dec 06 01:08:50 AM","67696558190","2025 Dec 05 09:02:00 PM","MAGNOLIA","11017","ALL OTHER","Q"
"2025-356774","2025 Dec 06 01:08:50 AM","67696525971","2025 Dec 05 09:02:00 PM","MAGNOLIA","11017","VIOLENT CRIME","Q"
"2025-356774","2025 Dec 06 01:08:50 AM","67696561144","2025 Dec 05 09:02:00 PM","MAGNOLIA","11017","ALL OTHER","Q"
"2025-356774","2025 Dec 06 01:08:50 AM","67696588911","2025 Dec 05 09:04:00 PM","MAGNOLIA","8092","ALL OTHER","Q"
"2025-356774","2025 Dec 06 01:08:50 AM","67696564815","2025 Dec 05 09:04:00 PM","MAGNOLIA","8092","ALL OTHER","Q"
"2025-922090","2025 Dec 10 01:29:23 PM","67758293898","2025 Dec 05 09:05:00 PM","NORTHGATE","3861","PROPERTY CRIME","L"
"2025-356791","2025 Dec 05 11:53:14 PM","67696216597","2025 Dec 05 09:15:00 PM","NORTHGATE","6343","ALL OTHER","N"
"2025-356799","2025 Dec 06 12:02:09 AM","67696123882","2025 Dec 05 09:21:00 PM","HIGHLAND PARK","7337","ALL OTHER","F"
"2025-922360","2025 Dec 12 12:26:44 PM","67781398103","2025 Dec 05 10:00:00 PM","BELLTOWN","4496","PROPERTY CRIME","D"
"2025-357253","2025 Dec 06 12:07:27 PM","67703645199","2025 Dec 05 10:00:00 PM","GREENWOOD","2198","PROPERTY CRIME","N"
"2025-922112","2025 Dec 11 07:30:01 AM","67764378173","2025 Dec 05 10:00:00 PM","BELLTOWN","12716","ALL OTHER","M"
"2025-357104","2025 Dec 06 08:30:10 AM","67702564850","2025 Dec 05 10:00:00 PM","WALLINGFORD","12559","PROPERTY CRIME","B"
"2025-922267","2025 Dec 12 09:45:56 AM","67780018572","2025 Dec 05 10:00:00 PM","JUDKINS PARK/NORTH BEACON HILL","12326","PROPERTY CRIME","G"
"2025-356841","2025 Dec 05 11:05:02 PM","67695152749","2025 Dec 05 10:24:00 PM","DOWNTOWN COMMERCIAL","10445","ALL OTHER","K"
"2025-356853","2025 Dec 06 01:02:55 AM","67696492674","2025 Dec 05 10:34:00 PM","SLU/CASCADE","5447","ALL OTHER","Q"
"2025-356856","2025 Dec 05 11:01:58 PM","67695734424","2025 Dec 05 10:38:00 PM","GREENWOOD","2540","ALL OTHER","N"
"2025-922266","2025 Dec 12 09:45:36 AM","67780015361","2025 Dec 05 10:40:00 PM","PIONEER SQUARE","12798","PROPERTY CRIME","K"
"2025-356861","2025 Dec 05 11:35:38 PM","67695724481","2025 Dec 05 10:48:00 PM","SOUTH DELRIDGE","12178","ALL OTHER","F"
"2025-356867","2025 Dec 06 03:44:27 AM","67698860479","2025 Dec 05 10:55:00 PM","MOUNT BAKER","1386","ALL OTHER","R"
"2025-922124","2025 Dec 11 09:16:35 AM","67765254769","2025 Dec 05 11:00:00 PM","WALLINGFORD","10183","ALL OTHER","B"
"2025-922138","2025 Dec 11 09:54:00 AM","67765571786","2025 Dec 05 11:00:00 PM","BELLTOWN","4496","PROPERTY CRIME","D"
"2025-922910","2025 Dec 19 10:02:09 AM","67868614991","2025 Dec 05 11:02:00 PM","UNKNOWN","99","ALL OTHER","99"
"2025-356882","2025 Dec 06 12:33:09 AM","67730022017","2025 Dec 05 11:18:00 PM","BITTERLAKE","5893","ALL OTHER","N"
"2025-356882","2025 Dec 06 12:33:09 AM","67696275569","2025 Dec 05 11:18:00 PM","BITTERLAKE","5893","ALL OTHER","N"
"2025-356882","2025 Dec 06 12:33:09 AM","67696480516","2025 Dec 05 11:18:00 PM","BITTERLAKE","5893","ALL OTHER","N"
"2025-357077","2025 Dec 06 06:11:47 AM","67702002306","2025 Dec 05 11:20:00 PM","RAINIER BEACH","4660","PROPERTY CRIME","S"
"2025-356893","2025 Dec 06 12:49:43 AM","67696452966","2025 Dec 05 11:25:00 PM","RAINIER BEACH","12170","PROPERTY CRIME","S"
"2025-356901","2025 Dec 06 01:05:38 AM","67696499557","2025 Dec 05 11:52:00 PM","DOWNTOWN COMMERCIAL","REDACTED","ALL OTHER","K"
"2025-357237","2025 Dec 06 12:40:34 PM","67703819103","2025 Dec 05 11:59:00 PM","ROXHILL/WESTWOOD/ARBOR HEIGHTS","10832","ALL OTHER","F"
"2025-922095","2025 Dec 11 06:36:38 AM","67763986998","2025 Dec 05 11:59:00 PM","WALLINGFORD","3117","PROPERTY CRIME","B"
"2025-922201","2025 Dec 11 01:37:05 PM","67767640235","2025 Dec 05 11:59:00 PM","QUEEN ANNE","4542","PROPERTY CRIME","Q"
"2025-361669","2025 Dec 10 04:44:52 PM","67759891869","2025 Dec 06 12:00:00 AM","HIGHLAND PARK","11410","PROPERTY CRIME","F"
"2025-357502","2025 Dec 06 10:01:20 PM","67706957141","2025 Dec 06 12:00:00 AM","CAPITOL HILL","1231","PROPERTY CRIME","E"
"2025-357240","2025 Dec 06 01:43:39 PM","67704180887","2025 Dec 06 12:00:00 AM","EASTLAKE - EAST","3665","PROPERTY CRIME","C"
"2025-362334","2025 Dec 11 04:12:27 PM","67769030500","2025 Dec 06 12:00:00 AM","RAINIER VIEW","REDACTED","VIOLENT CRIME","S"
"2025-366753","2025 Dec 15 01:45:01 PM","67816531307","2025 Dec 06 12:00:00 AM","NEW HOLLY","REDACTED","ALL OTHER","S"
"2025-922403","2025 Dec 14 07:01:49 AM","67803497994","2025 Dec 06 12:00:00 AM","SLU/CASCADE","12493","PROPERTY CRIME","Q"
"2025-360222","2025 Dec 09 12:41:33 PM","67743470128","2025 Dec 06 12:00:00 AM","RAINIER BEACH","REDACTED","VIOLENT CRIME","S"
"2025-365647","2025 Dec 14 03:45:43 PM","67805894602","2025 Dec 06 12:00:00 AM","ALASKA JUNCTION","3084","ALL OTHER","W"
"2025-361586","2025 Dec 10 03:33:31 PM","67759390229","2025 Dec 06 12:00:00 AM","CAPITOL HILL","6230","PROPERTY CRIME","E"
"2025-357791","2025 Dec 07 05:25:32 AM","67711604685","2025 Dec 06 12:00:00 AM","BITTERLAKE","1053","PROPERTY CRIME","N"
"2025-922229","2025 Dec 12 07:43:00 AM","67778987117","2025 Dec 06 12:00:00 AM","GEORGETOWN","6112","PROPERTY CRIME","O"
"2025-922419","2025 Dec 14 07:14:26 AM","67803548930","2025 Dec 06 12:00:00 AM","NORTH BEACON HILL","11438","PROPERTY CRIME","R"
"2025-922286","2025 Dec 12 10:12:06 AM","67780226909","2025 Dec 06 12:00:00 AM","CAPITOL HILL","674","PROPERTY CRIME","E"
"2025-357240","2025 Dec 06 01:43:39 PM","67704176241","2025 Dec 06 12:00:00 AM","EASTLAKE - EAST","3665","PROPERTY CRIME","C"
"2025-362228","2025 Dec 11 08:58:55 AM","67765120237","2025 Dec 06 12:00:00 AM","HIGHLAND PARK","11410","PROPERTY CRIME","F"
"2025-923421","2025 Dec 29 07:18:59 AM","67972461248","2025 Dec 06 12:00:00 AM","WALLINGFORD","12560","ALL OTHER","B"
"2025-357500","2025 Dec 06 04:43:50 PM","67705126149","2025 Dec 06 12:00:00 AM","BITTERLAKE","REDACTED","ALL OTHER","N"
"2025-362611","2025 Dec 11 04:22:08 PM","68058375483","2025 Dec 06 12:01:00 AM","NEW HOLLY","REDACTED","ALL OTHER","S"
"2025-362611","2025 Dec 11 04:22:08 PM","67769608267","2025 Dec 06 12:01:00 AM","NEW HOLLY","REDACTED","ALL OTHER","S"
"2025-358384","2025 Dec 07 04:21:43 PM","67733958384","2025 Dec 06 12:09:00 AM","FIRST HILL","13069","PROPERTY CRIME","E"
"2025-358384","2025 Dec 07 04:21:43 PM","67716781880","2025 Dec 06 12:09:00 AM","FIRST HILL","13069","PROPERTY CRIME","E"
"2025-358329","2025 Dec 07 02:29:47 PM","67716223170","2025 Dec 06 12:10:00 AM","CAPITOL HILL","6230","VIOLENT CRIME","E"
"2025-356916","2025 Dec 06 02:19:22 AM","67697316001","2025 Dec 06 12:19:00 AM","NORTH DELRIDGE","10637","ALL OTHER","W"
"2025-922216","2025 Dec 12 07:35:25 AM","67778934482","2025 Dec 06 12:30:00 AM","BALLARD NORTH","2903","PROPERTY CRIME","J"
"2025-356933","2025 Dec 06 02:29:38 AM","67697366912","2025 Dec 06 12:41:00 AM","BALLARD SOUTH","8711","ALL OTHER","B"
"2025-922101","2025 Dec 11 06:39:28 AM","67764003392","2025 Dec 06 12:45:00 AM","CAPITOL HILL","6244","PROPERTY CRIME","E"
"2025-356944","2025 Dec 06 04:13:41 AM","67699494510","2025 Dec 06 12:54:00 AM","MONTLAKE/PORTAGE BAY","6608","ALL OTHER","C"
"2025-922128","2025 Dec 11 09:49:33 AM","67765535358","2025 Dec 06 01:00:00 AM","ROOSEVELT/RAVENNA","5931","PROPERTY CRIME","U"
"2025-357107","2025 Dec 06 07:40:09 AM","67702365550","2025 Dec 06 01:00:00 AM","SANDPOINT","3907","PROPERTY CRIME","U"
"2025-356949","2025 Dec 06 03:35:56 AM","67698746317","2025 Dec 06 01:03:00 AM","FIRST HILL","4043","PROPERTY CRIME","G"
"2025-356958","2025 Dec 06 03:52:08 AM","67698862298","2025 Dec 06 01:18:00 AM","CENTRAL AREA/SQUIRE PARK","1117","ALL OTHER","C"
"2025-922098","2025 Dec 11 06:38:15 AM","67763997739","2025 Dec 06 01:20:00 AM","QUEEN ANNE","10716","ALL OTHER","Q"
"2025-356966","2025 Dec 06 03:34:44 AM","67698728607","2025 Dec 06 01:24:00 AM","NORTH BEACON HILL","4424","ALL OTHER","R"
"2025-922099","2025 Dec 11 06:38:41 AM","67764000107","2025 Dec 06 01:25:00 AM","QUEEN ANNE","1514","ALL OTHER","Q"
"2025-356969","2025 Dec 06 03:37:49 AM","67698734177","2025 Dec 06 01:28:00 AM","PIONEER SQUARE","REDACTED","ALL OTHER","K"
"2025-367633","2025 Dec 16 03:29:08 PM","67830339475","2025 Dec 06 01:30:00 AM","CAPITOL HILL","REDACTED","ALL OTHER","E"
"2025-356970","2025 Dec 06 02:48:58 AM","67697444441","2025 Dec 06 01:30:00 AM","BALLARD NORTH","3841","PROPERTY CRIME","J"
"2025-357230","2025 Dec 06 11:39:54 AM","67703854816","2025 Dec 06 01:30:00 AM","FREMONT","4993","PROPERTY CRIME","B"
"2025-357290","2025 Dec 06 01:24:10 PM","67732227340","2025 Dec 06 01:50:00 AM","CAPITOL HILL","674","PROPERTY CRIME","E"
"2025-357290","2025 Dec 06 01:24:10 PM","67704063949","2025 Dec 06 01:50:00 AM","CAPITOL HILL","674","PROPERTY CRIME","E"
"2025-357290","2025 Dec 06 01:24:10 PM","67732251315","2025 Dec 06 01:50:00 AM","CAPITOL HILL","674","ALL OTHER","E"
"2025-356984","2025 Dec 06 03:15:40 AM","67698083847","2025 Dec 06 01:52:00 AM","ROOSEVELT/RAVENNA","10351","VIOLENT CRIME","J"
"2025-922337","2025 Dec 12 11:14:21 AM","67795271689","2025 Dec 06 02:00:00 AM","MOUNT BAKER","811","PROPERTY CRIME","R"
"2025-922337","2025 Dec 12 11:14:21 AM","67780746576","2025 Dec 06 02:00:00 AM","MOUNT BAKER","811","ALL OTHER","R"
"2025-922123","2025 Dec 11 09:16:03 AM","67765249717","2025 Dec 06 02:00:00 AM","QUEEN ANNE","7685","PROPERTY CRIME","Q"
"2025-922114","2025 Dec 11 08:42:07 AM","67764958463","2025 Dec 06 02:15:00 AM","BITTERLAKE","2623","PROPERTY CRIME","N"
"2025-922109","2025 Dec 11 07:28:42 AM","67764368381","2025 Dec 06 02:23:00 AM","QUEEN ANNE","7551","PROPERTY CRIME","Q"
"2025-922306","2025 Dec 12 10:49:23 AM","67780537153","2025 Dec 06 02:29:00 AM","FREMONT","13075","PROPERTY CRIME","B"
"2025-357191","2025 Dec 06 10:22:30 AM","67849164662","2025 Dec 06 02:30:00 AM","UNIVERSITY","10188","ALL OTHER","U"
"2025-357002","2025 Dec 06 03:49:46 AM","67699518780","2025 Dec 06 02:34:00 AM","CAPITOL HILL","REDACTED","VIOLENT CRIME","E"
"2025-357012","2025 Dec 06 04:35:32 AM","67699550147","2025 Dec 06 02:51:00 AM","CAPITOL HILL","REDACTED","VIOLENT CRIME","E"
"2025-357011","2025 Dec 06 04:37:21 AM","67699567725","2025 Dec 06 02:51:00 AM","CHINATOWN/INTERNATIONAL DISTRICT","3643","ALL OTHER","K"
"2025-357011","2025 Dec 06 04:37:21 AM","67699564785","2025 Dec 06 02:51:00 AM","CHINATOWN/INTERNATIONAL DISTRICT","3643","ALL OTHER","K"
"2025-357014","2025 Dec 06 06:16:46 AM","67702010392","2025 Dec 06 02:52:00 AM","EASTLAKE - EAST","1079","ALL OTHER","C"
"2025-922285","2025 Dec 12 10:11:47 AM","67780224913","2025 Dec 06 03:00:00 AM","SANDPOINT","11035","PROPERTY CRIME","U"
"2025-357276","2025 Dec 06 05:15:08 PM","67705294421","2025 Dec 06 03:00:00 AM","MILLER PARK","1688","ALL OTHER","C"
"2025-357035","2025 Dec 06 03:47:31 AM","67698758929","2025 Dec 06 03:00:00 AM","NORTHGATE","2834","ALL OTHER","N"
"2025-357031","2025 Dec 06 04:46:06 AM","67699650550","2025 Dec 06 03:30:00 AM","BRIGHTON/DUNLAP","REDACTED","ALL OTHER","S"
"2025-357034","2025 Dec 06 06:56:53 AM","67702161913","2025 Dec 06 03:44:00 AM","UNKNOWN","9975","ALL OTHER","99"
"2025-357370","2025 Dec 06 06:29:41 PM","67705718712","2025 Dec 06 03:52:00 AM","NORTHGATE","10181","PROPERTY CRIME","N"
"2025-357041","2025 Dec 06 05:03:46 AM","67699645487","2025 Dec 06 04:08:00 AM","JUDKINS PARK/NORTH BEACON HILL","5929","ALL OTHER","G"
"2025-357064","2025 Dec 06 11:23:10 AM","67703442911","2025 Dec 06 04:19:00 AM","BITTERLAKE","4824","PROPERTY CRIME","N"
"2025-922122","2025 Dec 11 09:15:44 AM","67765247416","2025 Dec 06 04:26:00 AM","MAGNOLIA","5195","PROPERTY CRIME","Q"
"2025-922481","2025 Dec 14 08:27:12 AM","67803806685","2025 Dec 06 05:26:00 AM","ROOSEVELT/RAVENNA","6580","PROPERTY CRIME","U"
"2025-922184","2025 Dec 11 01:21:56 PM","67767508387","2025 Dec 06 05:30:00 AM","CAPITOL HILL","10577","PROPERTY CRIME","E"
"2025-357070","2025 Dec 06 06:30:10 AM","67702055682","2025 Dec 06 05:31:00 AM","MAGNOLIA","7973","PROPERTY CRIME","Q"
"2025-358403","2025 Dec 07 08:21:01 PM","67717938947","2025 Dec 06 06:00:00 AM","SANDPOINT","3911","PROPERTY CRIME","U"
"2025-922105","2025 Dec 11 07:26:50 AM","67764348584","2025 Dec 06 06:20:00 AM","SANDPOINT","5886","PROPERTY CRIME","U"
"2025-922130","2025 Dec 11 09:50:25 AM","67765541161","2025 Dec 06 06:30:00 AM","SANDPOINT","5886","ALL OTHER","U"
"2025-357407","2025 Dec 06 07:14:01 PM","67705973676","2025 Dec 06 06:45:00 AM","WALLINGFORD","2436","PROPERTY CRIME","B"
"2025-357088","2025 Dec 06 07:46:36 AM","67702403432","2025 Dec 06 06:50:00 AM","NEW HOLLY","REDACTED","ALL OTHER","S"
"2025-357092","2025 Dec 06 09:20:03 AM","67703064573","2025 Dec 06 06:59:00 AM","ROOSEVELT/RAVENNA","1130","ALL OTHER","J"
"2025-922096","2025 Dec 11 06:37:24 AM","67763992509","2025 Dec 06 07:00:00 AM","ROOSEVELT/RAVENNA","11154","PROPERTY CRIME","U"
"2025-357425","2025 Dec 06 04:51:18 PM","67705169946","2025 Dec 06 07:00:00 AM","LAKECITY","REDACTED","VIOLENT CRIME","L"
"2025-357098","2025 Dec 06 07:17:05 AM","67702275845","2025 Dec 06 07:10:00 AM","SODO","3133","ALL OTHER","O"
"2025-358089","2025 Dec 07 08:24:24 AM","67714360175","2025 Dec 06 08:00:00 AM","ALASKA JUNCTION","6053","PROPERTY CRIME","W"
"2025-357130","2025 Dec 06 08:17:21 AM","67702513614","2025 Dec 06 08:06:00 AM","FREMONT","354","ALL OTHER","B"
"2025-357137","2025 Dec 06 10:13:20 AM","67703057227","2025 Dec 06 08:19:00 AM","BALLARD NORTH","6254","ALL OTHER","J"
"2025-357157","2025 Dec 06 12:11:28 PM","67703707124","2025 Dec 06 08:44:00 AM","FREMONT","4993","ALL OTHER","B"
"2025-357157","2025 Dec 06 12:11:28 PM","67703683176","2025 Dec 06 08:44:00 AM","FREMONT","4993","PROPERTY CRIME","B"
"2025-357163","2025 Dec 06 09:05:03 AM","67702710046","2025 Dec 06 08:46:00 AM","FIRST HILL","7512","ALL OTHER","G"
"2025-357161","2025 Dec 06 09:59:16 AM","67702942754","2025 Dec 06 08:52:00 AM","SLU/CASCADE","12493","PROPERTY CRIME","Q"
"2025-359143","2025 Dec 08 04:39:10 PM","67730656890","2025 Dec 06 09:00:00 AM","NORTHGATE","REDACTED","ALL OTHER","N"
"2025-922239","2025 Dec 12 08:26:26 AM","67779362773","2025 Dec 06 09:01:00 AM","FIRST HILL","13069","PROPERTY CRIME","E"
"2026-900620","2026 Jan 09 01:00:08 PM","68113624946","2025 Dec 06 09:34:00 AM","FIRST HILL","13069","PROPERTY CRIME","E"
"2025-922131","2025 Dec 11 09:50:44 AM","67765544237","2025 Dec 06 10:00:00 AM","CAPITOL HILL","7708","PROPERTY CRIME","E"
"2025-357350","2025 Dec 06 03:31:53 PM","67704765473","2025 Dec 06 10:00:00 AM","DOWNTOWN COMMERCIAL","10827","ALL OTHER","M"
"2025-360563","2025 Dec 09 05:33:04 PM","67745960752","2025 Dec 06 10:32:00 AM","ROOSEVELT/RAVENNA","5390","PROPERTY CRIME","U"
"2025-922370","2025 Dec 12 12:30:13 PM","67781421913","2025 Dec 06 10:38:00 AM","CAPITOL HILL","6671","PROPERTY CRIME","E"
"2025-357239","2025 Dec 06 03:03:12 PM","67704608433","2025 Dec 06 10:49:00 AM","FIRST HILL","4211","ALL OTHER","E"
"2025-922854","2025 Dec 18 10:49:57 AM","67852257958","2025 Dec 06 11:00:00 AM","ALKI","2105","PROPERTY CRIME","W"
"2025-357384","2025 Dec 06 11:14:20 PM","67707747241","2025 Dec 06 11:00:00 AM","MONTLAKE/PORTAGE BAY","11232","PROPERTY CRIME","C"
"2025-700593","2025 Dec 08 12:36:15 PM","67728644621","2025 Dec 06 11:02:00 AM","DOWNTOWN COMMERCIAL","2359","PROPERTY CRIME","M"
"2025-922135","2025 Dec 11 09:52:36 AM","67765558611","2025 Dec 06 11:07:00 AM","BRIGHTON/DUNLAP","2965","PROPERTY CRIME","S"
"2025-357264","2025 Dec 06 03:01:49 PM","67704596280","2025 Dec 06 11:21:00 AM","DOWNTOWN COMMERCIAL","6835","PROPERTY CRIME","M"
"2025-357362","2025 Dec 06 03:31:00 PM","67704845015","2025 Dec 06 11:32:00 AM","QUEEN ANNE","1610","PROPERTY CRIME","Q"
"2025-357278","2025 Dec 06 12:25:44 PM","67703740463","2025 Dec 06 11:39:00 AM","MORGAN","4658","ALL OTHER","W"
"2025-922118","2025 Dec 11 08:45:10 AM","67764980640","2025 Dec 06 11:40:00 AM","ROXHILL/WESTWOOD/ARBOR HEIGHTS","10484","ALL OTHER","F"
"2025-357289","2025 Dec 06 02:05:02 PM","67704310412","2025 Dec 06 11:46:00 AM","BITTERLAKE","7935","ALL OTHER","N"
"2025-922222","2025 Dec 12 07:38:34 AM","67778957799","2025 Dec 06 12:00:00 PM","MONTLAKE/PORTAGE BAY","11490","PROPERTY CRIME","C"
"2025-358268","2025 Dec 07 02:15:09 PM","67716113832","2025 Dec 06 12:00:00 PM","MAGNOLIA","1439","PROPERTY CRIME","Q"
"2025-357358","2025 Dec 06 04:34:29 PM","67705488353","2025 Dec 06 12:00:00 PM","BITTERLAKE","7935","ALL OTHER","N"
"2025-357319","2025 Dec 06 01:46:36 PM","67705210672","2025 Dec 06 12:18:00 PM","FIRST HILL","2426","VIOLENT CRIME","G"
"2025-357319","2025 Dec 06 01:46:36 PM","67704176073","2025 Dec 06 12:18:00 PM","FIRST HILL","2426","PROPERTY CRIME","G"
"2025-922377","2025 Dec 12 12:35:43 PM","67781463563","2025 Dec 06 12:20:00 PM","JUDKINS PARK/NORTH BEACON HILL","1954","ALL OTHER","G"
"2025-700594","2025 Dec 08 12:36:32 PM","67728647410","2025 Dec 06 12:27:00 PM","BITTERLAKE","12160","PROPERTY CRIME","N"
"2025-357493","2025 Dec 07 04:50:34 PM","67716907540","2025 Dec 06 12:50:00 PM","DOWNTOWN COMMERCIAL","12598","PROPERTY CRIME","K"
"2025-357366","2025 Dec 06 05:24:40 PM","67814048812","2025 Dec 06 01:00:00 PM","HIGH POINT","4376","ALL OTHER","F"
"2025-357382","2025 Dec 06 02:24:08 PM","67704374392","2025 Dec 06 01:00:00 PM","QUEEN ANNE","REDACTED","ALL OTHER","D"
"2025-922127","2025 Dec 11 09:49:10 AM","67765532303","2025 Dec 06 01:00:00 PM","UNIVERSITY","8131","ALL OTHER","U"
"2025-922197","2025 Dec 11 01:34:44 PM","67767621560","2025 Dec 06 01:00:00 PM","SANDPOINT","6945","PROPERTY CRIME","U"
"2025-357394","2025 Dec 06 03:58:25 PM","67704968863","2025 Dec 06 01:07:00 PM","SLU/CASCADE","1891","ALL OTHER","Q"
"2025-357394","2025 Dec 06 03:58:25 PM","67849396180","2025 Dec 06 01:07:00 PM","SLU/CASCADE","1891","ALL OTHER","Q"
"2025-357372","2025 Dec 06 06:11:25 PM","67705889473","2025 Dec 06 01:08:00 PM","SLU/CASCADE","REDACTED","ALL OTHER","D"
"2025-357372","2025 Dec 06 06:11:25 PM","67705600764","2025 Dec 06 01:08:00 PM","SLU/CASCADE","REDACTED","ALL OTHER","D"
"2025-357391","2025 Dec 06 09:14:52 PM","67706692962","2025 Dec 06 01:30:00 PM","BELLTOWN","5913","PROPERTY CRIME","M"
"2025-357396","2025 Dec 06 03:23:27 PM","67704763531","2025 Dec 06 01:36:00 PM","LAKECITY","259","ALL OTHER","L"
"2025-357396","2025 Dec 06 03:23:27 PM","67704791532","2025 Dec 06 01:36:00 PM","LAKECITY","259","ALL OTHER","L"
"2025-357410","2025 Dec 06 03:32:02 PM","67704949267","2025 Dec 06 01:40:00 PM","FREMONT","2085","ALL OTHER","B"
"2025-922153","2025 Dec 11 10:32:12 AM","67765921686","2025 Dec 06 01:43:00 PM","CHINATOWN/INTERNATIONAL DISTRICT","3646","PROPERTY CRIME","K"
"2025-357408","2025 Dec 06 05:20:12 PM","67705359953","2025 Dec 06 01:50:00 PM","SANDPOINT","6983","PROPERTY CRIME","U"
"2025-922158","2025 Dec 11 11:52:37 AM","67766701893","2025 Dec 06 02:09:00 PM","BALLARD SOUTH","10117","PROPERTY CRIME","B"
"2025-358094","2025 Dec 07 09:10:00 AM","67714544769","2025 Dec 06 02:15:00 PM","DOWNTOWN COMMERCIAL","10909","ALL OTHER","M"
"2025-922132","2025 Dec 11 09:51:09 AM","67765548235","2025 Dec 06 02:15:00 PM","PIONEER SQUARE","263","PROPERTY CRIME","K"
"2025-357446","2025 Dec 06 06:02:57 PM","67705595566","2025 Dec 06 02:20:00 PM","ROOSEVELT/RAVENNA","2056","PROPERTY CRIME","U"
"2025-357460","2025 Dec 06 04:30:51 PM","67705055159","2025 Dec 06 02:47:00 PM","CAPITOL HILL","4218","ALL OTHER","E"
"2025-359547","2025 Dec 09 12:09:34 AM","67734234101","2025 Dec 06 03:00:00 PM","FIRST HILL","12042","ALL OTHER","G"
"2025-357538","2025 Dec 06 05:48:28 PM","67705479140","2025 Dec 06 03:00:00 PM","CHINATOWN/INTERNATIONAL DISTRICT","3646","ALL OTHER","K"
"2025-357493","2025 Dec 07 04:50:34 PM","67716976298","2025 Dec 06 03:20:00 PM","DOWNTOWN COMMERCIAL","12598","ALL OTHER","K"
"2025-357538","2025 Dec 06 05:48:28 PM","67705510374","2025 Dec 06 03:50:00 PM","CHINATOWN/INTERNATIONAL DISTRICT","3646","ALL OTHER","K"
"2025-357529","2025 Dec 06 07:38:45 PM","67734208559","2025 Dec 06 03:54:00 PM","SANDPOINT","4516","ALL OTHER","U"
"2025-357533","2025 Dec 06 06:13:45 PM","67705990077","2025 Dec 06 03:59:00 PM","BALLARD SOUTH","REDACTED","ALL OTHER","B"
"2025-357533","2025 Dec 06 06:13:45 PM","67705620812","2025 Dec 06 04:00:00 PM","BALLARD SOUTH","REDACTED","ALL OTHER","B"
"2025-922143","2025 Dec 11 09:58:04 AM","67765605420","2025 Dec 06 04:00:00 PM","PHINNEY RIDGE","394","ALL OTHER","B"
"2025-358412","2025 Dec 07 10:14:56 PM","67718413236","2025 Dec 06 04:00:00 PM","UNIVERSITY","7940","PROPERTY CRIME","U"
"2025-922236","2025 Dec 12 07:56:06 AM","67779083835","2025 Dec 06 04:00:00 PM","SLU/CASCADE","12492","ALL OTHER","D"
"2025-922185","2025 Dec 11 01:22:46 PM","67767516063","2025 Dec 06 04:00:00 PM","QUEEN ANNE","8893","PROPERTY CRIME","D"
"2025-357705","2025 Dec 06 09:02:39 PM","67706577178","2025 Dec 06 04:30:00 PM","UNKNOWN","-","ALL OTHER","-"
"2025-359492","2025 Dec 08 05:08:26 PM","67730843460","2025 Dec 06 04:30:00 PM","JUDKINS PARK/NORTH BEACON HILL","3202","VIOLENT CRIME","G"
"2025-359492","2025 Dec 08 05:08:26 PM","67730842042","2025 Dec 06 04:30:00 PM","JUDKINS PARK/NORTH BEACON HILL","3202","ALL OTHER","G"
"2025-922578","2025 Dec 15 12:37:34 PM","67815895596","2025 Dec 06 04:44:00 PM","BELLTOWN","12153","PROPERTY CRIME","D"
"2025-358078","2025 Dec 07 07:57:11 AM","67714255120","2025 Dec 06 04:45:00 PM","COLUMBIA CITY","8459","PROPERTY CRIME","R"
"2025-357571","2025 Dec 06 06:58:55 PM","67716784385","2025 Dec 06 04:45:00 PM","SLU/CASCADE","REDACTED","ALL OTHER","D"
"2025-357564","2025 Dec 07 11:59:48 AM","67715383508","2025 Dec 06 04:45:00 PM","CHINATOWN/INTERNATIONAL DISTRICT","645","VIOLENT CRIME","K"
"2025-357571","2025 Dec 06 06:58:55 PM","67705933263","2025 Dec 06 04:45:00 PM","SLU/CASCADE","REDACTED","ALL OTHER","D"
"2025-357571","2025 Dec 06 06:58:55 PM","67705947386","2025 Dec 06 04:45:00 PM","SLU/CASCADE","REDACTED","ALL OTHER","D"
"2025-357574","2025 Dec 06 07:26:24 PM","67706370385","2025 Dec 06 04:53:00 PM","CHINATOWN/INTERNATIONAL DISTRICT","REDACTED","ALL OTHER","K"
"2025-357574","2025 Dec 06 07:26:24 PM","67706274131","2025 Dec 06 04:53:00 PM","CHINATOWN/INTERNATIONAL DISTRICT","REDACTED","ALL OTHER","K"
"2025-357574","2025 Dec 06 07:26:24 PM","67706392001","2025 Dec 06 04:53:00 PM","CHINATOWN/INTERNATIONAL DISTRICT","REDACTED","ALL OTHER","K"
"2025-358319","2025 Dec 07 01:28:41 PM","67715846266","2025 Dec 06 05:00:00 PM","CHINATOWN/INTERNATIONAL DISTRICT","3646","ALL OTHER","K"
"2025-923384","2025 Dec 28 01:13:03 PM","67966839967","2025 Dec 06 05:00:00 PM","SLU/CASCADE","12990","PROPERTY CRIME","D"
"2025-922217","2025 Dec 12 07:35:46 AM","67778937922","2025 Dec 06 05:00:00 PM","MOUNT BAKER","3712","PROPERTY CRIME","R"
"2025-923110","2025 Dec 24 07:58:32 AM","67922591872","2025 Dec 06 05:00:00 PM","MADRONA/LESCHI","12572","PROPERTY CRIME","C"
"2025-922169","2025 Dec 11 11:59:11 AM","67766762435","2025 Dec 06 05:00:00 PM","CAPITOL HILL","674","PROPERTY CRIME","E"
"2025-357586","2025 Dec 07 11:16:17 PM","67719571837","2025 Dec 06 05:05:00 PM","QUEEN ANNE","3587","ALL OTHER","D"
"2025-357555","2025 Dec 06 05:47:33 PM","67705486142","2025 Dec 06 05:11:00 PM","NORTH BEACON HILL","2082","ALL OTHER","R"
"2025-357594","2025 Dec 06 09:26:16 PM","67707043517","2025 Dec 06 05:19:00 PM","DOWNTOWN COMMERCIAL","2363","PROPERTY CRIME","M"
"2025-357594","2025 Dec 06 09:26:16 PM","67741792325","2025 Dec 06 05:19:00 PM","DOWNTOWN COMMERCIAL","2363","PROPERTY CRIME","M"
"2025-357596","2025 Dec 06 10:15:03 PM","67706954603","2025 Dec 06 05:20:00 PM","FIRST HILL","1248","PROPERTY CRIME","G"
"2025-357596","2025 Dec 06 10:15:03 PM","67714199556","2025 Dec 06 05:20:00 PM","FIRST HILL","1248","ALL OTHER","G"
"2025-357596","2025 Dec 06 10:15:03 PM","67714188403","2025 Dec 06 05:20:00 PM","FIRST HILL","1248","VIOLENT CRIME","G"
"2025-358320","2025 Dec 07 05:09:22 PM","67717035819","2025 Dec 06 05:25:00 PM","QUEEN ANNE","7690","PROPERTY CRIME","Q"
"2025-358276","2025 Dec 07 01:52:18 PM","67715973846","2025 Dec 06 05:45:00 PM","ROOSEVELT/RAVENNA","7143","PROPERTY CRIME","J"
"2025-922157","2025 Dec 11 10:33:53 AM","67765934914","2025 Dec 06 05:50:00 PM","MILLER PARK","1045","PROPERTY CRIME","C"
"2025-922150","2025 Dec 11 10:00:54 AM","67765632993","2025 Dec 06 06:00:00 PM","QUEEN ANNE","12022","PROPERTY CRIME","Q"
"2025-357660","2025 Dec 06 08:11:07 PM","67706323672","2025 Dec 06 06:00:00 PM","NORTH DELRIDGE","REDACTED","VIOLENT CRIME","W"
"2025-367596","2025 Dec 16 04:59:00 PM","67830367811","2025 Dec 06 06:00:00 PM","EASTLAKE - WEST","10681","VIOLENT CRIME","D"
"2025-357660","2025 Dec 06 08:11:07 PM","67706353217","2025 Dec 06 06:00:00 PM","NORTH DELRIDGE","REDACTED","ALL OTHER","W"
"2025-922206","2025 Dec 11 01:39:13 PM","67767655810","2025 Dec 06 06:07:00 PM","MID BEACON HILL","8574","PROPERTY CRIME","R"
"2025-357639","2025 Dec 06 07:08:14 PM","67706014960","2025 Dec 06 06:15:00 PM","CHINATOWN/INTERNATIONAL DISTRICT","1947","ALL OTHER","K"
"2025-357639","2025 Dec 06 07:08:14 PM","67705996635","2025 Dec 06 06:15:00 PM","CHINATOWN/INTERNATIONAL DISTRICT","1947","ALL OTHER","K"
"2025-922140","2025 Dec 11 09:56:53 AM","67765594417","2025 Dec 06 06:23:00 PM","ROOSEVELT/RAVENNA","8964","PROPERTY CRIME","U"
"2025-357645","2025 Dec 06 07:48:11 PM","67706162070","2025 Dec 06 06:26:00 PM","JUDKINS PARK/NORTH BEACON HILL","8147","ALL OTHER","G"
"2025-358236","2025 Dec 07 09:19:41 PM","67718236440","2025 Dec 06 06:30:00 PM","BITTERLAKE","1510","PROPERTY CRIME","N"
"2025-358236","2025 Dec 07 09:19:41 PM","67718251347","2025 Dec 06 06:30:00 PM","BITTERLAKE","1510","ALL OTHER","N"
"2025-922187","2025 Dec 11 01:23:47 PM","67767524812","2025 Dec 06 07:00:00 PM","CAPITOL HILL","1042","PROPERTY CRIME","C"
"2025-922019","2025 Dec 10 09:12:09 AM","67754376440","2025 Dec 06 07:00:00 PM","BALLARD SOUTH","12944","ALL OTHER","B"
"2025-357724","2025 Dec 07 12:26:11 PM","67715536212","2025 Dec 06 07:00:00 PM","QUEEN ANNE","REDACTED","ALL OTHER","D"
"2025-357724","2025 Dec 07 12:26:11 PM","67715579086","2025 Dec 06 07:00:00 PM","QUEEN ANNE","REDACTED","ALL OTHER","D"
"2025-922475","2025 Dec 14 08:23:04 AM","67803793181","2025 Dec 06 07:00:00 PM","UNKNOWN","99","ALL OTHER","99"
"2025-359103","2025 Dec 08 10:23:38 AM","67727615798","2025 Dec 06 07:00:00 PM","HIGHLAND PARK","7902","PROPERTY CRIME","F"
"2025-922151","2025 Dec 11 10:04:54 AM","67765677360","2025 Dec 06 07:15:00 PM","GREENWOOD","7425","PROPERTY CRIME","J"
"2025-922152","2025 Dec 11 10:31:40 AM","67765916794","2025 Dec 06 07:20:00 PM","PIONEER SQUARE","3884","PROPERTY CRIME","K"
"2025-922146","2025 Dec 11 09:59:14 AM","67765617672","2025 Dec 06 07:30:00 PM","QUEEN ANNE","4703","PROPERTY CRIME","Q"
"2025-357703","2025 Dec 06 09:01:07 PM","67712081474","2025 Dec 06 07:39:00 PM","CAPITOL HILL","REDACTED","ALL OTHER","E"
"2025-357703","2025 Dec 06 09:01:07 PM","67706584466","2025 Dec 06 07:39:00 PM","CAPITOL HILL","REDACTED","ALL OTHER","E"
"2025-922149","2025 Dec 11 10:00:20 AM","67765626760","2025 Dec 06 07:40:00 PM","DOWNTOWN COMMERCIAL","10393","ALL OTHER","M"
"2025-922347","2025 Dec 12 11:59:22 AM","67781166005","2025 Dec 06 07:43:00 PM","BALLARD SOUTH","10116","PROPERTY CRIME","B"
"2025-922347","2025 Dec 12 11:59:22 AM","67794803606","2025 Dec 06 07:43:00 PM","BALLARD SOUTH","10116","ALL OTHER","B"
"2025-360458","2025 Dec 09 02:27:03 PM","67744405171","2025 Dec 06 07:44:00 PM","BALLARD SOUTH","10116","PROPERTY CRIME","B"
"2025-357707","2025 Dec 06 08:51:56 PM","67706608312","2025 Dec 06 07:44:00 PM","ROXHILL/WESTWOOD/ARBOR HEIGHTS","10484","PROPERTY CRIME","F"
"2025-922154","2025 Dec 11 10:32:35 AM","67765924720","2025 Dec 06 08:00:00 PM","NORTHGATE","4590","ALL OTHER","L"
"2025-363317","2025 Dec 12 09:29:38 AM","67779890090","2025 Dec 06 08:00:00 PM","UNIVERSITY","7215","PROPERTY CRIME","U"
"2025-357728","2025 Dec 06 10:59:27 PM","67708203004","2025 Dec 06 08:15:00 PM","DOWNTOWN COMMERCIAL","2630","ALL OTHER","M"
"2025-357731","2025 Dec 06 11:29:14 PM","67708170812","2025 Dec 06 08:19:00 PM","BELLTOWN","2938","ALL OTHER","M"
"2025-357731","2025 Dec 06 11:29:14 PM","67709918624","2025 Dec 06 08:19:00 PM","BELLTOWN","2938","ALL OTHER","M"
"2025-922271","2025 Dec 12 09:59:46 AM","67780125557","2025 Dec 06 08:30:00 PM","CAPITOL HILL","674","PROPERTY CRIME","E"
"2025-357754","2025 Dec 06 10:44:22 PM","67707102551","2025 Dec 06 08:36:00 PM","ALASKA JUNCTION","8923","PROPERTY CRIME","W"
"2025-357748","2025 Dec 06 10:41:03 PM","67707137618","2025 Dec 06 08:43:00 PM","HIGH POINT","4487","ALL OTHER","W"
"2025-922548","2025 Dec 15 11:09:51 AM","67815126295","2025 Dec 06 08:52:00 PM","CAPITOL HILL","674","PROPERTY CRIME","E"
"2025-358665","2025 Dec 07 09:28:45 PM","67718231045","2025 Dec 06 09:00:00 PM","FAUNTLEROY SW","5541","PROPERTY CRIME","W"
"2025-922231","2025 Dec 12 07:45:25 AM","67779003467","2025 Dec 06 09:00:00 PM","FREMONT","6217","PROPERTY CRIME","B"
"2025-357963","2025 Dec 07 08:15:58 AM","67714329892","2025 Dec 06 09:00:00 PM","QUEEN ANNE","REDACTED","ALL OTHER","Q"
"2025-360729","2025 Dec 09 07:53:25 PM","67746826767","2025 Dec 06 09:00:00 PM","UNKNOWN","REDACTED","ALL OTHER","99"
"2025-357963","2025 Dec 07 08:15:58 AM","67714337092","2025 Dec 06 09:00:00 PM","QUEEN ANNE","REDACTED","PROPERTY CRIME","Q"
"2025-357963","2025 Dec 07 08:15:58 AM","67719852830","2025 Dec 06 09:00:00 PM","QUEEN ANNE","REDACTED","ALL OTHER","Q"
"2025-357765","2025 Dec 07 03:14:34 AM","67709944199","2025 Dec 06 09:03:00 PM","CAPITOL HILL","REDACTED","ALL OTHER","E"
"2025-357764","2025 Dec 07 02:02:26 AM","67709123369","2025 Dec 06 09:05:00 PM","BALLARD SOUTH","12464","PROPERTY CRIME","B"
"2025-357768","2025 Dec 06 10:21:06 PM","67709256603","2025 Dec 06 09:09:00 PM","SLU/CASCADE","3164","PROPERTY CRIME","D"
"2025-357782","2025 Dec 06 11:05:40 PM","67707627394","2025 Dec 06 09:31:00 PM","BALLARD SOUTH","7948","ALL OTHER","B"
"2025-357836","2025 Dec 07 01:24:40 AM","67709003006","2025 Dec 06 09:40:00 PM","HIGHLAND PARK","11410","ALL OTHER","F"
"2025-922265","2025 Dec 12 09:45:08 AM","67780011410","2025 Dec 06 09:40:00 PM","PIONEER SQUARE","885","PROPERTY CRIME","K"
"2025-361995","2025 Dec 11 03:16:20 PM","67768496009","2025 Dec 06 09:45:00 PM","SLU/CASCADE","REDACTED","ALL OTHER","D"
"2025-922245","2025 Dec 12 08:28:46 AM","67779379962","2025 Dec 06 09:48:00 PM","MILLER PARK","6259","PROPERTY CRIME","C"
"2025-922175","2025 Dec 11 12:31:00 PM","67767031175","2025 Dec 06 10:00:00 PM","ROOSEVELT/RAVENNA","3023","PROPERTY CRIME","U"
"2025-922194","2025 Dec 11 01:33:08 PM","67767609068","2025 Dec 06 10:00:00 PM","WALLINGFORD","5647","PROPERTY CRIME","B"
"2025-922302","2025 Dec 12 10:31:13 AM","67780389580","2025 Dec 06 10:00:00 PM","UNIVERSITY","1001","PROPERTY CRIME","U"
"2025-357812","2025 Dec 07 12:23:53 AM","67708645470","2025 Dec 06 10:10:00 PM","ALASKA JUNCTION","6481","ALL OTHER","W"
"2025-922156","2025 Dec 11 10:33:31 AM","67765932070","2025 Dec 06 10:13:00 PM","BALLARD SOUTH","3343","PROPERTY CRIME","B"
"2025-357822","2025 Dec 07 01:54:27 AM","67709097708","2025 Dec 06 10:25:00 PM","BALLARD NORTH","569","PROPERTY CRIME","J"
"2025-357847","2025 Dec 07 06:48:14 PM","67717587880","2025 Dec 06 10:34:00 PM","CAPITOL HILL","823","ALL OTHER","E"
"2025-357890","2025 Dec 07 12:59:22 AM","67710596170","2025 Dec 06 10:45:00 PM","LAKECITY","6204","ALL OTHER","L"
"2025-357845","2025 Dec 06 11:59:12 PM","67708533189","2025 Dec 06 10:50:00 PM","ALASKA JUNCTION","7662","VIOLENT CRIME","W"
"2025-357845","2025 Dec 06 11:59:12 PM","67708654940","2025 Dec 06 10:50:00 PM","ALASKA JUNCTION","8535","ALL OTHER","W"
"2025-922542","2025 Dec 15 11:06:51 AM","67815096420","2025 Dec 06 11:00:00 PM","BALLARD SOUTH","7094","PROPERTY CRIME","B"
"2026-007908","2026 Jan 09 01:48:06 PM","68114177165","2025 Dec 06 11:00:00 PM","MAGNOLIA","REDACTED","VIOLENT CRIME","Q"
"2025-358301","2025 Dec 07 12:57:50 PM","67715693894","2025 Dec 06 11:00:00 PM","SODO","10404","PROPERTY CRIME","O"
"2025-922574","2025 Dec 15 12:30:10 PM","67815825911","2025 Dec 06 11:00:00 PM","UNIVERSITY","510","PROPERTY CRIME","U"
"2025-357863","2025 Dec 06 11:54:07 PM","67708513812","2025 Dec 06 11:05:00 PM","RAINIER BEACH","REDACTED","ALL OTHER","S"
"2025-357883","2025 Dec 07 03:21:43 AM","67711376080","2025 Dec 06 11:30:00 PM","CAPITOL HILL","13059","ALL OTHER","E"
"2025-922191","2025 Dec 11 01:26:30 PM","67767551454","2025 Dec 06 11:30:00 PM","COLUMBIA CITY","12485","PROPERTY CRIME","R"
"2025-357887","2025 Dec 07 01:59:02 AM","67709189033","2025 Dec 06 11:41:00 PM","MAGNOLIA","4538","ALL OTHER","Q"
"2025-357887","2025 Dec 07 01:59:02 AM","67709177705","2025 Dec 06 11:41:00 PM","MAGNOLIA","4538","ALL OTHER","Q"
"2025-357892","2025 Dec 07 01:32:04 AM","67709055351","2025 Dec 06 11:56:00 PM","ROOSEVELT/RAVENNA","11174","PROPERTY CRIME","J"
"2025-362405","2025 Dec 12 10:17:29 AM","67782028871","2025 Dec 07 12:00:00 AM","SLU/CASCADE","REDACTED","ALL OTHER","Q"
"2026-001263","2026 Jan 02 11:59:41 AM","68020190897","2025 Dec 07 12:00:00 AM","CAPITOL HILL","2221","PROPERTY CRIME","E"
"2025-922522","2025 Dec 15 08:48:09 AM","67813920974","2025 Dec 07 12:00:00 AM","CENTRAL AREA/SQUIRE PARK","1342","ALL OTHER","C"
"2025-358306","2025 Dec 07 04:22:14 PM","67716773994","2025 Dec 07 12:00:00 AM","GREENWOOD","REDACTED","ALL OTHER","N"
"2025-363646","2025 Dec 13 02:07:35 AM","67788046627","2025 Dec 07 12:00:00 AM","ROOSEVELT/RAVENNA","11363","PROPERTY CRIME","U"
"2025-922282","2025 Dec 12 10:06:41 AM","67780184433","2025 Dec 07 12:00:00 AM","FIRST HILL","7624","PROPERTY CRIME","E"
"2025-367992","2025 Dec 16 05:06:22 PM","67830314136","2025 Dec 07 12:00:00 AM","ROXHILL/WESTWOOD/ARBOR HEIGHTS","5933","ALL OTHER","F"
"2026-900758","2026 Jan 11 08:40:27 AM","68132413136","2025 Dec 07 12:00:00 AM","BITTERLAKE","5815","ALL OTHER","N"
"2025-368806","2025 Dec 17 09:07:08 PM","67843495392","2025 Dec 07 12:00:00 AM","ROOSEVELT/RAVENNA","REDACTED","ALL OTHER","J"
"2025-360621","2025 Dec 09 10:50:11 PM","67747689285","2025 Dec 07 12:00:00 AM","NORTH DELRIDGE","REDACTED","ALL OTHER","W"
"2025-359314","2025 Dec 08 01:24:31 PM","67729057568","2025 Dec 07 12:00:00 AM","MAGNOLIA","2581","PROPERTY CRIME","Q"
"2025-358762","2025 Dec 08 01:55:37 AM","67720346783","2025 Dec 07 12:00:00 AM","CAPITOL HILL","REDACTED","ALL OTHER","E"
"2025-359298","2025 Dec 08 02:38:49 PM","67730295677","2025 Dec 07 12:00:00 AM","ROXHILL/WESTWOOD/ARBOR HEIGHTS","REDACTED","ALL OTHER","F"
"2025-360466","2025 Dec 09 05:07:02 PM","67745695927","2025 Dec 07 12:00:00 AM","SANDPOINT","6132","PROPERTY CRIME","U"
"2025-357998","2025 Dec 07 12:13:43 PM","67715583380","2025 Dec 07 12:00:00 AM","QUEEN ANNE","1938","VIOLENT CRIME","Q"
"2025-362319","2025 Dec 11 11:00:16 AM","67766233810","2025 Dec 07 12:00:00 AM","LAKECITY","2525","PROPERTY CRIME","L"
"2025-362405","2025 Dec 12 10:17:29 AM","67780397476","2025 Dec 07 12:00:00 AM","SLU/CASCADE","REDACTED","ALL OTHER","Q"
"2025-357899","2025 Dec 07 06:38:55 PM","67717431255","2025 Dec 07 12:09:00 AM","GEORGETOWN","11072","ALL OTHER","O"
"2025-357907","2025 Dec 07 02:45:22 AM","67709262746","2025 Dec 07 12:13:00 AM","FREMONT","10128","PROPERTY CRIME","B"
"2025-357905","2025 Dec 09 12:58:34 AM","67734130563","2025 Dec 07 12:19:00 AM","DOWNTOWN COMMERCIAL","6100","VIOLENT CRIME","K"
"2025-357919","2025 Dec 07 01:54:26 AM","67714141242","2025 Dec 07 12:30:00 AM","SLU/CASCADE","4776","ALL OTHER","Q"
"2025-922276","2025 Dec 12 10:01:46 AM","67780144347","2025 Dec 07 01:00:00 AM","MILLER PARK","5628","PROPERTY CRIME","C"
"2025-922172","2025 Dec 11 12:00:33 PM","67766774162","2025 Dec 07 01:00:00 AM","CAPITOL HILL","10602","PROPERTY CRIME","C"
"2025-922339","2025 Dec 12 11:15:15 AM","67780754782","2025 Dec 07 01:00:00 AM","NORTH BEACON HILL","6377","ALL OTHER","R"
"2025-922823","2025 Dec 18 08:39:55 AM","67850063184","2025 Dec 07 01:01:00 AM","SLU/CASCADE","2057","PROPERTY CRIME","D"
"2025-357954","2025 Dec 07 02:40:03 AM","67710629188","2025 Dec 07 01:26:00 AM","MADRONA/LESCHI","12248","ALL OTHER","G"
"2025-358190","2025 Dec 07 11:06:34 AM","67715133167","2025 Dec 07 01:30:00 AM","CAPITOL HILL","6230","VIOLENT CRIME","E"
"2025-922155","2025 Dec 11 10:33:10 AM","67765929142","2025 Dec 07 01:30:00 AM","QUEEN ANNE","1192","PROPERTY CRIME","Q"
"2025-357972","2025 Dec 07 07:20:14 AM","67714126046","2025 Dec 07 01:45:00 AM","SLU/CASCADE","721","ALL OTHER","D"
"2025-922205","2025 Dec 11 01:38:56 PM","67767654093","2025 Dec 07 01:54:00 AM","WALLINGFORD","12498","PROPERTY CRIME","B"
"2025-357968","2025 Dec 07 03:10:21 AM","67709921159","2025 Dec 07 01:57:00 AM","SANDPOINT","REDACTED","ALL OTHER","U"
"2025-922555","2025 Dec 15 11:12:19 AM","67815156890","2025 Dec 07 02:00:00 AM","ROOSEVELT/RAVENNA","1973","PROPERTY CRIME","J"
"2025-922174","2025 Dec 11 12:01:20 PM","67766783650","2025 Dec 07 02:00:00 AM","BALLARD SOUTH","3922","PROPERTY CRIME","B"
"2025-922198","2025 Dec 11 01:35:02 PM","67767624432","2025 Dec 07 03:00:00 AM","MAGNOLIA","11351","PROPERTY CRIME","Q"
"2025-357994","2025 Dec 07 04:04:35 AM","67710761609","2025 Dec 07 03:14:00 AM","MORGAN","REDACTED","ALL OTHER","W"
"2025-362823","2025 Dec 11 09:19:36 PM","67770962594","2025 Dec 07 03:26:00 AM","HILLMAN CITY","8469","PROPERTY CRIME","R"
"2025-358241","2025 Dec 07 12:00:51 PM","67715400505","2025 Dec 07 03:30:00 AM","FIRST HILL","4043","PROPERTY CRIME","G"
"2025-358006","2025 Dec 07 04:53:30 AM","67711470001","2025 Dec 07 03:46:00 AM","CENTRAL AREA/SQUIRE PARK","12501","ALL OTHER","C"
"2025-358028","2025 Dec 07 10:31:03 AM","67714949389","2025 Dec 07 04:58:00 AM","MOUNT BAKER","3413","ALL OTHER","R"
"2025-922199","2025 Dec 11 01:35:21 PM","67767626922","2025 Dec 07 05:00:00 AM","PIONEER SQUARE","6104","PROPERTY CRIME","K"
"2025-923260","2025 Dec 28 10:19:20 AM","67965977848","2025 Dec 07 06:20:00 AM","FREMONT","6215","PROPERTY CRIME","B"
"2025-358055","2025 Dec 07 09:38:57 AM","67714665789","2025 Dec 07 06:27:00 AM","BALLARD SOUTH","4697","PROPERTY CRIME","B"
"2025-922178","2025 Dec 11 12:49:16 PM","67767204791","2025 Dec 07 06:46:00 AM","UNIVERSITY","11230","PROPERTY CRIME","U"
"2025-922767","2025 Dec 17 12:52:49 PM","67839966484","2025 Dec 07 07:00:00 AM","CAPITOL HILL","6222","PROPERTY CRIME","E"
"2025-360343","2025 Dec 09 12:57:32 PM","67743606732","2025 Dec 07 07:00:00 AM","NORTHGATE","4649","ALL OTHER","L"
"2025-922170","2025 Dec 11 11:59:31 AM","67766765550","2025 Dec 07 07:00:00 AM","MONTLAKE/PORTAGE BAY","4402","PROPERTY CRIME","C"
"2025-922336","2025 Dec 12 11:13:53 AM","67780743949","2025 Dec 07 07:00:00 AM","CAPITOL HILL","6959","PROPERTY CRIME","E"
"2025-922264","2025 Dec 12 09:44:43 AM","67780007912","2025 Dec 07 07:50:00 AM","BITTERLAKE","6409","ALL OTHER","N"
"2025-922586","2025 Dec 15 01:49:48 PM","67816554097","2025 Dec 07 08:00:00 AM","QUEEN ANNE","1611","PROPERTY CRIME","Q"
"2025-923034","2025 Dec 23 10:02:00 AM","67913702668","2025 Dec 07 08:00:00 AM","FIRST HILL","10584","PROPERTY CRIME","G"
"2025-922270","2025 Dec 12 09:59:20 AM","67780122359","2025 Dec 07 08:00:00 AM","NORTHGATE","2055","PROPERTY CRIME","L"
"2025-358178","2025 Dec 07 02:46:20 PM","67716261845","2025 Dec 07 08:30:00 AM","GREENWOOD","2540","ALL OTHER","N"
"2025-358178","2025 Dec 07 02:46:20 PM","68058278065","2025 Dec 07 08:30:00 AM","GREENWOOD","2540","ALL OTHER","N"
"2025-374701","2025 Dec 23 05:01:26 PM","67917178447","2025 Dec 07 09:00:00 AM","LAKECITY","3184","PROPERTY CRIME","L"
"2025-922223","2025 Dec 12 07:38:51 AM","67778959296","2025 Dec 07 09:00:00 AM","ROOSEVELT/RAVENNA","4719","PROPERTY CRIME","J"
"2025-358138","2025 Dec 07 11:40:52 AM","67715407866","2025 Dec 07 09:25:00 AM","ROXHILL/WESTWOOD/ARBOR HEIGHTS","REDACTED","ALL OTHER","W"
"2025-922340","2025 Dec 12 11:15:51 AM","67780759547","2025 Dec 07 09:30:00 AM","CENTRAL AREA/SQUIRE PARK","2661","PROPERTY CRIME","G"
"2025-922180","2025 Dec 11 12:50:02 PM","67767211812","2025 Dec 07 10:00:00 AM","UNKNOWN","-","PROPERTY CRIME","B"
"2025-359298","2025 Dec 08 02:38:49 PM","67730249522","2025 Dec 07 10:00:00 AM","ROXHILL/WESTWOOD/ARBOR HEIGHTS","REDACTED","ALL OTHER","F"
"2025-361256","2025 Dec 10 10:46:32 AM","67755197043","2025 Dec 07 10:00:00 AM","ROXHILL/WESTWOOD/ARBOR HEIGHTS","10832","ALL OTHER","F"
"2025-359298","2025 Dec 08 02:38:49 PM","67730208255","2025 Dec 07 10:00:00 AM","ROXHILL/WESTWOOD/ARBOR HEIGHTS","REDACTED","VIOLENT CRIME","F"
"2025-358176","2025 Dec 07 10:36:34 AM","67715056405","2025 Dec 07 10:05:00 AM","RAINIER BEACH","10178","ALL OTHER","S"
"2025-358221","2025 Dec 07 01:29:33 PM","67715862358","2025 Dec 07 10:40:00 AM","CAPITOL HILL","3390","PROPERTY CRIME","E"
"2025-358206","2025 Dec 07 11:32:50 AM","67715410504","2025 Dec 07 10:50:00 AM","ROXHILL/WESTWOOD/ARBOR HEIGHTS","10484","ALL OTHER","F"
"2025-358206","2025 Dec 07 11:32:50 AM","67715391082","2025 Dec 07 10:50:00 AM","ROXHILL/WESTWOOD/ARBOR HEIGHTS","10484","PROPERTY CRIME","F"
"2025-922773","2025 Dec 17 12:56:19 PM","67839998831","2025 Dec 07 11:00:00 AM","SLU/CASCADE","4497","PROPERTY CRIME","D"
"2025-358664","2025 Dec 07 10:58:09 PM","67718568594","2025 Dec 07 11:00:00 AM","BELLTOWN","8886","PROPERTY CRIME","D"
"2025-359376","2025 Dec 08 10:09:07 PM","67732244398","2025 Dec 07 11:00:00 AM","QUEEN ANNE","3973","ALL OTHER","Q"
"2026-901054","2026 Jan 20 10:24:49 PM","68249841267","2025 Dec 07 11:00:00 AM","ALKI","4275","PROPERTY CRIME","W"
"2025-359125","2025 Dec 08 10:11:58 AM","67727506261","2025 Dec 07 11:00:00 AM","SLU/CASCADE","12493","ALL OTHER","Q"
"2025-359125","2025 Dec 08 10:11:58 AM","67727512891","2025 Dec 07 11:00:00 AM","SLU/CASCADE","12493","PROPERTY CRIME","Q"
"2025-358213","2025 Dec 08 02:34:19 PM","67729577862","2025 Dec 07 11:02:00 AM","NORTHGATE","3862","PROPERTY CRIME","L"
"2025-358227","2025 Dec 07 12:50:55 PM","67715643362","2025 Dec 07 11:18:00 AM","ROXHILL/WESTWOOD/ARBOR HEIGHTS","10484","PROPERTY CRIME","F"
"2025-358243","2025 Dec 07 01:11:46 PM","67715758948","2025 Dec 07 11:39:00 AM","FIRST HILL","7624","ALL OTHER","E"
"2025-358255","2025 Dec 07 03:22:55 PM","67716485898","2025 Dec 07 11:45:00 AM","PIONEER SQUARE","1025","ALL OTHER","K"
"2025-358253","2025 Dec 07 01:19:36 PM","67715803096","2025 Dec 07 11:45:00 AM","SLU/CASCADE","6018","ALL OTHER","D"
"2025-922188","2025 Dec 11 01:25:16 PM","67767539934","2025 Dec 07 11:50:00 AM","ROOSEVELT/RAVENNA","4363","PROPERTY CRIME","U"
"2025-358254","2025 Dec 07 08:05:34 PM","67717863589","2025 Dec 07 11:55:00 AM","LAKECITY","7510","ALL OTHER","L"
"2025-922186","2025 Dec 11 01:23:15 PM","67767520955","2025 Dec 07 11:55:00 AM","ROOSEVELT/RAVENNA","4363","PROPERTY CRIME","U"
"2025-359365","2025 Dec 08 01:45:28 PM","67729203776","2025 Dec 07 12:00:00 PM","NORTH BEACON HILL","2677","PROPERTY CRIME","R"
"2025-360082","2025 Dec 09 12:08:02 PM","67743177007","2025 Dec 07 12:00:00 PM","FREMONT","10128","PROPERTY CRIME","B"
"2025-360610","2025 Dec 09 05:17:14 PM","67745791336","2025 Dec 07 12:00:00 PM","MAGNOLIA","8531","PROPERTY CRIME","Q"
"2025-922173","2025 Dec 11 12:00:56 PM","67766778796","2025 Dec 07 12:00:00 PM","UNIVERSITY","745","ALL OTHER","U"
"2025-358281","2025 Dec 07 01:30:29 PM","67715863729","2025 Dec 07 12:25:00 PM","SODO","3133","PROPERTY CRIME","O"
"2025-358291","2025 Dec 07 03:42:38 PM","67716573196","2025 Dec 07 12:30:00 PM","CHINATOWN/INTERNATIONAL DISTRICT","3646","ALL OTHER","K"
"2025-358299","2025 Dec 07 03:17:14 PM","67718266313","2025 Dec 07 12:45:00 PM","NORTHGATE","4588","PROPERTY CRIME","L"
"2025-358299","2025 Dec 07 03:17:14 PM","67716427032","2025 Dec 07 12:45:00 PM","NORTHGATE","4588","PROPERTY CRIME","L"
"2025-922312","2025 Dec 12 10:55:34 AM","67780583730","2025 Dec 07 12:52:00 PM","ROOSEVELT/RAVENNA","1128","PROPERTY CRIME","J"
"2025-358302","2025 Dec 07 03:07:31 PM","67716451898","2025 Dec 07 12:53:00 PM","EASTLAKE - WEST","REDACTED","ALL OTHER","D"
"2025-358302","2025 Dec 07 03:07:31 PM","67716438902","2025 Dec 07 12:53:00 PM","EASTLAKE - WEST","REDACTED","ALL OTHER","D"
"2025-358306","2025 Dec 07 04:22:14 PM","67742753677","2025 Dec 07 12:55:00 PM","GREENWOOD","REDACTED","VIOLENT CRIME","N"
"2025-358306","2025 Dec 07 04:22:14 PM","67717691994","2025 Dec 07 12:55:00 PM","GREENWOOD","REDACTED","ALL OTHER","N"
"2025-358306","2025 Dec 07 04:22:14 PM","67717675105","2025 Dec 07 12:56:00 PM","GREENWOOD","REDACTED","ALL OTHER","N"
"2025-359320","2025 Dec 08 03:22:24 PM","67729978182","2025 Dec 07 01:00:00 PM","QUEEN ANNE","4458","PROPERTY CRIME","Q"
"2025-358314","2025 Dec 07 02:21:53 PM","67716134752","2025 Dec 07 01:06:00 PM","CAPITOL HILL","11081","ALL OTHER","E"
"2025-358314","2025 Dec 07 02:21:53 PM","67716224947","2025 Dec 07 01:06:00 PM","CAPITOL HILL","11081","ALL OTHER","E"
"2025-922193","2025 Dec 11 01:31:29 PM","67767595263","2025 Dec 07 01:21:00 PM","NORTHGATE","4442","PROPERTY CRIME","L"
"2025-358327","2025 Dec 07 02:06:03 PM","67716037176","2025 Dec 07 01:29:00 PM","CAPITOL HILL","1231","ALL OTHER","E"
"2025-358327","2025 Dec 07 02:06:03 PM","67716046281","2025 Dec 07 01:29:00 PM","CAPITOL HILL","1231","ALL OTHER","E"
"2025-358345","2025 Dec 07 05:11:48 PM","67717063473","2025 Dec 07 01:30:00 PM","QUEEN ANNE","102","ALL OTHER","D"
"2025-358332","2025 Dec 07 03:59:42 PM","67716667418","2025 Dec 07 01:30:00 PM","NORTHGATE","REDACTED","ALL OTHER","N"
"2025-359696","2025 Dec 08 08:13:18 PM","67731756052","2025 Dec 07 01:30:00 PM","NORTHGATE","859","PROPERTY CRIME","N"
"2025-358332","2025 Dec 07 03:59:42 PM","67716646911","2025 Dec 07 01:30:00 PM","NORTHGATE","REDACTED","VIOLENT CRIME","N"
"2025-922190","2025 Dec 11 01:26:03 PM","67767547859","2025 Dec 07 01:30:00 PM","NORTHGATE","2055","PROPERTY CRIME","L"
"2025-922311","2025 Dec 12 10:55:14 AM","67780581300","2025 Dec 07 01:30:00 PM","BELLTOWN","5142","PROPERTY CRIME","D"
"2025-700596","2025 Dec 08 01:04:24 PM","67728858790","2025 Dec 07 01:36:00 PM","MADRONA/LESCHI","12248","PROPERTY CRIME","G"
"2025-358333","2025 Dec 07 03:28:51 PM","67716476921","2025 Dec 07 01:38:00 PM","CHINATOWN/INTERNATIONAL DISTRICT","12048","ALL OTHER","K"
"2025-358338","2025 Dec 07 02:55:18 PM","67716300541","2025 Dec 07 01:41:00 PM","BALLARD SOUTH","6885","ALL OTHER","B"
"2025-700597","2025 Dec 08 01:04:39 PM","67728860828","2025 Dec 07 01:53:00 PM","MADRONA/LESCHI","12248","PROPERTY CRIME","G"
"2025-923195","2025 Dec 24 01:20:59 PM","67924725123","2025 Dec 07 01:57:00 PM","SLU/CASCADE","7114","PROPERTY CRIME","D"
"2025-922246","2025 Dec 12 08:29:06 AM","67779381812","2025 Dec 07 02:00:00 PM","FIRST HILL","13069","PROPERTY CRIME","E"
"2025-922252","2025 Dec 12 08:41:13 AM","67779491214","2025 Dec 07 02:00:00 PM","QUEEN ANNE","2673","PROPERTY CRIME","D"
"2025-922257","2025 Dec 12 09:42:05 AM","67779985761","2025 Dec 07 02:00:00 PM","QUEEN ANNE","7185","PROPERTY CRIME","Q"
"2025-358370","2025 Dec 07 03:50:09 PM","67716604057","2025 Dec 07 02:15:00 PM","FREMONT","REDACTED","ALL OTHER","B"
"2025-358378","2025 Dec 07 04:06:33 PM","67716693685","2025 Dec 07 02:30:00 PM","LAKECITY","8415","VIOLENT CRIME","L"
"2025-358398","2025 Dec 07 03:49:02 PM","67716578473","2025 Dec 07 02:56:00 PM","FIRST HILL","1248","ALL OTHER","G"
"2025-922221","2025 Dec 12 07:37:12 AM","67778950153","2025 Dec 07 02:57:00 PM","COLUMBIA CITY","4632","PROPERTY CRIME","R"
"2025-923022","2025 Dec 23 09:45:06 AM","67913566674","2025 Dec 07 03:00:00 PM","RAINIER BEACH","5410","ALL OTHER","S"
"2025-358415","2025 Dec 07 04:56:58 PM","67716933198","2025 Dec 07 03:10:00 PM","RAINIER BEACH","7139","ALL OTHER","S"
"2025-360539","2025 Dec 09 11:59:24 PM","67749067239","2025 Dec 07 03:10:00 PM","SLU/CASCADE","10093","ALL OTHER","D"
"2025-358443","2025 Dec 07 04:23:20 PM","67716776806","2025 Dec 07 03:37:00 PM","RAINIER VIEW","250","ALL OTHER","S"
"2025-358444","2025 Dec 07 04:28:32 PM","67716879131","2025 Dec 07 03:39:00 PM","FIRST HILL","3641","ALL OTHER","G"
"2025-358473","2025 Dec 07 06:24:44 PM","67717368082","2025 Dec 07 03:45:00 PM","BITTERLAKE","REDACTED","ALL OTHER","N"
"2025-923010","2025 Dec 23 09:35:17 AM","67913494540","2025 Dec 07 03:50:00 PM","BELLTOWN","4709","PROPERTY CRIME","D"
"2025-358462","2025 Dec 07 05:10:28 PM","67717056382","2025 Dec 07 03:59:00 PM","NORTH BEACON HILL","3652","PROPERTY CRIME","R"
"2025-358462","2025 Dec 07 05:10:28 PM","67717038884","2025 Dec 07 03:59:00 PM","NORTH BEACON HILL","3652","ALL OTHER","R"
"2025-922291","2025 Dec 12 10:14:54 AM","67780248359","2025 Dec 07 04:00:00 PM","QUEEN ANNE","1930","PROPERTY CRIME","Q"
"2025-359118","2025 Dec 08 10:54:59 AM","67779711084","2025 Dec 07 04:00:00 PM","CAPITOL HILL","3396","ALL OTHER","E"
"2025-922207","2025 Dec 11 01:39:32 PM","67767662243","2025 Dec 07 04:00:00 PM","CHINATOWN/INTERNATIONAL DISTRICT","8142","PROPERTY CRIME","K"
"2025-922251","2025 Dec 12 08:40:47 AM","67779487985","2025 Dec 07 05:00:00 PM","MAGNOLIA","30","PROPERTY CRIME","Q"
"2025-359707","2025 Dec 08 09:59:16 PM","67732217935","2025 Dec 07 05:00:00 PM","GREENWOOD","3102","PROPERTY CRIME","N"
"2025-922215","2025 Dec 12 07:33:34 AM","67778920737","2025 Dec 07 05:00:00 PM","LAKECITY","6748","PROPERTY CRIME","L"
"2025-358753","2025 Dec 08 07:18:01 AM","67725713206","2025 Dec 07 05:00:00 PM","QUEEN ANNE","REDACTED","ALL OTHER","Q"
"2025-922253","2025 Dec 12 09:40:18 AM","67779968634","2025 Dec 07 05:00:00 PM","QUEEN ANNE","7185","PROPERTY CRIME","Q"
"2025-359624","2025 Dec 08 06:54:20 PM","67731394164","2025 Dec 07 05:00:00 PM","MAGNOLIA","30","PROPERTY CRIME","Q"
"2025-922200","2025 Dec 11 01:35:40 PM","67767629864","2025 Dec 07 05:14:00 PM","DOWNTOWN COMMERCIAL","12578","ALL OTHER","M"
"2025-358512","2025 Dec 07 06:14:26 PM","67717318038","2025 Dec 07 05:17:00 PM","BRIGHTON/DUNLAP","8162","ALL OTHER","S"
"2025-922211","2025 Dec 11 01:42:48 PM","67767686848","2025 Dec 07 05:30:00 PM","BELLTOWN","1326","PROPERTY CRIME","D"
"2025-922195","2025 Dec 11 01:33:25 PM","67767611805","2025 Dec 07 05:37:00 PM","CENTRAL AREA/SQUIRE PARK","8210","PROPERTY CRIME","C"
"2025-359147","2025 Dec 08 10:41:43 AM","67727752343","2025 Dec 07 05:40:00 PM","SLU/CASCADE","3698","VIOLENT CRIME","D"
"2025-922250","2025 Dec 12 08:40:24 AM","67779482101","2025 Dec 07 05:50:00 PM","SLU/CASCADE","3255","PROPERTY CRIME","D"
"2025-922214","2025 Dec 12 07:33:11 AM","67778918321","2025 Dec 07 06:00:00 PM","ROOSEVELT/RAVENNA","7077","PROPERTY CRIME","U"
"2025-922192","2025 Dec 11 01:26:48 PM","67767554496","2025 Dec 07 06:00:00 PM","ROXHILL/WESTWOOD/ARBOR HEIGHTS","5535","PROPERTY CRIME","W"
"2025-358558","2025 Dec 07 06:50:22 PM","67717488657","2025 Dec 07 06:15:00 PM","DOWNTOWN COMMERCIAL","7090","ALL OTHER","M"
"2025-922273","2025 Dec 12 10:00:30 AM","67780132016","2025 Dec 07 06:40:00 PM","UNIVERSITY","8969","PROPERTY CRIME","U"
"2025-922765","2025 Dec 17 12:52:01 PM","67839958139","2025 Dec 07 07:00:00 PM","FIRST HILL","13069","PROPERTY CRIME","E"
"2025-368722","2025 Dec 17 12:43:49 PM","67839904356","2025 Dec 07 07:00:00 PM","MILLER PARK","8688","PROPERTY CRIME","C"
"2025-359845","2025 Dec 09 12:20:38 AM","67733877027","2025 Dec 07 07:00:00 PM","CAPITOL HILL","7223","ALL OTHER","C"
"2025-922210","2025 Dec 11 01:41:00 PM","67767674204","2025 Dec 07 07:00:00 PM","PIONEER SQUARE","2654","PROPERTY CRIME","K"
"2025-922244","2025 Dec 12 08:28:25 AM","67779377470","2025 Dec 07 07:00:00 PM","RAINIER VIEW","5488","PROPERTY CRIME","S"
"2025-922196","2025 Dec 11 01:33:48 PM","67767614350","2025 Dec 07 07:03:00 PM","BALLARD SOUTH","10930","PROPERTY CRIME","B"
"2025-922613","2025 Dec 16 08:18:32 AM","67824998344","2025 Dec 07 07:15:00 PM","GEORGETOWN","6628","PROPERTY CRIME","O"
"2025-922869","2025 Dec 18 10:56:21 AM","67852405926","2025 Dec 07 07:18:00 PM","SLU/CASCADE","4497","PROPERTY CRIME","D"
"2025-358606","2025 Dec 07 08:30:36 PM","67717991028","2025 Dec 07 07:29:00 PM","FIRST HILL","1247","VIOLENT CRIME","G"
"2025-922212","2025 Dec 12 05:57:42 AM","67777677273","2025 Dec 07 07:30:00 PM","PIONEER SQUARE","3884","PROPERTY CRIME","K"
"2025-922332","2025 Dec 12 11:11:41 AM","67780722198","2025 Dec 07 08:00:00 PM","FREMONT","6856","PROPERTY CRIME","B"
"2025-922226","2025 Dec 12 07:42:00 AM","67778979519","2025 Dec 07 08:00:00 PM","FREMONT","12766","PROPERTY CRIME","B"
"2025-358860","2025 Dec 08 03:24:19 AM","67721504361","2025 Dec 07 08:00:00 PM","NEW HOLLY","3559","PROPERTY CRIME","S"
"2025-922268","2025 Dec 12 09:58:16 AM","67780112893","2025 Dec 07 08:00:00 PM","MAGNOLIA","11017","PROPERTY CRIME","Q"
"2025-922964","2025 Dec 23 08:13:22 AM","67912827417","2025 Dec 07 08:00:00 PM","SLU/CASCADE","4497","PROPERTY CRIME","D"
"2025-922248","2025 Dec 12 08:29:47 AM","67779386929","2025 Dec 07 08:00:00 PM","ROOSEVELT/RAVENNA","1456","PROPERTY CRIME","J"
"2025-922227","2025 Dec 12 07:42:18 AM","67778981133","2025 Dec 07 08:00:00 PM","ROOSEVELT/RAVENNA","10644","PROPERTY CRIME","U"
"2025-358651","2025 Dec 07 10:35:18 PM","67718550370","2025 Dec 07 08:00:00 PM","BRIGHTON/DUNLAP","2855","ALL OTHER","S"
"2025-358643","2025 Dec 07 08:50:57 PM","67718104704","2025 Dec 07 08:20:00 PM","SLU/CASCADE","REDACTED","ALL OTHER","D"
"2025-922496","2025 Dec 15 07:28:07 AM","67813206962","2025 Dec 07 08:24:00 PM","NORTH ADMIRAL","2394","PROPERTY CRIME","W"
"2025-359720","2025 Dec 08 08:05:15 PM","67731730481","2025 Dec 07 09:00:00 PM","FIRST HILL","13069","PROPERTY CRIME","E"
"2025-359245","2025 Dec 08 01:00:33 PM","67728833611","2025 Dec 07 09:00:00 PM","QUEEN ANNE","7185","ALL OTHER","Q"
"2025-358674","2025 Dec 08 01:21:11 AM","67720515776","2025 Dec 07 09:07:00 PM","DOWNTOWN COMMERCIAL","2084","ALL OTHER","M"
"2025-358674","2025 Dec 08 01:21:11 AM","67720289750","2025 Dec 07 09:07:00 PM","DOWNTOWN COMMERCIAL","2084","ALL OTHER","M"
"2025-358692","2025 Dec 07 11:57:19 PM","67719865845","2025 Dec 07 09:25:00 PM","UNKNOWN","-","ALL OTHER","-"
"2025-358707","2025 Dec 08 12:22:52 AM","67719953111","2025 Dec 07 09:40:00 PM","RAINIER BEACH","12170","PROPERTY CRIME","S"
"2025-358714","2025 Dec 08 12:46:31 AM","67720017611","2025 Dec 07 09:49:00 PM","GEORGETOWN","6112","ALL OTHER","O"
"2025-358757","2025 Dec 08 02:01:20 AM","67720348893","2025 Dec 07 09:50:00 PM","NORTH BEACON HILL","3457","VIOLENT CRIME","R"
"2025-359730","2025 Dec 08 08:19:35 PM","67731752899","2025 Dec 07 09:53:00 PM","GEORGETOWN","6112","ALL OTHER","O"
"2025-922238","2025 Dec 12 08:25:50 AM","67779355959","2025 Dec 07 10:00:00 PM","BALLARD SOUTH","3921","PROPERTY CRIME","B"
"2025-358945","2025 Dec 08 06:38:24 AM","67725391383","2025 Dec 07 10:00:00 PM","LAKECITY","1428","PROPERTY CRIME","L"
"2025-358720","2025 Dec 07 11:32:59 PM","67719578389","2025 Dec 07 10:06:00 PM","NORTHGATE","8909","ALL OTHER","N"
"2025-358720","2025 Dec 07 11:32:59 PM","67719574696","2025 Dec 07 10:06:00 PM","NORTHGATE","8909","ALL OTHER","N"
"2025-923041","2025 Dec 23 11:18:10 AM","67914401642","2025 Dec 07 10:10:00 PM","CAPITOL HILL","13064","PROPERTY CRIME","E"
"2025-358722","2025 Dec 07 11:17:11 PM","67719136350","2025 Dec 07 10:10:00 PM","DOWNTOWN COMMERCIAL","7125","ALL OTHER","M"
"2025-358726","2025 Dec 07 11:03:05 PM","67719031392","2025 Dec 07 10:10:00 PM","HIGH POINT","3406","ALL OTHER","F"
"2025-358735","2025 Dec 07 11:04:17 PM","67719022906","2025 Dec 07 10:25:00 PM","NORTHGATE","7445","ALL OTHER","N"
"2025-922232","2025 Dec 12 07:45:46 AM","67779006858","2025 Dec 07 10:30:00 PM","FIRST HILL","13069","PROPERTY CRIME","E"
"2025-922472","2025 Dec 14 08:20:58 AM","67803785357","2025 Dec 07 10:30:00 PM","MADRONA/LESCHI","12248","ALL OTHER","G"
"2025-358743","2025 Dec 07 10:59:34 PM","67720389314","2025 Dec 07 10:40:00 PM","BALLARD SOUTH","895","ALL OTHER","B"
"2025-358772","2025 Dec 08 12:55:22 AM","67722618269","2025 Dec 07 11:22:00 PM","CAPITOL HILL","13059","VIOLENT CRIME","E"
"2025-359818","2025 Dec 08 11:50:09 PM","67733828903","2025 Dec 07 11:30:00 PM","CAPITOL HILL","667","PROPERTY CRIME","E"
"2025-359036","2025 Dec 08 08:37:07 AM","67726752483","2025 Dec 07 11:35:00 PM","BELLTOWN","8199","ALL OTHER","D"
"2025-358754","2025 Dec 08 12:55:34 AM","67720165507","2025 Dec 07 11:36:00 PM","FIRST HILL","REDACTED","ALL OTHER","G"
"2025-922213","2025 Dec 12 07:24:12 AM","67778847781","2025 Dec 07 11:51:00 PM","BELLTOWN","8958","PROPERTY CRIME","D"
"2025-922794","2025 Dec 17 01:42:51 PM","67840407562","2025 Dec 08 12:00:00 AM","BALLARD NORTH","5967","PROPERTY CRIME","J"
"2025-360438","2025 Dec 09 01:54:48 PM","67765803165","2025 Dec 08 12:00:00 AM","BITTERLAKE","8606","ALL OTHER","N"
"2025-922438","2025 Dec 14 07:40:23 AM","67803640369","2025 Dec 08 12:00:00 AM","QUEEN ANNE","7185","PROPERTY CRIME","Q"
"2025-922247","2025 Dec 12 08:29:29 AM","67779384692","2025 Dec 08 12:00:00 AM","FIRST HILL","641","PROPERTY CRIME","G"
"2025-359299","2025 Dec 08 01:36:28 PM","67729160415","2025 Dec 08 12:00:00 AM","NORTHGATE","7525","PROPERTY CRIME","L"
"2025-358861","2025 Dec 08 04:30:52 AM","67722610275","2025 Dec 08 12:00:00 AM","FIRST HILL","REDACTED","ALL OTHER","E"
"2025-360337","2025 Dec 09 12:32:34 PM","67743397418","2025 Dec 08 12:00:00 AM","QUEEN ANNE","10497","ALL OTHER","Q"
"2025-923336","2025 Dec 28 11:27:17 AM","67966310074","2025 Dec 08 12:00:00 AM","BALLARD NORTH","6736","PROPERTY CRIME","J"
"2025-922259","2025 Dec 12 09:43:00 AM","67779993525","2025 Dec 08 12:00:00 AM","QUEEN ANNE","2673","PROPERTY CRIME","D"
"2025-360483","2025 Dec 09 10:17:01 PM","67750449022","2025 Dec 08 12:00:00 AM","GREENWOOD","1965","PROPERTY CRIME","J"
"2025-375960","2025 Dec 25 09:05:07 AM","67934862324","2025 Dec 08 12:00:00 AM","RAINIER BEACH","3958","ALL OTHER","S"
"2025-365160","2025 Dec 14 01:23:38 AM","67799859592","2025 Dec 08 12:00:00 AM","CAPITOL HILL","7223","ALL OTHER","C"
"2025-361451","2025 Dec 10 03:13:10 PM","67759243344","2025 Dec 08 12:00:00 AM","LAKECITY","1434","ALL OTHER","L"
"2025-359298","2025 Dec 08 02:38:49 PM","67730492955","2025 Dec 08 12:00:00 AM","ROXHILL/WESTWOOD/ARBOR HEIGHTS","REDACTED","ALL OTHER","F"
"2025-367105","2025 Dec 16 12:33:17 AM","67821300200","2025 Dec 08 12:00:00 AM","HIGHLAND PARK","3685","PROPERTY CRIME","F"
"2025-361451","2025 Dec 10 03:13:10 PM","67760240758","2025 Dec 08 12:00:00 AM","LAKECITY","1434","ALL OTHER","L"
"2025-362731","2025 Dec 11 06:25:43 PM","67770009819","2025 Dec 08 12:00:00 AM","WALLINGFORD","6422","PROPERTY CRIME","B"
"2025-361400","2025 Dec 10 12:23:28 PM","67757302403","2025 Dec 08 12:00:00 AM","BALLARD NORTH","5619","PROPERTY CRIME","J"
"2025-922240","2025 Dec 12 08:26:51 AM","67779366093","2025 Dec 08 12:00:00 AM","FIRST HILL","641","PROPERTY CRIME","G"
"2025-362731","2025 Dec 11 06:25:43 PM","67785911608","2025 Dec 08 12:00:00 AM","WALLINGFORD","6422","PROPERTY CRIME","B"
"2025-359640","2025 Dec 08 09:44:40 PM","67732156188","2025 Dec 08 12:00:00 AM","NEW HOLLY","12363","PROPERTY CRIME","S"
"2025-359153","2025 Dec 08 10:57:17 AM","67727869345","2025 Dec 08 12:00:00 AM","CENTRAL AREA/SQUIRE PARK","5148","ALL OTHER","C"
"2025-922704","2025 Dec 17 07:15:08 AM","67836641984","2025 Dec 08 12:00:00 AM","MORGAN","1665","ALL OTHER","W"
"2025-922235","2025 Dec 12 07:55:27 AM","67779079152","2025 Dec 08 12:00:00 AM","GREENWOOD","8236","PROPERTY CRIME","J"
"2025-365160","2025 Dec 14 01:23:38 AM","67800083527","2025 Dec 08 12:00:00 AM","CAPITOL HILL","7223","ALL OTHER","C"
"2025-360438","2025 Dec 09 01:54:48 PM","67744115036","2025 Dec 08 12:00:00 AM","BITTERLAKE","8606","ALL OTHER","N"
"2025-359273","2025 Dec 08 01:04:12 PM","67728871804","2025 Dec 08 12:00:00 AM","SLU/CASCADE","1009","ALL OTHER","D"
"2025-361410","2025 Dec 10 12:29:53 PM","67758262037","2025 Dec 08 12:00:00 AM","FREMONT","11080","ALL OTHER","B"
"2025-922247","2025 Dec 12 08:29:29 AM","67819557093","2025 Dec 08 12:00:00 AM","FIRST HILL","641","ALL OTHER","G"
"2025-359299","2025 Dec 08 01:36:28 PM","67729147632","2025 Dec 08 12:00:00 AM","NORTHGATE","7525","PROPERTY CRIME","L"
"2026-900495","2026 Jan 07 08:08:25 AM","68085244227","2025 Dec 08 12:00:00 AM","FREMONT","6512","PROPERTY CRIME","B"
"2025-359876","2025 Dec 09 04:02:58 AM","67735974446","2025 Dec 08 12:11:00 AM","DOWNTOWN COMMERCIAL","5533","VIOLENT CRIME","M"
"2025-359214","2025 Dec 08 12:05:27 PM","67728414790","2025 Dec 08 12:25:00 AM","BALLARD NORTH","3492","ALL OTHER","J"
"2025-922315","2025 Dec 12 10:56:31 AM","67780590577","2025 Dec 08 01:00:00 AM","LAKECITY","6284","PROPERTY CRIME","L"
"2025-359663","2025 Dec 08 11:15:27 PM","67733413955","2025 Dec 08 01:00:00 AM","SANDPOINT","REDACTED","ALL OTHER","U"
"2025-922225","2025 Dec 12 07:39:42 AM","67778963874","2025 Dec 08 01:00:00 AM","BALLARD SOUTH","10913","PROPERTY CRIME","B"
"2025-922334","2025 Dec 12 11:12:21 AM","67780728790","2025 Dec 08 01:00:00 AM","NORTH ADMIRAL","8734","PROPERTY CRIME","W"
"2025-358832","2025 Dec 08 03:59:18 AM","67721967903","2025 Dec 08 01:07:00 AM","GEORGETOWN","6112","ALL OTHER","O"
"2025-358832","2025 Dec 08 03:59:18 AM","67722756978","2025 Dec 08 01:07:00 AM","GEORGETOWN","5656","ALL OTHER","O"
"2025-358846","2025 Dec 08 03:35:03 AM","67721803951","2025 Dec 08 01:35:00 AM","FIRST HILL","7623","ALL OTHER","E"
"2025-358846","2025 Dec 08 03:35:03 AM","67730228372","2025 Dec 08 01:35:00 AM","FIRST HILL","7623","ALL OTHER","E"
"2025-358852","2025 Dec 08 03:39:54 AM","67721966289","2025 Dec 08 01:38:00 AM","EASTLAKE - WEST","6086","ALL OTHER","D"
"2025-358852","2025 Dec 08 03:39:54 AM","67721814549","2025 Dec 08 01:38:00 AM","EASTLAKE - WEST","6086","PROPERTY CRIME","D"
"2025-922284","2025 Dec 12 10:10:43 AM","67780218610","2025 Dec 08 01:50:00 AM","CAPITOL HILL","4204","PROPERTY CRIME","E"
"2025-358865","2025 Dec 08 02:51:58 AM","67720518028","2025 Dec 08 02:05:00 AM","FREMONT","12068","PROPERTY CRIME","B"
"2025-360557","2025 Dec 09 06:14:08 PM","67757590693","2025 Dec 08 02:05:00 AM","QUEEN ANNE","8628","VIOLENT CRIME","Q"
"2025-358869","2025 Dec 08 08:20:12 PM","67731792920","2025 Dec 08 02:11:00 AM","BITTERLAKE","5897","ALL OTHER","N"
"2025-922566","2025 Dec 15 12:00:58 PM","67815571049","2025 Dec 08 02:14:00 AM","BALLARD SOUTH","896","PROPERTY CRIME","B"
"2025-358872","2025 Dec 08 03:02:13 AM","67720523119","2025 Dec 08 02:20:00 AM","DOWNTOWN COMMERCIAL","REDACTED","ALL OTHER","M"
"2025-922254","2025 Dec 12 09:40:37 AM","67779972780","2025 Dec 08 02:36:00 AM","CAPITOL HILL","4204","PROPERTY CRIME","E"
"2025-922234","2025 Dec 12 07:54:36 AM","67779074667","2025 Dec 08 02:45:00 AM","BALLARD SOUTH","2906","PROPERTY CRIME","B"
"2025-358880","2025 Dec 08 05:38:03 AM","67724560250","2025 Dec 08 02:50:00 AM","BITTERLAKE","5897","ALL OTHER","N"
"2025-922237","2025 Dec 12 07:56:26 AM","67779085831","2025 Dec 08 02:53:00 AM","MAGNOLIA","3817","PROPERTY CRIME","Q"
"2025-922261","2025 Dec 12 09:43:41 AM","67779998909","2025 Dec 08 02:55:00 AM","FREMONT","6855","PROPERTY CRIME","B"
"2025-359463","2025 Dec 08 05:12:05 PM","67730747604","2025 Dec 08 03:00:00 AM","MAGNOLIA","11351","PROPERTY CRIME","Q"
"2025-359321","2025 Dec 08 01:42:38 PM","67729198688","2025 Dec 08 03:00:00 AM","FIRST HILL","641","PROPERTY CRIME","G"
"2025-358892","2025 Dec 08 04:07:01 AM","67721997431","2025 Dec 08 03:26:00 AM","FAUNTLEROY SW","10590","PROPERTY CRIME","W"
"2025-359091","2025 Dec 08 10:18:06 AM","67727548207","2025 Dec 08 04:00:00 AM","BRIGHTON/DUNLAP","346","PROPERTY CRIME","S"
"2025-358986","2025 Dec 08 08:09:17 AM","67726247241","2025 Dec 08 04:23:00 AM","LAKECITY","11434","PROPERTY CRIME","L"
"2025-922394","2025 Dec 12 12:50:02 PM","67781575368","2025 Dec 08 04:28:00 AM","CAPITOL HILL","7706","PROPERTY CRIME","C"
"2025-922526","2025 Dec 15 08:49:23 AM","67813929322","2025 Dec 08 04:37:00 AM","MAGNOLIA","552","PROPERTY CRIME","Q"
"2025-359462","2025 Dec 08 09:43:17 PM","67732418440","2025 Dec 08 04:40:00 AM","BALLARD NORTH","REDACTED","ALL OTHER","J"
"2025-359462","2025 Dec 08 09:43:17 PM","67732306568","2025 Dec 08 04:40:00 AM","BALLARD NORTH","REDACTED","ALL OTHER","J"
"2025-359462","2025 Dec 08 09:43:17 PM","67732441633","2025 Dec 08 04:40:00 AM","BALLARD NORTH","REDACTED","ALL OTHER","J"
"2025-359098","2025 Dec 08 10:50:01 AM","67727819576","2025 Dec 08 05:00:00 AM","SODO","1661","PROPERTY CRIME","O"
"2025-358962","2025 Dec 08 08:20:20 AM","67726464853","2025 Dec 08 05:00:00 AM","BELLTOWN","2072","PROPERTY CRIME","M"
"2025-358920","2025 Dec 08 09:20:19 AM","67727078386","2025 Dec 08 05:09:00 AM","GEORGETOWN","3033","PROPERTY CRIME","O"
"2025-358926","2025 Dec 08 05:54:49 AM","67724556813","2025 Dec 08 05:17:00 AM","BRIGHTON/DUNLAP","REDACTED","PROPERTY CRIME","S"
"2025-358926","2025 Dec 08 05:54:49 AM","67724541547","2025 Dec 08 05:17:00 AM","BRIGHTON/DUNLAP","REDACTED","ALL OTHER","S"
"2025-359455","2025 Dec 08 03:58:44 PM","67730279977","2025 Dec 08 06:00:00 AM","QUEEN ANNE","7185","PROPERTY CRIME","Q"
"2025-922230","2025 Dec 12 07:44:58 AM","67779000496","2025 Dec 08 06:01:00 AM","FAUNTLEROY SW","12634","PROPERTY CRIME","W"
"2025-358949","2025 Dec 08 08:06:16 AM","67726214871","2025 Dec 08 06:49:00 AM","CAPITOL HILL","4209","PROPERTY CRIME","E"
"2025-358958","2025 Dec 08 10:11:47 AM","67727499208","2025 Dec 08 06:54:00 AM","ROOSEVELT/RAVENNA","5168","VIOLENT CRIME","J"
"2025-359179","2025 Dec 08 04:01:40 PM","67730230739","2025 Dec 08 07:00:00 AM","HILLMAN CITY","12641","ALL OTHER","R"
"2025-922314","2025 Dec 12 10:56:12 AM","67780588337","2025 Dec 08 07:00:00 AM","CENTRAL AREA/SQUIRE PARK","10007","PROPERTY CRIME","G"
"2025-358976","2025 Dec 08 11:38:14 AM","67728221833","2025 Dec 08 07:21:00 AM","BALLARD SOUTH","5064","PROPERTY CRIME","B"
"2025-358993","2025 Dec 08 08:44:47 AM","67726811833","2025 Dec 08 07:28:00 AM","CAPITOL HILL","REDACTED","ALL OTHER","C"
"2025-360498","2025 Dec 09 03:06:03 PM","67744782791","2025 Dec 08 07:30:00 AM","SLU/CASCADE","2762","VIOLENT CRIME","D"
"2025-359003","2025 Dec 08 12:19:29 PM","67728628688","2025 Dec 08 07:45:00 AM","SOUTH BEACON HILL","8552","ALL OTHER","S"
"2025-359003","2025 Dec 08 12:19:29 PM","67733757131","2025 Dec 08 07:45:00 AM","SOUTH BEACON HILL","8552","ALL OTHER","S"
"2025-359010","2025 Dec 08 08:02:55 AM","67726179797","2025 Dec 08 07:53:00 AM","FREMONT","4993","PROPERTY CRIME","B"
"2025-922608","2025 Dec 16 07:11:56 AM","67824218099","2025 Dec 08 08:00:00 AM","FREMONT","10126","PROPERTY CRIME","B"
"2026-900334","2026 Jan 05 09:57:15 AM","68058274886","2025 Dec 08 08:00:00 AM","CENTRAL AREA/SQUIRE PARK","12237","PROPERTY CRIME","C"
"2025-359099","2025 Dec 08 09:44:12 AM","67727280502","2025 Dec 08 08:14:00 AM","MADRONA/LESCHI","12248","PROPERTY CRIME","G"
"2025-359841","2025 Dec 09 10:27:48 AM","67742176637","2025 Dec 08 08:22:00 AM","BITTERLAKE","12937","ALL OTHER","N"
"2025-359841","2025 Dec 09 10:27:48 AM","67742146199","2025 Dec 08 08:22:00 AM","BITTERLAKE","12937","ALL OTHER","N"
"2025-359061","2025 Dec 08 10:13:16 AM","67727537245","2025 Dec 08 08:40:00 AM","FIRST HILL","3168","PROPERTY CRIME","E"
"2025-359067","2025 Dec 08 12:09:55 PM","67728675912","2025 Dec 08 08:52:00 AM","QUEEN ANNE","3587","PROPERTY CRIME","D"
"2025-359066","2025 Dec 08 09:45:49 AM","67727372546","2025 Dec 08 08:53:00 AM","LAKECITY","REDACTED","ALL OTHER","L"
"2025-359519","2025 Dec 08 06:12:15 PM","67731118921","2025 Dec 08 09:00:00 AM","QUEEN ANNE","5920","ALL OTHER","Q"
"2025-361601","2025 Dec 10 03:23:53 PM","67759255843","2025 Dec 08 09:00:00 AM","MAGNOLIA","5189","PROPERTY CRIME","Q"
"2025-360406","2025 Dec 09 01:46:02 PM","67744047180","2025 Dec 08 09:00:00 AM","UNIVERSITY","8509","ALL OTHER","U"
"2025-359079","2025 Dec 08 01:49:47 PM","67729231188","2025 Dec 08 09:06:00 AM","HIGHLAND PARK","REDACTED","ALL OTHER","F"
"2025-359108","2025 Dec 08 10:54:16 AM","67727867498","2025 Dec 08 09:15:00 AM","QUEEN ANNE","REDACTED","ALL OTHER","Q"
"2025-359108","2025 Dec 08 10:54:16 AM","67728132222","2025 Dec 08 09:15:00 AM","QUEEN ANNE","REDACTED","ALL OTHER","Q"
"2025-359118","2025 Dec 08 10:54:59 AM","67727855956","2025 Dec 08 09:40:00 AM","CAPITOL HILL","3396","ALL OTHER","E"
"2025-359880","2025 Dec 09 01:07:12 AM","67734180527","2025 Dec 08 10:00:00 AM","NORTHGATE","7356","ALL OTHER","N"
"2025-922583","2025 Dec 15 01:21:45 PM","67837903494","2025 Dec 08 10:00:00 AM","UNKNOWN","99","ALL OTHER","99"
"2025-922583","2025 Dec 15 01:21:45 PM","67816318674","2025 Dec 08 10:00:00 AM","UNKNOWN","99","ALL OTHER","99"
"2025-359440","2025 Dec 08 03:12:00 PM","67729875837","2025 Dec 08 10:00:00 AM","BALLARD NORTH","7035","PROPERTY CRIME","J"
"2025-359178","2025 Dec 08 12:10:18 PM","67728450059","2025 Dec 08 10:00:00 AM","BITTERLAKE","REDACTED","ALL OTHER","N"
"2025-359330","2025 Dec 08 04:01:32 PM","67730386983","2025 Dec 08 10:19:00 AM","UNIVERSITY","REDACTED","ALL OTHER","U"
"2025-922263","2025 Dec 12 09:44:20 AM","67780003995","2025 Dec 08 10:20:00 AM","GREENWOOD","5892","PROPERTY CRIME","J"
"2025-359164","2025 Dec 08 11:39:39 AM","67728245686","2025 Dec 08 10:30:00 AM","DOWNTOWN COMMERCIAL","REDACTED","ALL OTHER","M"
"2026-007478","2026 Jan 08 11:40:23 PM","68108820681","2025 Dec 08 10:32:00 AM","CAPITOL HILL","REDACTED","ALL OTHER","E"
"2025-359166","2025 Dec 08 02:03:03 PM","67729308435","2025 Dec 08 10:38:00 AM","DOWNTOWN COMMERCIAL","REDACTED","ALL OTHER","M"
"2025-359576","2025 Dec 08 05:42:18 PM","67730908199","2025 Dec 08 10:50:00 AM","NORTH BEACON HILL","8431","PROPERTY CRIME","R"
"2025-359176","2025 Dec 08 12:39:11 PM","67728920329","2025 Dec 08 10:54:00 AM","ROXHILL/WESTWOOD/ARBOR HEIGHTS","REDACTED","ALL OTHER","W"
"2025-359176","2025 Dec 08 12:39:11 PM","67728698706","2025 Dec 08 10:54:00 AM","ROXHILL/WESTWOOD/ARBOR HEIGHTS","REDACTED","ALL OTHER","W"
"2025-922368","2025 Dec 12 12:29:28 PM","67781417763","2025 Dec 08 10:57:00 AM","SLU/CASCADE","10095","ALL OTHER","D"
"2025-359234","2025 Dec 08 12:49:01 PM","67728784181","2025 Dec 08 11:00:00 AM","QUEEN ANNE","7185","ALL OTHER","Q"
"2025-359187","2025 Dec 08 12:21:49 PM","67728543641","2025 Dec 08 11:04:00 AM","GREENWOOD","REDACTED","VIOLENT CRIME","N"
"2025-362736","2025 Dec 11 07:25:11 PM","67770344386","2025 Dec 08 11:08:00 AM","CHINATOWN/INTERNATIONAL DISTRICT","3646","PROPERTY CRIME","K"
"2026-900007","2026 Jan 02 06:34:30 AM","68016601868","2025 Dec 08 11:11:00 AM","CENTRAL AREA/SQUIRE PARK","1342","PROPERTY CRIME","C"
"2025-922342","2025 Dec 12 11:38:00 AM","67780944639","2025 Dec 08 11:30:00 AM","DOWNTOWN COMMERCIAL","6101","PROPERTY CRIME","K"
"2025-359451","2025 Dec 08 04:20:15 PM","67730378622","2025 Dec 08 11:35:00 AM","ROXHILL/WESTWOOD/ARBOR HEIGHTS","12385","ALL OTHER","W"
"2025-359285","2025 Dec 08 01:31:55 PM","67729171826","2025 Dec 08 11:45:00 AM","MAGNOLIA","3589","PROPERTY CRIME","Q"
"2025-359253","2025 Dec 08 12:31:37 PM","67728633492","2025 Dec 08 11:53:00 AM","SODO","3649","ALL OTHER","O"
"2025-359396","2025 Dec 08 05:35:01 PM","67730906742","2025 Dec 08 12:00:00 PM","PIONEER SQUARE","2652","ALL OTHER","K"
"2025-361492","2025 Dec 10 02:09:53 PM","67758664983","2025 Dec 08 12:00:00 PM","ROXHILL/WESTWOOD/ARBOR HEIGHTS","12667","VIOLENT CRIME","F"
"2025-922401","2025 Dec 13 05:34:05 AM","67790672948","2025 Dec 08 12:00:00 PM","FREMONT","10030","PROPERTY CRIME","B"
"2025-359266","2025 Dec 08 01:18:03 PM","67730820540","2025 Dec 08 12:00:00 PM","SOUTH BEACON HILL","10939","PROPERTY CRIME","S"
"2025-922258","2025 Dec 12 09:42:34 AM","67779989233","2025 Dec 08 12:00:00 PM","MILLER PARK","7225","PROPERTY CRIME","C"
"2025-367992","2025 Dec 16 05:06:22 PM","67830290078","2025 Dec 08 12:10:00 PM","ROXHILL/WESTWOOD/ARBOR HEIGHTS","5933","ALL OTHER","F"
"2025-359497","2025 Dec 09 07:52:45 AM","67740680360","2025 Dec 08 12:30:00 PM","DOWNTOWN COMMERCIAL","12793","PROPERTY CRIME","K"
"2025-359507","2025 Dec 08 05:17:27 PM","67730764530","2025 Dec 08 12:57:00 PM","UNIVERSITY","10188","PROPERTY CRIME","U"
"2025-923001","2025 Dec 23 09:21:17 AM","67913383652","2025 Dec 08 01:11:00 PM","GREENWOOD","2541","PROPERTY CRIME","N"
"2025-922494","2025 Dec 15 07:27:19 AM","67813195277","2025 Dec 08 01:18:00 PM","QUEEN ANNE","16","PROPERTY CRIME","D"
"2025-922527","2025 Dec 15 08:49:41 AM","67813932133","2025 Dec 08 01:30:00 PM","FIRST HILL","8139","ALL OTHER","G"
"2025-359367","2025 Dec 08 08:25:06 PM","67731779065","2025 Dec 08 01:36:00 PM","DOWNTOWN COMMERCIAL","6967","ALL OTHER","K"
"2025-359373","2025 Dec 08 02:29:04 PM","67729567656","2025 Dec 08 01:41:00 PM","CAPITOL HILL","6228","ALL OTHER","E"
"2025-359373","2025 Dec 08 02:29:04 PM","67729536618","2025 Dec 08 01:41:00 PM","CAPITOL HILL","6228","ALL OTHER","E"
"2025-359380","2025 Dec 08 02:58:38 PM","67729922453","2025 Dec 08 01:45:00 PM","CAPITOL HILL","1231","PROPERTY CRIME","E"
"2025-359380","2025 Dec 08 02:58:38 PM","67729853664","2025 Dec 08 01:45:00 PM","CAPITOL HILL","13065","PROPERTY CRIME","E"
"2025-359383","2025 Dec 08 02:28:26 PM","67729714789","2025 Dec 08 01:53:00 PM","CAPITOL HILL","668","ALL OTHER","E"
"2025-359380","2025 Dec 08 02:58:38 PM","67730054246","2025 Dec 08 02:00:00 PM","CAPITOL HILL","6227","ALL OTHER","E"
"2025-359733","2025 Dec 08 09:21:32 PM","67732125984","2025 Dec 08 02:00:00 PM","CAPITOL HILL","3523","ALL OTHER","E"
"2025-922440","2025 Dec 14 07:41:41 AM","67803644431","2025 Dec 08 02:00:00 PM","FREMONT","7276","PROPERTY CRIME","B"
"2025-360644","2025 Dec 09 05:27:23 PM","67745846810","2025 Dec 08 02:00:00 PM","EASTLAKE - WEST","10192","PROPERTY CRIME","D"
"2025-359422","2025 Dec 08 09:32:25 PM","67732111276","2025 Dec 08 02:04:00 PM","BELLTOWN","8080","ALL OTHER","D"
"2025-359402","2025 Dec 08 05:39:43 PM","67730939016","2025 Dec 08 02:15:00 PM","JUDKINS PARK/NORTH BEACON HILL","2606","ALL OTHER","G"
"2025-359449","2025 Dec 08 03:57:56 PM","67730197225","2025 Dec 08 02:50:00 PM","NORTHGATE","REDACTED","ALL OTHER","N"
"2025-359451","2025 Dec 08 04:20:15 PM","67741868281","2025 Dec 08 02:52:00 PM","ROXHILL/WESTWOOD/ARBOR HEIGHTS","12385","ALL OTHER","W"
"2025-923438","2025 Dec 29 08:35:22 AM","67973049453","2025 Dec 08 03:00:00 PM","GENESEE","1052","PROPERTY CRIME","R"
"2025-922327","2025 Dec 12 11:02:43 AM","67780646807","2025 Dec 08 03:00:00 PM","ROOSEVELT/RAVENNA","5234","ALL OTHER","J"
"2025-922625","2025 Dec 16 08:53:24 AM","67825517122","2025 Dec 08 03:04:00 PM","BRIGHTON/DUNLAP","3952","PROPERTY CRIME","S"
"2025-359467","2025 Dec 08 08:34:08 PM","67731826250","2025 Dec 08 03:05:00 PM","GEORGETOWN","REDACTED","ALL OTHER","O"
"2025-922296","2025 Dec 12 10:16:33 AM","67780263090","2025 Dec 08 03:20:00 PM","NORTHGATE","6541","ALL OTHER","N"
"2025-922279","2025 Dec 12 10:03:33 AM","67780159167","2025 Dec 08 03:30:00 PM","BALLARD SOUTH","10930","PROPERTY CRIME","B"
"2025-359520","2025 Dec 08 04:47:20 PM","67730665909","2025 Dec 08 03:56:00 PM","CENTRAL AREA/SQUIRE PARK","7464","PROPERTY CRIME","C"
"2025-359522","2025 Dec 08 06:34:59 PM","67850286829","2025 Dec 08 03:57:00 PM","CAPITOL HILL","3934","ALL OTHER","C"
"2025-360088","2025 Dec 09 09:58:41 AM","67741920831","2025 Dec 08 04:00:00 PM","NORTHGATE","12622","PROPERTY CRIME","N"
"2025-922275","2025 Dec 12 10:01:27 AM","67797857028","2025 Dec 08 04:03:00 PM","ROOSEVELT/RAVENNA","5621","ALL OTHER","L"
"2025-922275","2025 Dec 12 10:01:27 AM","67780141708","2025 Dec 08 04:03:00 PM","ROOSEVELT/RAVENNA","5621","ALL OTHER","L"
"2025-359535","2025 Dec 08 04:27:21 PM","67730376052","2025 Dec 08 04:12:00 PM","NORTHGATE","11044","ALL OTHER","N"
"2025-362281","2025 Dec 11 10:12:44 AM","67765754878","2025 Dec 08 04:12:00 PM","FIRST HILL","6962","ALL OTHER","E"
"2025-359546","2025 Dec 08 06:10:24 PM","67731816429","2025 Dec 08 04:21:00 PM","DOWNTOWN COMMERCIAL","12522","PROPERTY CRIME","M"
"2025-922288","2025 Dec 12 10:13:34 AM","67780237123","2025 Dec 08 04:27:00 PM","CENTRAL AREA/SQUIRE PARK","11248","PROPERTY CRIME","C"
"2025-922352","2025 Dec 12 12:01:16 PM","67781189243","2025 Dec 08 04:30:00 PM","ROOSEVELT/RAVENNA","5234","PROPERTY CRIME","J"
"2025-359637","2025 Dec 08 07:17:47 PM","67731465555","2025 Dec 08 04:40:00 PM","SLU/CASCADE","2057","PROPERTY CRIME","D"
"2025-922589","2025 Dec 15 01:50:54 PM","67816560873","2025 Dec 08 04:41:00 PM","JUDKINS PARK/NORTH BEACON HILL","10824","PROPERTY CRIME","G"
"2025-922355","2025 Dec 12 12:24:05 PM","67781377395","2025 Dec 08 04:45:00 PM","SLU/CASCADE","4138","PROPERTY CRIME","Q"
"2025-359577","2025 Dec 08 04:56:28 PM","67730630534","2025 Dec 08 04:50:00 PM","CHINATOWN/INTERNATIONAL DISTRICT","3646","ALL OTHER","K"
"2025-922367","2025 Dec 12 12:29:03 PM","67781414622","2025 Dec 08 05:00:00 PM","HIGHLAND PARK","5382","ALL OTHER","F"
"2025-360270","2025 Dec 09 05:06:23 PM","67745730396","2025 Dec 08 05:00:00 PM","CENTRAL AREA/SQUIRE PARK","REDACTED","ALL OTHER","C"
"2025-922322","2025 Dec 12 10:59:04 AM","67797740846","2025 Dec 08 05:00:00 PM","CENTRAL AREA/SQUIRE PARK","12801","ALL OTHER","G"
"2025-922367","2025 Dec 12 12:29:03 PM","67782848019","2025 Dec 08 05:00:00 PM","HIGHLAND PARK","5382","ALL OTHER","F"
"2025-922322","2025 Dec 12 10:59:04 AM","67797702654","2025 Dec 08 05:00:00 PM","CENTRAL AREA/SQUIRE PARK","12801","ALL OTHER","G"
"2025-359810","2025 Dec 08 11:32:38 PM","67738017384","2025 Dec 08 05:00:00 PM","ALASKA JUNCTION","7658","PROPERTY CRIME","W"
"2025-922426","2025 Dec 14 07:29:10 AM","67803601406","2025 Dec 08 05:00:00 PM","SANDPOINT","497","ALL OTHER","U"
"2025-922322","2025 Dec 12 10:59:04 AM","67780616565","2025 Dec 08 05:00:00 PM","CENTRAL AREA/SQUIRE PARK","12801","PROPERTY CRIME","G"
"2025-359594","2025 Dec 08 06:25:33 PM","67731140279","2025 Dec 08 05:18:00 PM","GREENWOOD","1968","PROPERTY CRIME","J"
"2025-922330","2025 Dec 12 11:04:41 AM","67780664392","2025 Dec 08 05:19:00 PM","PIONEER SQUARE","885","ALL OTHER","K"
"2025-359666","2025 Dec 08 08:54:54 PM","67731921944","2025 Dec 08 05:30:00 PM","UNIVERSITY","8130","PROPERTY CRIME","U"
"2025-359619","2025 Dec 08 08:12:56 PM","67731748898","2025 Dec 08 05:47:00 PM","CENTRAL AREA/SQUIRE PARK","6726","ALL OTHER","G"
"2025-922289","2025 Dec 12 10:13:51 AM","67780240704","2025 Dec 08 05:49:00 PM","NORTHGATE","8909","PROPERTY CRIME","N"
"2025-359625","2025 Dec 08 07:02:19 PM","67731479825","2025 Dec 08 05:50:00 PM","CLAREMONT/RAINIER VISTA","REDACTED","ALL OTHER","R"
"2025-359625","2025 Dec 08 07:02:19 PM","67731469972","2025 Dec 08 05:50:00 PM","CLAREMONT/RAINIER VISTA","REDACTED","ALL OTHER","R"
"2025-359625","2025 Dec 08 07:02:19 PM","67731454415","2025 Dec 08 05:50:00 PM","CLAREMONT/RAINIER VISTA","REDACTED","ALL OTHER","R"
"2025-359623","2025 Dec 08 07:21:22 PM","67731516518","2025 Dec 08 05:55:00 PM","QUEEN ANNE","4841","ALL OTHER","Q"
"2025-359623","2025 Dec 08 07:21:22 PM","67833629026","2025 Dec 08 05:55:00 PM","SLU/CASCADE","6486","PROPERTY CRIME","Q"
"2025-922351","2025 Dec 12 12:00:57 PM","67781184616","2025 Dec 08 06:00:00 PM","BALLARD NORTH","6254","PROPERTY CRIME","J"
"2025-360203","2025 Dec 09 10:22:05 AM","67742087480","2025 Dec 08 06:00:00 PM","BRIGHTON/DUNLAP","13102","PROPERTY CRIME","S"
"2025-359667","2025 Dec 08 09:26:25 PM","67732050669","2025 Dec 08 06:00:00 PM","BELLTOWN","2071","ALL OTHER","D"
"2025-360078","2025 Dec 09 10:06:26 AM","67742706501","2025 Dec 08 06:00:00 PM","CAPITOL HILL","3520","PROPERTY CRIME","E"
"2025-360054","2025 Dec 09 08:10:11 AM","67740638434","2025 Dec 08 06:00:00 PM","CAPITOL HILL","4201","PROPERTY CRIME","E"
"2025-360377","2025 Dec 09 01:09:51 PM","67743705158","2025 Dec 08 06:00:00 PM","EASTLAKE - WEST","10192","PROPERTY CRIME","D"
"2025-360412","2025 Dec 09 03:47:34 PM","67745131309","2025 Dec 08 06:00:00 PM","CAPITOL HILL","13064","PROPERTY CRIME","E"
"2025-360054","2025 Dec 09 08:10:11 AM","67740800908","2025 Dec 08 06:00:00 PM","CAPITOL HILL","4201","ALL OTHER","E"
"2026-700060","2026 Jan 26 06:01:35 PM","68316146263","2025 Dec 08 06:07:00 PM","BALLARD SOUTH","5526","PROPERTY CRIME","B"
"2025-359646","2025 Dec 08 10:18:18 PM","67732292129","2025 Dec 08 06:15:00 PM","FIRST HILL","6962","PROPERTY CRIME","E"
"2025-922299","2025 Dec 12 10:19:35 AM","67780290073","2025 Dec 08 06:30:00 PM","FREMONT","1880","PROPERTY CRIME","B"
"2025-359769","2025 Dec 09 12:09:57 AM","67733837282","2025 Dec 08 06:30:00 PM","GEORGETOWN","5636","PROPERTY CRIME","O"
"2025-359655","2025 Dec 08 07:41:01 PM","67731975615","2025 Dec 08 06:33:00 PM","BITTERLAKE","REDACTED","ALL OTHER","N"
"2025-359655","2025 Dec 08 07:41:01 PM","67731957891","2025 Dec 08 06:33:00 PM","BITTERLAKE","REDACTED","PROPERTY CRIME","N"
"2025-359763","2025 Dec 08 09:25:50 PM","67732191148","2025 Dec 08 06:40:00 PM","NORTHGATE","REDACTED","ALL OTHER","N"
"2025-359763","2025 Dec 08 09:25:50 PM","67732183394","2025 Dec 08 06:55:00 PM","NORTHGATE","REDACTED","PROPERTY CRIME","N"
"2025-922292","2025 Dec 12 10:15:14 AM","67780252110","2025 Dec 08 07:00:00 PM","SLU/CASCADE","12785","PROPERTY CRIME","D"
"2025-923298","2025 Dec 28 11:08:14 AM","67966215903","2025 Dec 08 07:00:00 PM","BALLARD SOUTH","2897","PROPERTY CRIME","B"
"2025-922385","2025 Dec 12 12:46:09 PM","67781547811","2025 Dec 08 07:00:00 PM","CENTRAL AREA/SQUIRE PARK","1342","PROPERTY CRIME","C"
"2025-922294","2025 Dec 12 10:15:58 AM","67780257981","2025 Dec 08 07:15:00 PM","MOUNT BAKER","831","PROPERTY CRIME","R"
"2025-922345","2025 Dec 12 11:58:45 AM","67781160335","2025 Dec 08 07:20:00 PM","QUEEN ANNE","4140","PROPERTY CRIME","Q"
"2025-362866","2025 Dec 11 08:26:17 PM","67770727535","2025 Dec 08 07:30:00 PM","MONTLAKE/PORTAGE BAY","10693","PROPERTY CRIME","C"
"2025-366873","2025 Dec 15 05:03:32 PM","67817997072","2025 Dec 08 07:30:00 PM","PIONEER SQUARE","6099","PROPERTY CRIME","K"
"2025-360464","2025 Dec 09 04:47:51 PM","67745565427","2025 Dec 08 07:30:00 PM","BALLARD SOUTH","10907","PROPERTY CRIME","B"
"2025-922502","2025 Dec 15 08:09:35 AM","67813589748","2025 Dec 08 07:30:00 PM","MOUNT BAKER","6589","PROPERTY CRIME","R"
"2025-360131","2025 Dec 09 09:12:21 AM","67741427936","2025 Dec 08 07:30:00 PM","WALLINGFORD","1826","PROPERTY CRIME","B"
"2025-362866","2025 Dec 11 08:26:17 PM","67785873455","2025 Dec 08 07:30:00 PM","MONTLAKE/PORTAGE BAY","10693","PROPERTY CRIME","C"
"2025-922350","2025 Dec 12 12:00:37 PM","67781179013","2025 Dec 08 07:40:00 PM","FREMONT","3564","PROPERTY CRIME","B"
"2025-359714","2025 Dec 09 12:22:59 AM","67734210950","2025 Dec 08 07:42:00 PM","CENTRAL AREA/SQUIRE PARK","4408","ALL OTHER","C"
"2025-922295","2025 Dec 12 10:16:15 AM","67780259829","2025 Dec 08 07:45:00 PM","UNIVERSITY","6718","PROPERTY CRIME","U"
"2025-922364","2025 Dec 12 12:28:07 PM","67781406887","2025 Dec 08 08:00:00 PM","FIRST HILL","7618","PROPERTY CRIME","E"
"2025-360036","2025 Dec 09 07:34:52 AM","67740164472","2025 Dec 08 08:00:00 PM","BITTERLAKE","8585","PROPERTY CRIME","N"
"2025-370730","2025 Dec 19 03:49:19 PM","67873543900","2025 Dec 08 08:00:00 PM","BALLARD SOUTH","7481","PROPERTY CRIME","B"
"2025-360044","2025 Dec 09 11:14:09 AM","67742978930","2025 Dec 08 08:00:00 PM","QUEEN ANNE","REDACTED","ALL OTHER","Q"
"2025-362528","2025 Dec 12 12:09:08 PM","67781289174","2025 Dec 08 08:00:00 PM","SLU/CASCADE","7559","PROPERTY CRIME","D"
"2025-360501","2025 Dec 09 03:36:22 PM","67745073245","2025 Dec 08 08:00:00 PM","BALLARD SOUTH","1866","PROPERTY CRIME","B"
"2025-922338","2025 Dec 12 11:14:39 AM","67780749246","2025 Dec 08 08:00:00 PM","ROXHILL/WESTWOOD/ARBOR HEIGHTS","2329","PROPERTY CRIME","F"
"2025-359734","2025 Dec 08 09:39:40 PM","67732116761","2025 Dec 08 08:15:00 PM","SLU/CASCADE","5971","VIOLENT CRIME","D"
"2025-922378","2025 Dec 12 12:36:04 PM","67781465474","2025 Dec 08 08:20:00 PM","CAPITOL HILL","13059","PROPERTY CRIME","E"
"2025-359760","2025 Dec 09 12:43:56 AM","67734172133","2025 Dec 08 08:49:00 PM","SODO","4274","ALL OTHER","O"
"2025-922572","2025 Dec 15 12:29:27 PM","67815820853","2025 Dec 08 09:00:00 PM","UNKNOWN","99","ALL OTHER","99"
"2026-900903","2026 Jan 13 07:41:18 AM","68160646773","2025 Dec 08 09:00:00 PM","CHINATOWN/INTERNATIONAL DISTRICT","3644","ALL OTHER","K"
"2025-359604","2025 Dec 09 02:05:26 PM","67744213578","2025 Dec 08 09:00:00 PM","ROXHILL/WESTWOOD/ARBOR HEIGHTS","10484","PROPERTY CRIME","F"
"2025-922318","2025 Dec 12 10:57:43 AM","67780604569","2025 Dec 08 09:00:00 PM","DOWNTOWN COMMERCIAL","2646","PROPERTY CRIME","M"
"2025-922445","2025 Dec 14 07:48:19 AM","67803665455","2025 Dec 08 09:07:00 PM","UNIVERSITY","5033","PROPERTY CRIME","U"
"2025-359782","2025 Dec 08 11:03:43 PM","67732463545","2025 Dec 08 09:16:00 PM","FIRST HILL","REDACTED","ALL OTHER","G"
"2025-359779","2025 Dec 08 11:57:40 PM","67749059677","2025 Dec 08 09:27:00 PM","CHINATOWN/INTERNATIONAL DISTRICT","1947","ALL OTHER","K"
"2025-359779","2025 Dec 08 11:57:40 PM","67733768291","2025 Dec 08 09:27:00 PM","CHINATOWN/INTERNATIONAL DISTRICT","1947","ALL OTHER","K"
"2025-922331","2025 Dec 12 11:11:15 AM","67780719211","2025 Dec 08 09:30:00 PM","QUEEN ANNE","7892","PROPERTY CRIME","Q"
"2025-360099","2025 Dec 09 12:24:31 PM","67743374803","2025 Dec 08 09:30:00 PM","PHINNEY RIDGE","5645","PROPERTY CRIME","B"
"2025-359793","2025 Dec 09 12:41:33 PM","67743472286","2025 Dec 08 09:35:00 PM","QUEEN ANNE","REDACTED","ALL OTHER","Q"
"2025-359794","2025 Dec 08 10:41:12 PM","67733398719","2025 Dec 08 09:36:00 PM","MID BEACON HILL","REDACTED","ALL OTHER","R"
"2025-360198","2025 Dec 09 10:24:13 AM","67742135351","2025 Dec 08 09:45:00 PM","ROOSEVELT/RAVENNA","10368","PROPERTY CRIME","U"
"2025-922376","2025 Dec 12 12:35:22 PM","67781460703","2025 Dec 08 09:45:00 PM","DOWNTOWN COMMERCIAL","3167","PROPERTY CRIME","K"
"2025-360108","2025 Dec 09 01:12:27 PM","67743759643","2025 Dec 08 10:00:00 PM","CHINATOWN/INTERNATIONAL DISTRICT","7712","ALL OTHER","K"
"2025-923104","2025 Dec 23 01:29:10 PM","67915571089","2025 Dec 08 10:00:00 PM","ALASKA JUNCTION","5344","ALL OTHER","W"
"2025-923015","2025 Dec 23 09:41:16 AM","67913541908","2025 Dec 08 10:00:00 PM","ROOSEVELT/RAVENNA","5241","PROPERTY CRIME","U"
"2025-922341","2025 Dec 12 11:16:46 AM","67780769329","2025 Dec 08 10:00:00 PM","FREMONT","349","PROPERTY CRIME","B"
"2025-922354","2025 Dec 12 12:23:46 PM","67781375544","2025 Dec 08 10:00:00 PM","FREMONT","3563","PROPERTY CRIME","B"
"2025-359810","2025 Dec 08 11:32:38 PM","67733958990","2025 Dec 08 10:12:00 PM","ALASKA JUNCTION","7658","ALL OTHER","W"
"2025-922847","2025 Dec 18 10:25:23 AM","67851747038","2025 Dec 08 10:13:00 PM","QUEEN ANNE","10964","PROPERTY CRIME","Q"
"2025-359812","2025 Dec 08 11:06:57 PM","67734225422","2025 Dec 08 10:17:00 PM","MONTLAKE/PORTAGE BAY","12441","PROPERTY CRIME","C"
"2025-922297","2025 Dec 12 10:18:09 AM","67780276480","2025 Dec 08 10:25:00 PM","NORTHGATE","11042","ALL OTHER","N"
"2025-359816","2025 Dec 09 05:28:45 AM","67736948183","2025 Dec 08 10:49:00 PM","DOWNTOWN COMMERCIAL","2084","ALL OTHER","M"
"2025-359816","2025 Dec 09 05:28:45 AM","67873968305","2025 Dec 08 10:49:00 PM","DOWNTOWN COMMERCIAL","2084","ALL OTHER","M"
"2025-922359","2025 Dec 12 12:25:45 PM","67781390356","2025 Dec 08 11:00:00 PM","QUEEN ANNE","596","ALL OTHER","Q"
"2025-359973","2025 Dec 09 05:14:43 AM","67736818643","2025 Dec 08 11:00:00 PM","QUEEN ANNE","12099","PROPERTY CRIME","Q"
"2025-922366","2025 Dec 12 12:28:43 PM","67781411799","2025 Dec 08 11:00:00 PM","BALLARD NORTH","12072","PROPERTY CRIME","J"
"2025-922634","2025 Dec 16 10:26:53 AM","67826596699","2025 Dec 08 11:07:00 PM","HIGH POINT","2031","PROPERTY CRIME","F"
"2025-359864","2025 Dec 09 03:39:43 AM","67735802100","2025 Dec 08 11:30:00 PM","EASTLAKE - EAST","3066","ALL OTHER","C"
"2025-359857","2025 Dec 09 12:42:46 AM","67733928072","2025 Dec 08 11:38:00 PM","BALLARD SOUTH","6056","ALL OTHER","B"
"2025-360810","2025 Dec 09 08:51:47 PM","67747163681","2025 Dec 08 11:43:00 PM","HILLMAN CITY","12641","PROPERTY CRIME","R"
"2025-361599","2025 Dec 11 01:41:52 AM","67762489465","2025 Dec 08 11:57:00 PM","SLU/CASCADE","10535","VIOLENT CRIME","D"
"2025-922343","2025 Dec 12 11:41:50 AM","67780974004","2025 Dec 08 11:58:00 PM","PHINNEY RIDGE","6670","PROPERTY CRIME","B"
"2025-362415","2025 Dec 11 01:14:26 PM","67767447679","2025 Dec 09 12:00:00 AM","NORTHGATE","11042","PROPERTY CRIME","N"
"2025-362159","2025 Dec 11 11:56:08 AM","67766801032","2025 Dec 09 12:00:00 AM","SLU/CASCADE","187","PROPERTY CRIME","D"
"2025-922365","2025 Dec 12 12:28:26 PM","67781409265","2025 Dec 09 12:00:00 AM","NORTH BEACON HILL","10159","ALL OTHER","R"
"2025-360949","2025 Dec 14 11:30:16 AM","67804746744","2025 Dec 09 12:00:00 AM","BITTERLAKE","REDACTED","ALL OTHER","N"
"2025-922319","2025 Dec 12 10:58:07 AM","67780606744","2025 Dec 09 12:00:00 AM","SANDPOINT","6133","PROPERTY CRIME","U"
"2025-361278","2025 Dec 10 02:44:45 PM","67759083517","2025 Dec 09 12:00:00 AM","NORTH BEACON HILL","4027","ALL OTHER","R"
"2025-923048","2025 Dec 23 11:21:32 AM","67914430528","2025 Dec 09 12:00:00 AM","BALLARD SOUTH","1602","PROPERTY CRIME","B"
"2025-362398","2025 Dec 11 12:07:12 PM","67766918611","2025 Dec 09 12:00:00 AM","FREMONT","775","PROPERTY CRIME","B"
"2025-922348","2025 Dec 12 11:59:54 AM","67781170621","2025 Dec 09 12:00:00 AM","NORTHGATE","8134","PROPERTY CRIME","L"
"2025-360395","2025 Dec 09 06:45:40 PM","67746335201","2025 Dec 09 12:00:00 AM","EASTLAKE - WEST","5906","ALL OTHER","D"
"2025-922353","2025 Dec 12 12:23:28 PM","67781373243","2025 Dec 09 12:00:00 AM","NORTHGATE","6526","PROPERTY CRIME","L"
"2025-922307","2025 Dec 12 10:49:42 AM","67780539306","2025 Dec 09 12:00:00 AM","QUEEN ANNE","7186","PROPERTY CRIME","Q"
"2025-922308","2025 Dec 12 10:51:38 AM","67780554064","2025 Dec 09 12:00:00 AM","UNIVERSITY","7188","PROPERTY CRIME","U"
"2025-359891","2025 Dec 09 02:53:36 AM","67734460305","2025 Dec 09 12:32:00 AM","DOWNTOWN COMMERCIAL","5533","ALL OTHER","M"
"2025-359898","2025 Dec 09 03:20:22 AM","67735208757","2025 Dec 09 12:40:00 AM","ROXHILL/WESTWOOD/ARBOR HEIGHTS","REDACTED","PROPERTY CRIME","F"
"2025-359898","2025 Dec 09 03:20:22 AM","67735513623","2025 Dec 09 12:45:00 AM","ROXHILL/WESTWOOD/ARBOR HEIGHTS","REDACTED","ALL OTHER","F"
"2025-359901","2025 Dec 09 01:42:29 AM","67734245400","2025 Dec 09 12:54:00 AM","NORTHGATE","11094","PROPERTY CRIME","L"
"2025-922333","2025 Dec 12 11:11:59 AM","67780724716","2025 Dec 09 01:00:00 AM","FREMONT","10231","PROPERTY CRIME","B"
"2025-922596","2025 Dec 15 01:54:37 PM","67816589380","2025 Dec 09 01:00:00 AM","UNIVERSITY","1583","PROPERTY CRIME","U"
"2025-922538","2025 Dec 15 11:00:12 AM","67815031207","2025 Dec 09 01:00:00 AM","SANDPOINT","8071","PROPERTY CRIME","U"
"2025-359898","2025 Dec 09 03:20:22 AM","67735631730","2025 Dec 09 01:00:00 AM","ROXHILL/WESTWOOD/ARBOR HEIGHTS","REDACTED","ALL OTHER","F"
"2025-922344","2025 Dec 12 11:56:38 AM","67781141585","2025 Dec 09 01:00:00 AM","ROOSEVELT/RAVENNA","5234","PROPERTY CRIME","J"
"2025-923355","2025 Dec 28 12:56:13 PM","67966750291","2025 Dec 09 01:01:00 AM","UNKNOWN","99","ALL OTHER","99"
"2025-922437","2025 Dec 14 07:39:48 AM","67803638484","2025 Dec 09 01:37:00 AM","NORTHGATE","7727","PROPERTY CRIME","L"
"2025-359914","2025 Dec 09 03:55:37 AM","67735930068","2025 Dec 09 01:43:00 AM","MOUNT BAKER","812","ALL OTHER","R"
"2025-360256","2025 Dec 09 11:26:21 AM","67742769155","2025 Dec 09 02:00:00 AM","MAGNOLIA","7966","PROPERTY CRIME","Q"
"2025-360124","2025 Dec 09 09:20:06 AM","67741590031","2025 Dec 09 02:19:00 AM","BALLARD NORTH","245","PROPERTY CRIME","J"
"2025-359937","2025 Dec 09 03:46:26 AM","67735829322","2025 Dec 09 02:36:00 AM","MILLER PARK","1897","ALL OTHER","C"
"2025-922321","2025 Dec 12 10:58:43 AM","67780613920","2025 Dec 09 02:54:00 AM","BALLARD NORTH","639","PROPERTY CRIME","J"
"2025-922317","2025 Dec 12 10:57:18 AM","67780601311","2025 Dec 09 03:00:00 AM","MAGNOLIA","3483","PROPERTY CRIME","Q"
"2025-922304","2025 Dec 12 10:48:34 AM","67780528359","2025 Dec 09 03:00:00 AM","NORTHGATE","600","ALL OTHER","L"
"2025-359930","2025 Dec 09 07:39:13 AM","67740277099","2025 Dec 09 03:00:00 AM","DOWNTOWN COMMERCIAL","10147","ALL OTHER","K"
"2025-359953","2025 Dec 09 04:21:06 AM","67736567376","2025 Dec 09 03:12:00 AM","BALLARD SOUTH","7948","PROPERTY CRIME","B"
"2025-359956","2025 Dec 09 04:47:11 AM","67736704323","2025 Dec 09 03:30:00 AM","CHINATOWN/INTERNATIONAL DISTRICT","12048","ALL OTHER","K"
"2025-360276","2025 Dec 09 11:46:56 AM","67742993709","2025 Dec 09 03:40:00 AM","GEORGETOWN","6626","ALL OTHER","O"
"2025-359959","2025 Dec 09 06:52:16 PM","67746949330","2025 Dec 09 03:42:00 AM","UNIVERSITY","10189","ALL OTHER","U"
"2025-359961","2025 Dec 09 06:27:27 AM","67739629262","2025 Dec 09 03:53:00 AM","CHINATOWN/INTERNATIONAL DISTRICT","7712","PROPERTY CRIME","K"
"2025-922383","2025 Dec 12 12:45:28 PM","67781541367","2025 Dec 09 04:00:00 AM","UNIVERSITY","467","ALL OTHER","U"
"2025-922391","2025 Dec 12 12:49:07 PM","67781568830","2025 Dec 09 04:00:00 AM","FREMONT","3208","PROPERTY CRIME","B"
"2025-359976","2025 Dec 09 05:30:46 AM","67739462970","2025 Dec 09 04:00:00 AM","UNIVERSITY","8127","VIOLENT CRIME","U"
"2025-360297","2025 Dec 09 12:01:47 PM","67743062890","2025 Dec 09 04:00:00 AM","BALLARD SOUTH","8103","PROPERTY CRIME","B"
"2025-359962","2025 Dec 09 04:28:18 AM","67736603801","2025 Dec 09 04:01:00 AM","BALLARD SOUTH","309","PROPERTY CRIME","B"
"2025-922358","2025 Dec 12 12:25:10 PM","67781385918","2025 Dec 09 04:18:00 AM","MAGNOLIA","5407","PROPERTY CRIME","Q"
"2025-360053","2025 Dec 09 10:43:13 AM","67742283163","2025 Dec 09 04:30:00 AM","MAGNOLIA","368","PROPERTY CRIME","Q"
"2025-359964","2025 Dec 09 05:36:25 AM","67738626789","2025 Dec 09 04:40:00 AM","CENTRAL AREA/SQUIRE PARK","12504","VIOLENT CRIME","C"
"2025-359970","2025 Dec 09 05:47:06 AM","67737481649","2025 Dec 09 04:42:00 AM","FREMONT","REDACTED","ALL OTHER","B"
"2025-922349","2025 Dec 12 12:00:17 PM","67781175843","2025 Dec 09 04:52:00 AM","NORTHGATE","3862","PROPERTY CRIME","L"
"2025-922313","2025 Dec 12 10:55:53 AM","67780586009","2025 Dec 09 05:00:00 AM","MAGNOLIA","5428","PROPERTY CRIME","Q"
"2025-922809","2025 Dec 18 08:30:06 AM","67849977715","2025 Dec 09 05:22:00 AM","ROOSEVELT/RAVENNA","8227","PROPERTY CRIME","J"
"2025-359983","2025 Dec 09 06:34:13 AM","67739436006","2025 Dec 09 05:33:00 AM","MOUNT BAKER","1386","ALL OTHER","R"
"2025-360072","2025 Dec 09 08:22:14 AM","67740807796","2025 Dec 09 05:45:00 AM","BALLARD SOUTH","REDACTED","ALL OTHER","B"
"2025-922380","2025 Dec 12 12:43:30 PM","67781527837","2025 Dec 09 05:45:00 AM","NORTHGATE","12622","PROPERTY CRIME","N"
"2025-922535","2025 Dec 15 10:14:39 AM","67814649031","2025 Dec 09 05:45:00 AM","PHINNEY RIDGE","6177","PROPERTY CRIME","B"
"2025-922588","2025 Dec 15 01:50:32 PM","67816558760","2025 Dec 09 06:00:00 AM","QUEEN ANNE","3889","PROPERTY CRIME","Q"
"2025-359991","2025 Dec 09 06:50:33 AM","67739540440","2025 Dec 09 06:00:00 AM","QUEEN ANNE","3889","PROPERTY CRIME","Q"
"2025-922439","2025 Dec 14 07:41:06 AM","67803642204","2025 Dec 09 06:10:00 AM","GEORGETOWN","11481","PROPERTY CRIME","O"
"2025-922374","2025 Dec 12 12:34:28 PM","67781453614","2025 Dec 09 06:25:00 AM","FIRST HILL","7624","PROPERTY CRIME","E"
"2025-359999","2025 Dec 09 07:17:41 AM","67739885139","2025 Dec 09 06:28:00 AM","BALLARD SOUTH","6038","PROPERTY CRIME","B"
"2025-360031","2025 Dec 09 08:46:57 AM","67741012482","2025 Dec 09 07:11:00 AM","NORTHGATE","11341","ALL OTHER","N"
"2025-922390","2025 Dec 12 12:48:44 PM","67781565357","2025 Dec 09 07:30:00 AM","ROOSEVELT/RAVENNA","12375","ALL OTHER","U"
"2025-360042","2025 Dec 09 08:38:12 AM","67740977090","2025 Dec 09 07:32:00 AM","FIRST HILL","REDACTED","ALL OTHER","E"
"2025-360061","2025 Dec 09 08:35:36 AM","67740997108","2025 Dec 09 07:45:00 AM","SLU/CASCADE","5514","VIOLENT CRIME","Q"
"2025-360057","2025 Dec 09 11:48:52 AM","67743024787","2025 Dec 09 07:55:00 AM","ROOSEVELT/RAVENNA","4920","PROPERTY CRIME","L"
"2025-360058","2025 Dec 09 11:28:45 AM","67742767089","2025 Dec 09 07:56:00 AM","MID BEACON HILL","12642","PROPERTY CRIME","S"
"2025-360058","2025 Dec 09 11:28:45 AM","67742768179","2025 Dec 09 07:56:00 AM","NEW HOLLY","8077","ALL OTHER","S"
"2025-361680","2025 Dec 10 07:00:04 PM","67760709860","2025 Dec 09 08:00:00 AM","SOUTH BEACON HILL","614","ALL OTHER","S"
"2025-922495","2025 Dec 15 07:27:39 AM","67813201730","2025 Dec 09 08:00:00 AM","NORTHGATE","523","PROPERTY CRIME","L"
"2025-922565","2025 Dec 15 12:00:36 PM","67815566514","2025 Dec 09 08:00:00 AM","QUEEN ANNE","5202","PROPERTY CRIME","D"
"2025-922880","2025 Dec 18 01:54:36 PM","67855255070","2025 Dec 09 08:00:00 AM","EASTLAKE - WEST","2849","PROPERTY CRIME","D"
"2025-922379","2025 Dec 12 12:36:23 PM","67781467337","2025 Dec 09 08:00:00 AM","NORTHGATE","11044","ALL OTHER","N"
"2025-360123","2025 Dec 09 10:36:11 AM","67742256770","2025 Dec 09 08:00:00 AM","ALASKA JUNCTION","554","ALL OTHER","W"
"2025-360068","2025 Dec 09 09:06:54 AM","67741692769","2025 Dec 09 08:04:00 AM","PIONEER SQUARE","4074","ALL OTHER","K"
"2025-360070","2025 Dec 09 10:21:38 AM","67742098585","2025 Dec 09 08:11:00 AM","FIRST HILL","4043","VIOLENT CRIME","G"
"2025-360310","2025 Dec 09 01:15:25 PM","67743760550","2025 Dec 09 08:15:00 AM","NORTH DELRIDGE","3716","PROPERTY CRIME","F"
"2025-360118","2025 Dec 09 12:02:33 PM","67743078902","2025 Dec 09 08:58:00 AM","DOWNTOWN COMMERCIAL","8590","ALL OTHER","M"
"2025-922326","2025 Dec 12 11:02:21 AM","67780643327","2025 Dec 09 08:58:00 AM","BELLTOWN","12713","PROPERTY CRIME","M"
"2025-374487","2025 Dec 23 02:56:52 PM","67916298020","2025 Dec 09 09:00:00 AM","SOUTH PARK","2087","ALL OTHER","F"
"2025-922329","2025 Dec 12 11:04:04 AM","67780658271","2025 Dec 09 09:00:00 AM","FREMONT","12431","PROPERTY CRIME","B"
"2025-374467","2025 Dec 23 02:10:19 PM","67915998858","2025 Dec 09 09:00:00 AM","SOUTH PARK","2087","PROPERTY CRIME","F"
"2025-362639","2025 Dec 11 04:07:54 PM","67768957102","2025 Dec 09 09:00:00 AM","ROOSEVELT/RAVENNA","5878","PROPERTY CRIME","U"
"2025-360144","2025 Dec 09 12:31:12 PM","67743467247","2025 Dec 09 09:11:00 AM","FIRST HILL","REDACTED","ALL OTHER","G"
"2025-360174","2025 Dec 09 10:34:41 AM","67742865846","2025 Dec 09 09:30:00 AM","UNIVERSITY","4554","ALL OTHER","U"
"2025-360174","2025 Dec 09 10:34:41 AM","67742714541","2025 Dec 09 09:30:00 AM","UNIVERSITY","4554","ALL OTHER","U"
"2025-700599","2025 Dec 17 01:36:32 PM","67840355598","2025 Dec 09 09:35:00 AM","BITTERLAKE","12160","PROPERTY CRIME","N"
"2025-360173","2025 Dec 09 10:18:38 AM","67749099230","2025 Dec 09 09:37:00 AM","SLU/CASCADE","3062","ALL OTHER","D"
"2025-360173","2025 Dec 09 10:18:38 AM","67742075837","2025 Dec 09 09:37:00 AM","SLU/CASCADE","3062","ALL OTHER","D"
"2025-922958","2025 Dec 23 07:22:41 AM","67912461984","2025 Dec 09 10:00:00 AM","FREMONT","167","PROPERTY CRIME","B"
"2025-923125","2025 Dec 24 09:02:46 AM","67923010615","2025 Dec 09 10:00:00 AM","NORTH DELRIDGE","10103","ALL OTHER","W"
"2026-900245","2026 Jan 04 09:28:09 AM","68045876127","2025 Dec 09 10:08:00 AM","ROOSEVELT/RAVENNA","3466","ALL OTHER","U"
"2025-360531","2025 Dec 12 05:54:55 PM","67784046259","2025 Dec 09 10:15:00 AM","JUDKINS PARK/NORTH BEACON HILL","REDACTED","ALL OTHER","G"
"2025-360238","2025 Dec 09 11:50:21 AM","67742987477","2025 Dec 09 10:30:00 AM","DOWNTOWN COMMERCIAL","2646","VIOLENT CRIME","M"
"2025-360262","2025 Dec 09 12:17:19 PM","67743284141","2025 Dec 09 10:30:00 AM","MADRONA/LESCHI","4341","PROPERTY CRIME","G"
"2025-360219","2025 Dec 09 11:31:45 AM","67742865262","2025 Dec 09 10:31:00 AM","BITTERLAKE","10503","VIOLENT CRIME","N"
"2025-922160","2025 Dec 11 11:54:50 AM","67766723937","2025 Dec 09 10:58:00 AM","ROXHILL/WESTWOOD/ARBOR HEIGHTS","1637","ALL OTHER","W"
"2026-900049","2026 Jan 02 11:00:19 AM","68019603525","2025 Dec 09 11:00:00 AM","NORTHGATE","8604","PROPERTY CRIME","N"
"2025-360281","2025 Dec 09 02:36:46 PM","67744691648","2025 Dec 09 11:29:00 AM","CAPITOL HILL","11081","ALL OTHER","E"
"2025-360281","2025 Dec 09 02:36:46 PM","67744680540","2025 Dec 09 11:29:00 AM","CAPITOL HILL","11081","ALL OTHER","E"
"2025-360281","2025 Dec 09 02:36:46 PM","67744654243","2025 Dec 09 11:29:00 AM","CAPITOL HILL","11081","PROPERTY CRIME","E"
"2025-363763","2025 Dec 12 05:11:03 PM","67783799600","2025 Dec 09 11:30:00 AM","UNIVERSITY","10188","PROPERTY CRIME","U"
"2025-922362","2025 Dec 12 12:27:28 PM","67781403526","2025 Dec 09 11:49:00 AM","BALLARD NORTH","6622","ALL OTHER","J"
"2025-360303","2025 Dec 12 07:45:07 PM","67784827577","2025 Dec 09 11:52:00 AM","DOWNTOWN COMMERCIAL","REDACTED","ALL OTHER","K"
"2025-922611","2025 Dec 16 07:13:04 AM","67824228356","2025 Dec 09 11:53:00 AM","SANDPOINT","3570","ALL OTHER","L"
"2025-360308","2025 Dec 09 03:26:33 PM","67745105665","2025 Dec 09 11:54:00 AM","CAPITOL HILL","13064","ALL OTHER","E"
"2025-360308","2025 Dec 09 03:26:33 PM","67745200056","2025 Dec 09 11:54:00 AM","CAPITOL HILL","13064","ALL OTHER","E"
"2025-360308","2025 Dec 09 03:26:33 PM","67749152184","2025 Dec 09 11:54:00 AM","CAPITOL HILL","13064","ALL OTHER","E"
"2025-360703","2025 Dec 09 11:57:52 PM","67749132592","2025 Dec 09 12:00:00 PM","QUEEN ANNE","6067","PROPERTY CRIME","Q"
"2025-360345","2025 Dec 09 12:32:09 PM","67743391703","2025 Dec 09 12:25:00 PM","BELLTOWN","REDACTED","ALL OTHER","D"
"2025-922387","2025 Dec 12 12:47:45 PM","67781558307","2025 Dec 09 12:25:00 PM","MAGNOLIA","7678","PROPERTY CRIME","Q"
"2025-360350","2025 Dec 09 01:49:39 PM","67744332018","2025 Dec 09 12:28:00 PM","DOWNTOWN COMMERCIAL","4072","VIOLENT CRIME","K"
"2025-360351","2025 Dec 09 02:42:34 PM","67744561927","2025 Dec 09 12:29:00 PM","FIRST HILL","4215","ALL OTHER","E"
"2025-922392","2025 Dec 12 12:49:25 PM","67781571333","2025 Dec 09 12:30:00 PM","WALLINGFORD","5900","PROPERTY CRIME","B"
"2025-922948","2025 Dec 23 07:18:48 AM","67912428922","2025 Dec 09 12:30:00 PM","DOWNTOWN COMMERCIAL","2645","PROPERTY CRIME","M"
"2025-360371","2025 Dec 09 05:42:17 PM","67745997003","2025 Dec 09 12:32:00 PM","CAPITOL HILL","REDACTED","ALL OTHER","E"
"2025-360371","2025 Dec 09 05:42:17 PM","67745950874","2025 Dec 09 12:32:00 PM","CAPITOL HILL","REDACTED","ALL OTHER","E"
"2025-922022","2025 Dec 10 09:14:50 AM","67754396875","2025 Dec 09 12:40:00 PM","MADRONA/LESCHI","164","ALL OTHER","C"
"2025-360499","2025 Dec 09 03:20:53 PM","67744883274","2025 Dec 09 12:40:00 PM","UNIVERSITY","6718","ALL OTHER","U"
"2025-922021","2025 Dec 10 09:14:28 AM","67754393589","2025 Dec 09 12:51:00 PM","CAPITOL HILL","675","ALL OTHER","E"
"2025-922395","2025 Dec 12 12:50:21 PM","67781577896","2025 Dec 09 01:00:00 PM","NORTHGATE","5653","PROPERTY CRIME","N"
"2025-360398","2025 Dec 09 01:31:08 PM","67743897950","2025 Dec 09 01:05:00 PM","HIGH POINT","2029","ALL OTHER","W"
"2025-360404","2025 Dec 09 01:36:01 PM","67743964677","2025 Dec 09 01:10:00 PM","CHINATOWN/INTERNATIONAL DISTRICT","3309","ALL OTHER","K"
"2025-360757","2025 Dec 09 07:48:44 PM","67746795057","2025 Dec 09 01:10:00 PM","NEW HOLLY","318","VIOLENT CRIME","S"
"2025-922375","2025 Dec 12 12:35:04 PM","67781458555","2025 Dec 09 01:15:00 PM","JUDKINS PARK/NORTH BEACON HILL","2612","PROPERTY CRIME","G"
"2025-360443","2025 Dec 09 06:50:47 PM","67746425998","2025 Dec 09 01:24:00 PM","NORTHGATE","2055","VIOLENT CRIME","L"
"2025-360443","2025 Dec 09 06:50:47 PM","67749138468","2025 Dec 09 01:24:00 PM","NORTHGATE","2055","ALL OTHER","L"
"2025-360443","2025 Dec 09 06:50:47 PM","67749136618","2025 Dec 09 01:24:00 PM","NORTHGATE","2055","ALL OTHER","L"
"2025-360424","2025 Dec 09 06:09:35 PM","68058306552","2025 Dec 09 01:26:00 PM","DOWNTOWN COMMERCIAL","864","ALL OTHER","M"
"2025-360424","2025 Dec 09 06:09:35 PM","67746106042","2025 Dec 09 01:26:00 PM","DOWNTOWN COMMERCIAL","864","ALL OTHER","M"
"2025-361495","2025 Dec 10 02:20:33 PM","67758763331","2025 Dec 09 01:30:00 PM","DOWNTOWN COMMERCIAL","4072","ALL OTHER","K"
"2025-360435","2025 Dec 09 03:11:07 PM","67744793329","2025 Dec 09 01:32:00 PM","QUEEN ANNE","REDACTED","ALL OTHER","Q"
"2026-901021","2026 Jan 20 09:29:12 PM","68249585292","2025 Dec 09 01:38:00 PM","LAKECITY","7157","PROPERTY CRIME","L"
"2025-922399","2025 Dec 12 12:51:47 PM","67781591573","2025 Dec 09 02:15:00 PM","DOWNTOWN COMMERCIAL","4070","ALL OTHER","K"
"2025-360488","2025 Dec 09 05:11:38 PM","67745889595","2025 Dec 09 02:22:00 PM","DOWNTOWN COMMERCIAL","12995","VIOLENT CRIME","M"
"2025-922576","2025 Dec 15 12:33:19 PM","67815863327","2025 Dec 09 02:40:00 PM","CAPITOL HILL","1041","PROPERTY CRIME","E"
"2025-360510","2025 Dec 09 05:40:21 PM","67745909487","2025 Dec 09 02:52:00 PM","DOWNTOWN COMMERCIAL","2650","ALL OTHER","K"
"2025-922433","2025 Dec 14 07:36:43 AM","67803627439","2025 Dec 09 03:00:00 PM","BALLARD SOUTH","10085","PROPERTY CRIME","B"
"2025-922503","2025 Dec 15 08:10:24 AM","67813598383","2025 Dec 09 03:00:00 PM","COLUMBIA CITY","7835","PROPERTY CRIME","R"
"2025-922413","2025 Dec 14 07:10:21 AM","67803529134","2025 Dec 09 03:10:00 PM","UNIVERSITY","12561","ALL OTHER","U"
"2025-361453","2025 Dec 10 01:42:14 PM","67758442361","2025 Dec 09 03:30:00 PM","BALLARD SOUTH","11022","PROPERTY CRIME","B"
"2025-360581","2025 Dec 09 09:29:36 PM","67747351108","2025 Dec 09 03:30:00 PM","SANDPOINT","REDACTED","ALL OTHER","L"
"2025-360506","2025 Dec 09 10:05:15 PM","67747596641","2025 Dec 09 03:33:00 PM","NORTH DELRIDGE","10637","ALL OTHER","W"
"2025-360506","2025 Dec 09 10:05:15 PM","67749118704","2025 Dec 09 03:33:00 PM","NORTH DELRIDGE","10637","ALL OTHER","W"
"2025-360506","2025 Dec 09 10:05:15 PM","67747588021","2025 Dec 09 03:33:00 PM","NORTH DELRIDGE","10637","ALL OTHER","W"
"2025-922397","2025 Dec 12 12:50:58 PM","67781585072","2025 Dec 09 03:40:00 PM","CENTRAL AREA/SQUIRE PARK","1906","ALL OTHER","C"
"2025-923590","2025 Dec 30 09:32:35 AM","67984487800","2025 Dec 09 04:00:00 PM","GREENWOOD","8583","PROPERTY CRIME","J"
"2025-922488","2025 Dec 15 07:24:19 AM","67813158793","2025 Dec 09 04:00:00 PM","FIRST HILL","8140","PROPERTY CRIME","G"
"2025-360792","2025 Dec 09 08:03:20 PM","67746878256","2025 Dec 09 04:10:00 PM","ROOSEVELT/RAVENNA","6665","PROPERTY CRIME","J"
"2025-922382","2025 Dec 12 12:44:28 PM","67781533394","2025 Dec 09 04:15:00 PM","QUEEN ANNE","4134","PROPERTY CRIME","Q"
"2025-360609","2025 Dec 09 07:24:54 PM","67746666552","2025 Dec 09 04:27:00 PM","BALLARD NORTH","7818","ALL OTHER","N"
"2025-360611","2025 Dec 09 08:09:54 PM","67746911073","2025 Dec 09 04:28:00 PM","LAKECITY","5659","ALL OTHER","L"
"2025-360612","2025 Dec 09 05:07:11 PM","67746023562","2025 Dec 09 04:29:00 PM","CAPITOL HILL","6957","ALL OTHER","E"
"2025-360612","2025 Dec 09 05:07:11 PM","67746036054","2025 Dec 09 04:29:00 PM","CAPITOL HILL","6957","ALL OTHER","E"
"2025-360612","2025 Dec 09 05:07:11 PM","67746007753","2025 Dec 09 04:29:00 PM","CAPITOL HILL","6957","ALL OTHER","E"
"2025-360612","2025 Dec 09 05:07:11 PM","67746017350","2025 Dec 09 04:29:00 PM","CAPITOL HILL","6957","ALL OTHER","E"
"2025-361537","2025 Dec 10 03:58:31 PM","67759577952","2025 Dec 09 04:30:00 PM","ROOSEVELT/RAVENNA","13077","PROPERTY CRIME","U"
"2025-922480","2025 Dec 14 08:26:16 AM","67803803914","2025 Dec 09 04:30:00 PM","CAPITOL HILL","1042","PROPERTY CRIME","C"
"2025-360638","2025 Dec 09 06:02:39 PM","67746114750","2025 Dec 09 04:55:00 PM","CENTRAL AREA/SQUIRE PARK","3178","PROPERTY CRIME","G"
"2025-922381","2025 Dec 12 12:44:03 PM","67781530886","2025 Dec 09 05:00:00 PM","FIRST HILL","13069","PROPERTY CRIME","E"
"2025-922418","2025 Dec 14 07:13:46 AM","67803546671","2025 Dec 09 05:00:00 PM","ROOSEVELT/RAVENNA","617","PROPERTY CRIME","U"
"2025-923007","2025 Dec 23 09:31:34 AM","67913462615","2025 Dec 09 05:00:00 PM","CENTRAL AREA/SQUIRE PARK","12503","PROPERTY CRIME","C"
"2025-922389","2025 Dec 12 12:48:25 PM","67781562286","2025 Dec 09 05:00:00 PM","BALLARD SOUTH","10930","PROPERTY CRIME","B"
"2025-922431","2025 Dec 14 07:34:05 AM","67838531862","2025 Dec 09 05:00:00 PM","QUEEN ANNE","4375","PROPERTY CRIME","Q"
"2025-922386","2025 Dec 12 12:47:11 PM","67781555621","2025 Dec 09 05:00:00 PM","BALLARD SOUTH","11382","PROPERTY CRIME","B"
"2025-360661","2025 Dec 09 09:29:27 PM","67747674447","2025 Dec 09 05:14:00 PM","FIRST HILL","4215","ALL OTHER","E"
"2025-360661","2025 Dec 09 09:29:27 PM","67747683352","2025 Dec 09 05:14:00 PM","FIRST HILL","4215","ALL OTHER","E"
"2025-360661","2025 Dec 09 09:29:27 PM","67747669025","2025 Dec 09 05:14:00 PM","FIRST HILL","4215","ALL OTHER","E"
"2025-360661","2025 Dec 09 09:29:27 PM","67747655487","2025 Dec 09 05:14:00 PM","FIRST HILL","4215","ALL OTHER","E"
"2025-360695","2025 Dec 09 09:08:50 PM","67747236466","2025 Dec 09 05:14:00 PM","DOWNTOWN COMMERCIAL","REDACTED","ALL OTHER","M"
"2025-360708","2025 Dec 09 10:14:36 PM","67747566550","2025 Dec 09 05:15:00 PM","CAPITOL HILL","10576","PROPERTY CRIME","E"
"2025-360663","2025 Dec 09 06:24:55 PM","67746885631","2025 Dec 09 05:16:00 PM","LAKECITY","13044","ALL OTHER","L"
"2025-360663","2025 Dec 09 06:24:55 PM","67746191559","2025 Dec 09 05:16:00 PM","LAKECITY","13044","ALL OTHER","L"
"2025-923021","2025 Dec 23 09:44:18 AM","67913561021","2025 Dec 09 05:24:00 PM","BITTERLAKE","1991","PROPERTY CRIME","N"
"2025-360665","2025 Dec 09 06:55:04 PM","67746521367","2025 Dec 09 05:25:00 PM","NORTHGATE","11042","PROPERTY CRIME","N"
"2025-700617","2025 Dec 23 12:03:27 PM","67914773218","2025 Dec 09 05:30:00 PM","CAPITOL HILL","3394","PROPERTY CRIME","E"
"2025-360751","2025 Dec 10 01:45:24 PM","67766895169","2025 Dec 09 05:45:00 PM","SLU/CASCADE","REDACTED","ALL OTHER","Q"
"2025-360751","2025 Dec 10 01:45:24 PM","67758521272","2025 Dec 09 05:45:00 PM","SLU/CASCADE","REDACTED","ALL OTHER","Q"
"2025-360699","2025 Dec 09 09:30:57 PM","67752282300","2025 Dec 09 05:51:00 PM","CENTRAL AREA/SQUIRE PARK","5859","ALL OTHER","G"
"2025-360699","2025 Dec 09 09:30:57 PM","67747347259","2025 Dec 09 05:51:00 PM","CENTRAL AREA/SQUIRE PARK","5859","ALL OTHER","G"
"2025-360707","2025 Dec 09 06:53:50 PM","67746426882","2025 Dec 09 05:57:00 PM","HIGHLAND PARK","REDACTED","ALL OTHER","F"
"2025-360707","2025 Dec 09 06:53:50 PM","67746460696","2025 Dec 09 05:57:00 PM","HIGHLAND PARK","REDACTED","ALL OTHER","F"
"2025-922454","2025 Dec 14 08:07:35 AM","67803739800","2025 Dec 09 06:00:00 PM","CAPITOL HILL","6229","PROPERTY CRIME","E"
"2025-365741","2025 Dec 14 08:35:33 PM","67807256589","2025 Dec 09 06:00:00 PM","CAPITOL HILL","10944","PROPERTY CRIME","E"
"2025-361154","2025 Dec 10 07:44:38 AM","67753605243","2025 Dec 09 06:00:00 PM","NORTH BEACON HILL","2711","PROPERTY CRIME","R"
"2025-365741","2025 Dec 14 08:35:33 PM","67820323878","2025 Dec 09 06:00:00 PM","CAPITOL HILL","10944","PROPERTY CRIME","E"
"2025-361168","2025 Dec 10 01:02:52 PM","67953965600","2025 Dec 09 06:00:00 PM","QUEEN ANNE","10938","ALL OTHER","Q"
"2025-922388","2025 Dec 12 12:48:02 PM","67781559824","2025 Dec 09 06:00:00 PM","DOWNTOWN COMMERCIAL","10333","PROPERTY CRIME","K"
"2025-361168","2025 Dec 10 01:02:52 PM","67814928844","2025 Dec 09 06:00:00 PM","QUEEN ANNE","10938","PROPERTY CRIME","Q"
"2025-361272","2025 Dec 10 10:31:39 AM","67755055921","2025 Dec 09 06:00:00 PM","NORTHGATE","523","PROPERTY CRIME","L"
"2025-360723","2025 Dec 09 08:22:49 PM","67746973914","2025 Dec 09 06:14:00 PM","JUDKINS PARK/NORTH BEACON HILL","12328","ALL OTHER","G"
"2025-922471","2025 Dec 14 08:20:18 AM","67803783941","2025 Dec 09 06:30:00 PM","DOWNTOWN COMMERCIAL","6096","PROPERTY CRIME","M"
"2025-360731","2025 Dec 09 09:12:25 PM","67747249841","2025 Dec 09 06:30:00 PM","CAPITOL HILL","REDACTED","ALL OTHER","E"
"2025-922465","2025 Dec 14 08:16:10 AM","67803768007","2025 Dec 09 06:30:00 PM","DOWNTOWN COMMERCIAL","2645","PROPERTY CRIME","M"
"2025-360741","2025 Dec 09 07:58:20 PM","67746978648","2025 Dec 09 06:38:00 PM","BRIGHTON/DUNLAP","2487","PROPERTY CRIME","S"
"2025-360741","2025 Dec 09 07:58:20 PM","67746989462","2025 Dec 09 06:38:00 PM","BRIGHTON/DUNLAP","2487","ALL OTHER","S"
"2025-922402","2025 Dec 14 05:37:57 AM","67802462638","2025 Dec 09 06:40:00 PM","QUEEN ANNE","1610","PROPERTY CRIME","Q"
"2025-363360","2025 Dec 12 10:00:31 PM","67785608917","2025 Dec 09 07:00:00 PM","QUEEN ANNE","REDACTED","ALL OTHER","Q"
"2025-922451","2025 Dec 14 08:05:34 AM","67803731630","2025 Dec 09 07:00:00 PM","QUEEN ANNE","7685","PROPERTY CRIME","Q"
"2025-922396","2025 Dec 12 12:50:39 PM","67781580817","2025 Dec 09 07:00:00 PM","BELLTOWN","2510","PROPERTY CRIME","M"
"2025-360782","2025 Dec 09 09:59:22 PM","67747480537","2025 Dec 09 07:00:00 PM","HIGHLAND PARK","520","ALL OTHER","F"
"2025-922474","2025 Dec 14 08:22:09 AM","67803790634","2025 Dec 09 07:08:00 PM","MADRONA/LESCHI","8477","PROPERTY CRIME","G"
"2025-360769","2025 Dec 09 08:05:58 PM","67746883198","2025 Dec 09 07:11:00 PM","SLU/CASCADE","716","ALL OTHER","D"
"2025-922428","2025 Dec 14 07:31:13 AM","67803608525","2025 Dec 09 07:30:00 PM","UNIVERSITY","8509","PROPERTY CRIME","U"
"2025-360795","2025 Dec 09 09:08:45 PM","67747387837","2025 Dec 09 07:41:00 PM","ROXHILL/WESTWOOD/ARBOR HEIGHTS","10484","ALL OTHER","F"
"2025-360795","2025 Dec 09 09:08:45 PM","67747236608","2025 Dec 09 07:41:00 PM","ROXHILL/WESTWOOD/ARBOR HEIGHTS","10484","VIOLENT CRIME","F"
"2025-360805","2025 Dec 09 08:52:00 PM","67747146154","2025 Dec 09 07:48:00 PM","HILLMAN CITY","4322","ALL OTHER","R"
"2025-922458","2025 Dec 14 08:10:31 AM","67803750739","2025 Dec 09 08:00:00 PM","BITTERLAKE","11057","PROPERTY CRIME","N"
"2025-922409","2025 Dec 14 07:07:50 AM","67803520643","2025 Dec 09 08:00:00 PM","FIRST HILL","13069","PROPERTY CRIME","E"
"2025-922020","2025 Dec 10 09:12:28 AM","67754378839","2025 Dec 09 08:00:00 PM","NORTH BEACON HILL","10159","ALL OTHER","R"
"2025-922415","2025 Dec 14 07:11:34 AM","67803540286","2025 Dec 09 08:00:00 PM","CENTRAL AREA/SQUIRE PARK","2008","PROPERTY CRIME","C"
"2025-360817","2025 Dec 10 02:15:10 AM","67749603329","2025 Dec 09 08:00:00 PM","BRIGHTON/DUNLAP","8999","PROPERTY CRIME","S"
"2025-922446","2025 Dec 14 07:48:51 AM","67803667555","2025 Dec 09 08:00:00 PM","PIONEER SQUARE","6097","ALL OTHER","K"
"2025-922424","2025 Dec 14 07:27:51 AM","67803596699","2025 Dec 09 08:00:00 PM","QUEEN ANNE","3505","ALL OTHER","Q"
"2025-922444","2025 Dec 14 07:47:37 AM","67803663055","2025 Dec 09 08:00:00 PM","PIONEER SQUARE","6097","PROPERTY CRIME","K"
"2025-922436","2025 Dec 14 07:39:14 AM","67803636931","2025 Dec 09 08:10:00 PM","BITTERLAKE","11057","PROPERTY CRIME","N"
"2025-922414","2025 Dec 14 07:10:57 AM","67803537490","2025 Dec 09 08:10:00 PM","QUEEN ANNE","4704","PROPERTY CRIME","Q"
"2025-360826","2025 Dec 09 09:04:23 PM","67749228563","2025 Dec 09 08:12:00 PM","PHINNEY RIDGE","1621","ALL OTHER","J"
"2025-360825","2025 Dec 09 10:55:09 PM","67916277183","2025 Dec 09 08:13:00 PM","ALKI","5543","ALL OTHER","W"
"2025-361263","2025 Dec 10 10:15:39 AM","67754937921","2025 Dec 09 08:20:00 PM","SLU/CASCADE","8957","ALL OTHER","D"
"2025-922423","2025 Dec 14 07:26:46 AM","67803593468","2025 Dec 09 08:30:00 PM","BALLARD NORTH","1209","ALL OTHER","J"
"2025-922453","2025 Dec 14 08:06:58 AM","67803736486","2025 Dec 09 08:30:00 PM","QUEEN ANNE","7047","PROPERTY CRIME","Q"
"2025-360836","2025 Dec 09 11:01:36 PM","67749492650","2025 Dec 09 08:30:00 PM","NORTHGATE","2055","ALL OTHER","L"
"2026-900353","2026 Jan 05 10:07:45 AM","68058361134","2025 Dec 09 08:30:00 PM","FIRST HILL","2426","PROPERTY CRIME","G"
"2025-360836","2025 Dec 09 11:01:36 PM","67751870723","2025 Dec 09 08:30:00 PM","NORTHGATE","2055","PROPERTY CRIME","L"
"2025-377421","2025 Dec 27 09:15:44 AM","67953644062","2025 Dec 09 08:50:00 PM","NORTH DELRIDGE","REDACTED","VIOLENT CRIME","F"
"2025-922407","2025 Dec 14 07:05:31 AM","67803513105","2025 Dec 09 09:00:00 PM","FREMONT","4064","PROPERTY CRIME","B"
"2025-922457","2025 Dec 14 08:09:51 AM","67803747877","2025 Dec 09 09:00:00 PM","CAPITOL HILL","6954","PROPERTY CRIME","E"
"2025-922425","2025 Dec 14 07:28:31 AM","67803598941","2025 Dec 09 09:00:00 PM","UNKNOWN","9986","ALL OTHER","99"
"2025-922561","2025 Dec 15 11:14:39 AM","67815180383","2025 Dec 09 09:00:00 PM","MAGNOLIA","5189","PROPERTY CRIME","Q"
"2025-922879","2025 Dec 18 01:53:49 PM","67855249961","2025 Dec 09 09:00:00 PM","PIGEON POINT","8647","PROPERTY CRIME","F"
"2025-360856","2025 Dec 09 11:11:41 PM","67748192400","2025 Dec 09 09:03:00 PM","MOUNT BAKER","12163","ALL OTHER","R"
"2025-360865","2025 Dec 10 01:06:33 AM","67749419422","2025 Dec 09 09:11:00 PM","PHINNEY RIDGE","7914","VIOLENT CRIME","J"
"2025-362057","2025 Dec 11 05:14:46 AM","67763476319","2025 Dec 09 09:30:00 PM","SANDPOINT","10245","PROPERTY CRIME","U"
"2025-922507","2025 Dec 15 08:24:40 AM","67813712217","2025 Dec 09 09:30:00 PM","QUEEN ANNE","4375","PROPERTY CRIME","Q"
"2025-361035","2025 Dec 10 06:44:13 AM","67753496149","2025 Dec 09 09:30:00 PM","GREENWOOD","2540","PROPERTY CRIME","N"
"2025-361035","2025 Dec 10 06:44:13 AM","67753454584","2025 Dec 09 09:30:00 PM","GREENWOOD","2540","ALL OTHER","N"
"2025-360876","2025 Dec 31 11:05:49 AM","67995856456","2025 Dec 09 09:30:00 PM","UNIVERSITY","11009","ALL OTHER","U"
"2025-364833","2025 Dec 13 08:22:23 PM","67797186320","2025 Dec 09 09:45:00 PM","QUEEN ANNE","1930","PROPERTY CRIME","Q"
"2025-922429","2025 Dec 14 07:32:47 AM","67803614514","2025 Dec 09 10:00:00 PM","QUEEN ANNE","4375","PROPERTY CRIME","Q"
"2025-360904","2025 Dec 10 01:07:29 PM","67758633462","2025 Dec 09 10:00:00 PM","QUEEN ANNE","REDACTED","ALL OTHER","Q"
"2025-922400","2025 Dec 12 12:52:55 PM","67781601784","2025 Dec 09 10:00:00 PM","DOWNTOWN COMMERCIAL","10333","PROPERTY CRIME","K"
"2025-361625","2025 Dec 10 04:09:06 PM","67759652958","2025 Dec 09 10:00:00 PM","BALLARD SOUTH","6916","PROPERTY CRIME","B"
"2025-922504","2025 Dec 15 08:11:21 AM","67813607270","2025 Dec 09 10:00:00 PM","BALLARD NORTH","6256","PROPERTY CRIME","J"
"2025-360936","2025 Dec 10 08:05:15 AM","67753798829","2025 Dec 09 10:00:00 PM","ROOSEVELT/RAVENNA","1917","PROPERTY CRIME","L"
"2025-922692","2025 Dec 16 01:54:36 PM","67828685280","2025 Dec 09 10:24:00 PM","COLUMBIA CITY","7836","PROPERTY CRIME","R"
"2025-360915","2025 Dec 09 11:35:33 PM","67748733107","2025 Dec 09 10:38:00 PM","CAPITOL HILL","REDACTED","ALL OTHER","E"
"2025-360924","2025 Dec 11 06:25:43 PM","67769976065","2025 Dec 09 10:58:00 PM","QUEEN ANNE","1930","PROPERTY CRIME","Q"
"2025-360925","2025 Dec 10 01:29:16 AM","67749491142","2025 Dec 09 10:59:00 PM","SANDPOINT","12969","PROPERTY CRIME","L"
"2025-922553","2025 Dec 15 11:11:38 AM","67815145667","2025 Dec 09 11:00:00 PM","HIGHLAND PARK","12951","PROPERTY CRIME","F"
"2025-360929","2025 Dec 10 12:02:59 AM","67749215447","2025 Dec 09 11:00:00 PM","BITTERLAKE","12937","ALL OTHER","N"
"2025-375799","2025 Dec 25 01:12:01 AM","67929259079","2025 Dec 09 11:30:00 PM","MAGNOLIA","6931","PROPERTY CRIME","Q"
"2025-363471","2025 Dec 12 02:24:54 PM","67783014930","2025 Dec 09 11:30:00 PM","BELLTOWN","8889","VIOLENT CRIME","D"
"2025-361049","2025 Dec 10 05:35:57 AM","67751825492","2025 Dec 10 12:00:00 AM","UNIVERSITY","6402","PROPERTY CRIME","U"
"2026-900915","2026 Jan 13 07:48:51 AM","68160693747","2025 Dec 10 12:00:00 AM","CAPITOL HILL","8680","PROPERTY CRIME","C"
"2025-361100","2025 Dec 10 07:44:04 AM","67753612251","2025 Dec 10 12:00:00 AM","PIONEER SQUARE","7130","PROPERTY CRIME","K"
"2025-922842","2025 Dec 18 10:20:03 AM","67851697885","2025 Dec 10 12:00:00 AM","BALLARD SOUTH","7095","ALL OTHER","B"
"2025-366455","2025 Dec 15 11:02:06 AM","67815070392","2025 Dec 10 12:00:00 AM","ROOSEVELT/RAVENNA","11363","PROPERTY CRIME","U"
"2025-362626","2025 Dec 11 07:21:13 PM","67770347601","2025 Dec 10 12:00:00 AM","DOWNTOWN COMMERCIAL","12522","VIOLENT CRIME","M"
"2025-372614","2025 Dec 21 11:54:11 AM","67891108481","2025 Dec 10 12:00:00 AM","UNIVERSITY","743","VIOLENT CRIME","U"
"2025-361480","2025 Dec 10 01:48:57 PM","67759025586","2025 Dec 10 12:00:00 AM","QUEEN ANNE","4602","PROPERTY CRIME","Q"
"2026-007693","2026 Jan 09 02:15:38 AM","68109631938","2025 Dec 10 12:00:00 AM","MAGNOLIA","5407","ALL OTHER","Q"
"2026-009058","2026 Jan 10 12:48:41 PM","68126100680","2025 Dec 10 12:00:00 AM","NORTHGATE","REDACTED","ALL OTHER","N"
"2025-360966","2025 Dec 10 03:31:10 AM","67751368167","2025 Dec 10 12:18:00 AM","BALLARD SOUTH","309","ALL OTHER","B"
"2025-922700","2025 Dec 17 06:10:53 AM","67836179773","2025 Dec 10 12:19:00 AM","CAPITOL HILL","1041","PROPERTY CRIME","E"
"2025-360969","2025 Dec 10 02:25:31 AM","67749633600","2025 Dec 10 12:21:00 AM","MILLER PARK","REDACTED","ALL OTHER","C"
"2025-922435","2025 Dec 14 07:38:39 AM","67803634915","2025 Dec 10 12:30:00 AM","FIRST HILL","3641","PROPERTY CRIME","G"
"2025-361001","2025 Dec 10 03:23:55 AM","67750732310","2025 Dec 10 12:30:00 AM","CLAREMONT/RAINIER VISTA","10168","ALL OTHER","R"
"2025-922547","2025 Dec 15 11:08:45 AM","67815113879","2025 Dec 10 12:35:00 AM","UNIVERSITY","1104","PROPERTY CRIME","U"
"2025-923633","2025 Dec 30 01:42:41 PM","67986668343","2025 Dec 10 01:00:00 AM","UNIVERSITY","11230","PROPERTY CRIME","U"
"2025-922520","2025 Dec 15 08:44:14 AM","67813892248","2025 Dec 10 01:00:00 AM","MAGNOLIA","12357","PROPERTY CRIME","Q"
"2025-922607","2025 Dec 16 07:11:35 AM","67824215442","2025 Dec 10 01:00:00 AM","QUEEN ANNE","856","PROPERTY CRIME","D"
"2025-363320","2025 Dec 12 09:40:11 AM","67780000799","2025 Dec 10 01:00:00 AM","QUEEN ANNE","7183","PROPERTY CRIME","Q"
"2025-922412","2025 Dec 14 07:09:46 AM","67803527225","2025 Dec 10 01:00:00 AM","QUEEN ANNE","8950","PROPERTY CRIME","Q"
"2025-922432","2025 Dec 14 07:34:48 AM","67803621151","2025 Dec 10 01:00:00 AM","QUEEN ANNE","4375","PROPERTY CRIME","Q"
"2025-361000","2025 Dec 10 01:37:08 AM","67749502422","2025 Dec 10 01:18:00 AM","QUEEN ANNE","12022","VIOLENT CRIME","Q"
"2025-361002","2025 Dec 10 03:34:22 AM","67751346267","2025 Dec 10 01:23:00 AM","SLU/CASCADE","4497","ALL OTHER","D"
"2025-361002","2025 Dec 10 03:34:22 AM","67751340786","2025 Dec 10 01:23:00 AM","SLU/CASCADE","4497","PROPERTY CRIME","D"
"2025-361012","2025 Dec 10 02:42:06 AM","67749672614","2025 Dec 10 01:51:00 AM","MAGNOLIA","7973","PROPERTY CRIME","Q"
"2025-361014","2025 Dec 10 02:57:18 AM","67749720877","2025 Dec 10 01:55:00 AM","CHINATOWN/INTERNATIONAL DISTRICT","1499","ALL OTHER","K"
"2025-922430","2025 Dec 14 07:33:28 AM","67803616941","2025 Dec 10 02:00:00 AM","MADRONA/LESCHI","5166","PROPERTY CRIME","G"
"2025-361024","2025 Dec 10 03:41:29 AM","67751425994","2025 Dec 10 02:11:00 AM","BITTERLAKE","REDACTED","ALL OTHER","N"
"2025-361024","2025 Dec 10 03:41:29 AM","67751418532","2025 Dec 10 02:11:00 AM","BITTERLAKE","REDACTED","VIOLENT CRIME","N"
"2025-922420","2025 Dec 14 07:15:01 AM","67803550742","2025 Dec 10 02:16:00 AM","BALLARD SOUTH","10913","PROPERTY CRIME","B"
"2025-361028","2025 Dec 10 03:44:20 AM","67751681495","2025 Dec 10 02:21:00 AM","LAKECITY","10714","PROPERTY CRIME","L"
"2025-361028","2025 Dec 10 03:44:20 AM","67751352760","2025 Dec 10 02:21:00 AM","LAKECITY","10714","VIOLENT CRIME","L"
"2025-922411","2025 Dec 14 07:09:07 AM","67803524992","2025 Dec 10 02:27:00 AM","UNIVERSITY","6403","PROPERTY CRIME","U"
"2025-361036","2025 Dec 10 03:54:08 AM","67751381545","2025 Dec 10 02:38:00 AM","DOWNTOWN COMMERCIAL","2645","ALL OTHER","M"
"2025-361399","2025 Dec 10 01:20:44 PM","67758268532","2025 Dec 10 02:39:00 AM","UNIVERSITY","742","PROPERTY CRIME","U"
"2025-361102","2025 Dec 10 12:39:34 PM","67764983016","2025 Dec 10 02:43:00 AM","MADISON PARK","4626","PROPERTY CRIME","C"
"2025-922404","2025 Dec 14 07:02:50 AM","67803502356","2025 Dec 10 02:50:00 AM","BALLARD NORTH","4039","PROPERTY CRIME","J"
"2025-361042","2025 Dec 10 04:49:38 AM","67751607937","2025 Dec 10 02:57:00 AM","HIGHLAND PARK","REDACTED","VIOLENT CRIME","F"
"2025-922408","2025 Dec 14 07:06:11 AM","67803515320","2025 Dec 10 03:00:00 AM","FREMONT","2536","PROPERTY CRIME","B"
"2026-900554","2026 Jan 09 08:39:48 AM","68111596183","2025 Dec 10 03:00:00 AM","DOWNTOWN COMMERCIAL","8590","ALL OTHER","M"
"2025-922460","2025 Dec 14 08:11:48 AM","67803755883","2025 Dec 10 03:03:00 AM","CLAREMONT/RAINIER VISTA","11408","PROPERTY CRIME","R"
"2025-361055","2025 Dec 10 05:12:04 AM","67753913754","2025 Dec 10 03:50:00 AM","BALLARD SOUTH","7948","PROPERTY CRIME","B"
"2025-922482","2025 Dec 14 08:28:00 AM","67803809442","2025 Dec 10 03:50:00 AM","BALLARD SOUTH","8710","PROPERTY CRIME","B"
"2025-362374","2025 Dec 11 04:55:05 PM","67769426780","2025 Dec 10 04:00:00 AM","CLAREMONT/RAINIER VISTA","10410","PROPERTY CRIME","R"
"2025-922497","2025 Dec 15 07:28:30 AM","67813210947","2025 Dec 10 04:00:00 AM","QUEEN ANNE","10675","PROPERTY CRIME","Q"
"2025-361289","2025 Dec 10 10:53:15 AM","67755266159","2025 Dec 10 04:27:00 AM","GREENWOOD","8578","PROPERTY CRIME","J"
"2025-361547","2025 Dec 10 02:54:54 PM","67759030129","2025 Dec 10 04:45:00 AM","ROXHILL/WESTWOOD/ARBOR HEIGHTS","192","ALL OTHER","W"
"2025-922940","2025 Dec 23 07:14:43 AM","67912403291","2025 Dec 10 05:00:00 AM","UNIVERSITY","2161","PROPERTY CRIME","U"
"2025-923143","2025 Dec 24 09:15:54 AM","67923147780","2025 Dec 10 05:00:00 AM","ROOSEVELT/RAVENNA","10447","ALL OTHER","U"
"2025-361077","2025 Dec 10 08:16:01 AM","67754054310","2025 Dec 10 05:21:00 AM","DOWNTOWN COMMERCIAL","864","ALL OTHER","M"
"2025-361087","2025 Dec 10 09:34:24 AM","67754692958","2025 Dec 10 05:30:00 AM","UNIVERSITY","11009","ALL OTHER","U"
"2025-361794","2025 Dec 10 08:29:45 PM","67761207100","2025 Dec 10 06:00:00 AM","HIGH POINT","4147","PROPERTY CRIME","F"
"2025-922450","2025 Dec 14 08:04:56 AM","67803728668","2025 Dec 10 06:03:00 AM","QUEEN ANNE","1930","PROPERTY CRIME","Q"
"2025-361103","2025 Dec 10 07:02:56 AM","67752906294","2025 Dec 10 06:10:00 AM","UNIVERSITY","1549","PROPERTY CRIME","U"
"2025-361158","2025 Dec 10 12:41:10 PM","67766585206","2025 Dec 10 06:40:00 AM","SLU/CASCADE","187","PROPERTY CRIME","D"
"2025-361158","2025 Dec 10 12:41:10 PM","67757921746","2025 Dec 10 06:40:00 AM","SLU/CASCADE","187","PROPERTY CRIME","D"
"2025-361112","2025 Dec 10 08:54:01 AM","67754242039","2025 Dec 10 06:45:00 AM","WALLINGFORD","8873","PROPERTY CRIME","B"
"2025-361745","2025 Dec 10 06:18:42 PM","67760469330","2025 Dec 10 07:10:00 AM","NORTHGATE","6410","PROPERTY CRIME","N"
"2025-362506","2025 Dec 11 02:57:15 PM","67768423027","2025 Dec 10 08:00:00 AM","NORTHGATE","REDACTED","ALL OTHER","N"
"2025-361202","2025 Dec 10 09:44:59 AM","67754687347","2025 Dec 10 08:42:00 AM","QUEEN ANNE","10815","VIOLENT CRIME","Q"
"2025-363299","2025 Dec 12 09:26:15 AM","67779928442","2025 Dec 10 08:56:00 AM","BALLARD NORTH","700","PROPERTY CRIME","N"
"2025-361244","2025 Dec 10 12:45:42 PM","67768847134","2025 Dec 10 09:23:00 AM","CLAREMONT/RAINIER VISTA","1459","PROPERTY CRIME","R"
"2025-361715","2025 Dec 10 06:20:19 PM","67760501983","2025 Dec 10 09:40:00 AM","NORTH ADMIRAL","12150","ALL OTHER","W"
"2025-922570","2025 Dec 15 12:28:48 PM","67815814871","2025 Dec 10 09:41:00 AM","SLU/CASCADE","12574","PROPERTY CRIME","D"
"2025-361270","2025 Dec 10 12:22:09 PM","67757422575","2025 Dec 10 09:45:00 AM","UNIVERSITY","509","PROPERTY CRIME","U"
"2025-362496","2025 Dec 11 03:57:34 PM","67768888908","2025 Dec 10 10:00:00 AM","SOUTH PARK","3369","PROPERTY CRIME","F"
"2025-361275","2025 Dec 10 10:55:27 AM","67755251488","2025 Dec 10 10:03:00 AM","ROXHILL/WESTWOOD/ARBOR HEIGHTS","10484","ALL OTHER","F"
"2025-922623","2025 Dec 16 08:52:34 AM","67825494323","2025 Dec 10 10:30:00 AM","DOWNTOWN COMMERCIAL","6101","ALL OTHER","K"
"2025-361714","2025 Dec 10 06:49:22 PM","67760851998","2025 Dec 10 11:00:00 AM","UNIVERSITY","REDACTED","ALL OTHER","U"
"2025-361341","2025 Dec 10 11:32:58 AM","67755897316","2025 Dec 10 11:00:00 AM","NORTHGATE","7726","PROPERTY CRIME","L"
"2025-922525","2025 Dec 15 08:49:05 AM","67813926854","2025 Dec 10 11:11:00 AM","ROOSEVELT/RAVENNA","12377","PROPERTY CRIME","U"
"2025-922528","2025 Dec 15 08:49:59 AM","67813934725","2025 Dec 10 11:13:00 AM","MONTLAKE/PORTAGE BAY","2209","ALL OTHER","C"
"2025-361343","2025 Dec 10 12:06:32 PM","67756675547","2025 Dec 10 11:16:00 AM","FREMONT","8636","PROPERTY CRIME","B"
"2025-922483","2025 Dec 14 08:28:45 AM","67803812313","2025 Dec 10 11:20:00 AM","FREMONT","2085","PROPERTY CRIME","B"
"2025-361368","2025 Dec 10 12:13:46 PM","67757114957","2025 Dec 10 11:46:00 AM","BALLARD NORTH","10378","PROPERTY CRIME","J"
"2025-922567","2025 Dec 15 12:01:34 PM","67815577837","2025 Dec 10 12:00:00 PM","MADRONA/LESCHI","1446","PROPERTY CRIME","G"
"2025-361402","2025 Dec 10 02:55:52 PM","67759050655","2025 Dec 10 12:00:00 PM","BITTERLAKE","12160","VIOLENT CRIME","N"
"2025-922449","2025 Dec 14 08:03:37 AM","67803723947","2025 Dec 10 12:00:00 PM","BALLARD SOUTH","8098","PROPERTY CRIME","B"
"2025-363125","2025 Dec 12 06:42:53 AM","67778557311","2025 Dec 10 12:00:00 PM","MADRONA/LESCHI","5496","PROPERTY CRIME","G"
"2025-361402","2025 Dec 10 02:55:52 PM","67760089020","2025 Dec 10 12:17:00 PM","BITTERLAKE","12160","ALL OTHER","N"
"2025-361405","2025 Dec 10 04:23:18 PM","67759765204","2025 Dec 10 12:21:00 PM","NORTH ADMIRAL","11048","PROPERTY CRIME","W"
"2025-361439","2025 Dec 10 04:48:22 PM","67760033727","2025 Dec 10 12:48:00 PM","BALLARD NORTH","10378","ALL OTHER","J"
"2025-361439","2025 Dec 10 04:48:22 PM","67759985136","2025 Dec 10 12:48:00 PM","BALLARD NORTH","10378","VIOLENT CRIME","J"
"2025-923106","2025 Dec 23 01:29:55 PM","67915575575","2025 Dec 10 12:50:00 PM","GREENWOOD","706","PROPERTY CRIME","J"
"2025-922557","2025 Dec 15 11:13:23 AM","67815167720","2025 Dec 10 01:00:00 PM","BALLARD SOUTH","4509","PROPERTY CRIME","B"
"2025-363481","2025 Dec 12 12:25:39 PM","67781410755","2025 Dec 10 01:00:00 PM","UNIVERSITY","6462","PROPERTY CRIME","U"
"2025-361479","2025 Dec 10 02:28:58 PM","67758836392","2025 Dec 10 01:10:00 PM","NORTHGATE","REDACTED","ALL OTHER","N"
"2025-361595","2025 Dec 10 07:33:10 PM","67761010817","2025 Dec 10 01:45:00 PM","LAKECITY","13044","ALL OTHER","L"
"2025-922468","2025 Dec 14 08:18:39 AM","67803777777","2025 Dec 10 01:54:00 PM","CENTRAL AREA/SQUIRE PARK","2008","PROPERTY CRIME","C"
"2025-922477","2025 Dec 14 08:24:17 AM","67803796589","2025 Dec 10 01:57:00 PM","COLUMBIA CITY","2966","PROPERTY CRIME","R"
"2025-361534","2025 Dec 10 04:16:10 PM","67759688301","2025 Dec 10 02:05:00 PM","CHINATOWN/INTERNATIONAL DISTRICT","12048","ALL OTHER","K"
"2025-361541","2025 Dec 10 03:19:02 PM","67759361187","2025 Dec 10 02:17:00 PM","RAINIER BEACH","5410","ALL OTHER","S"
"2025-922493","2025 Dec 15 07:26:50 AM","67813187686","2025 Dec 10 02:30:00 PM","BELLTOWN","2071","PROPERTY CRIME","D"
"2025-922541","2025 Dec 15 11:06:27 AM","67815092601","2025 Dec 10 02:30:00 PM","BRIGHTON/DUNLAP","6485","PROPERTY CRIME","S"
"2025-922551","2025 Dec 15 11:10:52 AM","67815137101","2025 Dec 10 02:30:00 PM","LAKEWOOD/SEWARD PARK","47","PROPERTY CRIME","R"
"2025-361543","2025 Dec 10 04:27:11 PM","67760277146","2025 Dec 10 02:38:00 PM","MILLER PARK","5743","ALL OTHER","C"
"2025-922491","2025 Dec 15 07:26:04 AM","67813177192","2025 Dec 10 02:58:00 PM","ROXHILL/WESTWOOD/ARBOR HEIGHTS","5534","PROPERTY CRIME","F"
"2025-923576","2025 Dec 30 08:32:08 AM","67983807825","2025 Dec 10 03:00:00 PM","BELLTOWN","1328","ALL OTHER","D"
"2025-361584","2025 Dec 10 07:33:56 PM","67761049022","2025 Dec 10 03:02:00 PM","RAINIER BEACH","5421","PROPERTY CRIME","S"
"2025-922467","2025 Dec 14 08:17:47 AM","67803775486","2025 Dec 10 03:15:00 PM","NORTHGATE","6541","PROPERTY CRIME","N"
"2025-361641","2025 Dec 10 05:48:24 PM","67760350544","2025 Dec 10 03:15:00 PM","NORTHGATE","3862","PROPERTY CRIME","L"
"2025-922466","2025 Dec 14 08:17:07 AM","67803772193","2025 Dec 10 03:20:00 PM","CENTRAL AREA/SQUIRE PARK","10001","PROPERTY CRIME","C"
"2025-368798","2025 Dec 17 04:55:55 PM","67842016653","2025 Dec 10 03:23:00 PM","FIRST HILL","1247","PROPERTY CRIME","G"
"2025-922476","2025 Dec 14 08:23:39 AM","67803794835","2025 Dec 10 03:25:00 PM","SOUTH DELRIDGE","3430","PROPERTY CRIME","F"
"2025-361610","2025 Dec 10 08:18:57 PM","67761217559","2025 Dec 10 03:32:00 PM","RAINIER BEACH","5410","PROPERTY CRIME","S"
"2025-922463","2025 Dec 14 08:14:41 AM","67803764289","2025 Dec 10 03:45:00 PM","UNIVERSITY","4550","PROPERTY CRIME","U"
"2025-361631","2025 Dec 10 06:34:39 PM","67760588251","2025 Dec 10 03:52:00 PM","RAINIER BEACH","7012","PROPERTY CRIME","S"
"2025-361631","2025 Dec 10 06:34:39 PM","67760618750","2025 Dec 10 03:52:00 PM","RAINIER BEACH","7012","ALL OTHER","S"
"2025-922484","2025 Dec 14 08:29:36 AM","67826176144","2025 Dec 10 03:57:00 PM","SLU/CASCADE","12446","ALL OTHER","D"
"2025-922484","2025 Dec 14 08:29:36 AM","67803815151","2025 Dec 10 03:57:00 PM","SLU/CASCADE","12446","PROPERTY CRIME","D"
"2025-361637","2025 Dec 11 01:09:20 PM","67767421657","2025 Dec 10 04:00:00 PM","FIRST HILL","3145","PROPERTY CRIME","E"
"2025-922569","2025 Dec 15 12:27:14 PM","67815803707","2025 Dec 10 04:00:00 PM","CAPITOL HILL","11082","ALL OTHER","E"
"2025-361647","2025 Dec 10 06:48:49 PM","67760627063","2025 Dec 10 04:12:00 PM","ROXHILL/WESTWOOD/ARBOR HEIGHTS","REDACTED","ALL OTHER","F"
"2025-361649","2025 Dec 10 04:59:14 PM","67760004270","2025 Dec 10 04:13:00 PM","MADRONA/LESCHI","11170","ALL OTHER","G"
"2025-361811","2025 Dec 10 11:23:07 PM","67762077837","2025 Dec 10 04:15:00 PM","BALLARD NORTH","2341","PROPERTY CRIME","J"
"2025-361811","2025 Dec 10 11:23:07 PM","67762083653","2025 Dec 10 04:15:00 PM","BALLARD NORTH","2341","ALL OTHER","J"
"2025-361655","2025 Dec 10 04:34:46 PM","67759820794","2025 Dec 10 04:24:00 PM","NORTH ADMIRAL","8320","ALL OTHER","W"
"2025-922518","2025 Dec 15 08:42:55 AM","67813881301","2025 Dec 10 04:30:00 PM","UNKNOWN","99","PROPERTY CRIME","99"
"2025-362706","2025 Dec 11 05:19:57 PM","67769665810","2025 Dec 10 04:30:00 PM","QUEEN ANNE","12020","PROPERTY CRIME","Q"
"2025-361668","2025 Dec 10 05:28:35 PM","67760181070","2025 Dec 10 04:32:00 PM","BITTERLAKE","12160","PROPERTY CRIME","N"
"2025-361677","2025 Dec 10 05:36:53 PM","67760237382","2025 Dec 10 04:45:00 PM","BITTERLAKE","12160","PROPERTY CRIME","N"
"2025-361595","2025 Dec 10 07:33:10 PM","67760990161","2025 Dec 10 04:50:00 PM","LAKECITY","13044","ALL OTHER","L"
"2025-922490","2025 Dec 15 07:25:01 AM","67813165296","2025 Dec 10 05:00:00 PM","QUEEN ANNE","1930","PROPERTY CRIME","Q"
"2025-922479","2025 Dec 14 08:25:39 AM","67803801454","2025 Dec 10 05:00:00 PM","FIRST HILL","13069","PROPERTY CRIME","E"
"2025-361694","2025 Dec 10 07:52:41 PM","67762439564","2025 Dec 10 05:03:00 PM","ROXHILL/WESTWOOD/ARBOR HEIGHTS","10484","PROPERTY CRIME","F"
"2025-361697","2025 Dec 10 05:48:49 PM","67760305943","2025 Dec 10 05:09:00 PM","WALLINGFORD","2875","PROPERTY CRIME","B"
"2025-362752","2025 Dec 12 12:46:45 AM","67772865306","2025 Dec 10 05:30:00 PM","NORTH BEACON HILL","1815","ALL OTHER","R"
"2025-361714","2025 Dec 10 06:49:22 PM","67760837274","2025 Dec 10 05:30:00 PM","UNIVERSITY","REDACTED","ALL OTHER","U"
"2025-361708","2025 Dec 10 07:36:57 PM","67763910504","2025 Dec 10 05:30:00 PM","ROXHILL/WESTWOOD/ARBOR HEIGHTS","10484","ALL OTHER","F"
"2025-361708","2025 Dec 10 07:36:57 PM","67760922706","2025 Dec 10 05:30:00 PM","ROXHILL/WESTWOOD/ARBOR HEIGHTS","10484","PROPERTY CRIME","F"
"2025-922492","2025 Dec 15 07:26:28 AM","67813182643","2025 Dec 10 06:00:00 PM","DOWNTOWN COMMERCIAL","2940","ALL OTHER","M"
"2025-361776","2025 Dec 10 10:35:28 PM","67761841794","2025 Dec 10 06:00:00 PM","FREMONT","5082","PROPERTY CRIME","B"
"2025-922533","2025 Dec 15 08:51:56 AM","67813948714","2025 Dec 10 06:00:00 PM","DOWNTOWN COMMERCIAL","10336","PROPERTY CRIME","K"
"2025-363532","2025 Dec 12 04:23:31 PM","67783456591","2025 Dec 10 06:00:00 PM","ALASKA JUNCTION","7002","PROPERTY CRIME","W"
"2025-922470","2025 Dec 14 08:19:42 AM","67803781574","2025 Dec 10 06:15:00 PM","CAPITOL HILL","6965","PROPERTY CRIME","E"
"2025-361749","2025 Dec 10 07:06:06 PM","67760754149","2025 Dec 10 06:17:00 PM","ROOSEVELT/RAVENNA","8592","PROPERTY CRIME","U"
"2025-922562","2025 Dec 15 11:14:58 AM","67815183293","2025 Dec 10 06:34:00 PM","DOWNTOWN COMMERCIAL","12790","PROPERTY CRIME","M"
"2025-361844","2025 Dec 10 10:36:55 PM","67761808400","2025 Dec 10 06:45:00 PM","LAKECITY","1594","PROPERTY CRIME","L"
"2025-361920","2025 Dec 10 10:22:29 PM","67761794461","2025 Dec 10 06:50:00 PM","QUEEN ANNE","12022","PROPERTY CRIME","Q"
"2025-361775","2025 Dec 11 02:41:03 AM","67762655594","2025 Dec 10 06:53:00 PM","PIONEER SQUARE","4074","VIOLENT CRIME","K"
"2025-700614","2025 Dec 23 12:02:40 PM","67914766503","2025 Dec 10 06:58:00 PM","ROOSEVELT/RAVENNA","8592","PROPERTY CRIME","U"
"2025-922536","2025 Dec 15 10:58:04 AM","67815011473","2025 Dec 10 07:00:00 PM","UNIVERSITY","8127","PROPERTY CRIME","U"
"2025-364550","2025 Dec 14 01:50:07 AM","67799987676","2025 Dec 10 07:00:00 PM","FREMONT","5666","PROPERTY CRIME","B"
"2025-922622","2025 Dec 16 08:51:59 AM","67825483475","2025 Dec 10 07:00:00 PM","SANDPOINT","10569","PROPERTY CRIME","U"
"2025-922568","2025 Dec 15 12:02:03 PM","67815583183","2025 Dec 10 07:00:00 PM","LAKECITY","5659","PROPERTY CRIME","L"
"2025-922485","2025 Dec 14 08:30:12 AM","67803817079","2025 Dec 10 07:00:00 PM","BALLARD SOUTH","10117","PROPERTY CRIME","B"
"2025-922506","2025 Dec 15 08:12:00 AM","67813613605","2025 Dec 10 07:00:00 PM","QUEEN ANNE","7691","PROPERTY CRIME","Q"
"2025-922549","2025 Dec 15 11:10:09 AM","67815128734","2025 Dec 10 07:14:00 PM","SANDPOINT","4644","PROPERTY CRIME","U"
"2025-922560","2025 Dec 15 11:14:20 AM","67815177847","2025 Dec 10 07:20:00 PM","DOWNTOWN COMMERCIAL","6224","PROPERTY CRIME","M"
"2025-922552","2025 Dec 15 11:11:20 AM","67815142739","2025 Dec 10 07:21:00 PM","BELLTOWN","3447","PROPERTY CRIME","D"
"2025-922523","2025 Dec 15 08:48:28 AM","67813922764","2025 Dec 10 07:30:00 PM","QUEEN ANNE","1930","PROPERTY CRIME","Q"
"2025-922489","2025 Dec 15 07:24:38 AM","67813161513","2025 Dec 10 07:30:00 PM","BALLARD SOUTH","437","PROPERTY CRIME","B"
"2025-370185","2025 Dec 18 08:30:47 PM","67858391226","2025 Dec 10 07:40:00 PM","ROOSEVELT/RAVENNA","2056","PROPERTY CRIME","U"
"2025-922486","2025 Dec 14 08:30:49 AM","67829473774","2025 Dec 10 07:50:00 PM","CAPITOL HILL","11081","ALL OTHER","E"
"2025-922486","2025 Dec 14 08:30:49 AM","67803818546","2025 Dec 10 07:50:00 PM","CAPITOL HILL","11081","ALL OTHER","E"
"2025-361828","2025 Dec 11 12:02:54 AM","67762224511","2025 Dec 10 07:56:00 PM","DOWNTOWN COMMERCIAL","8349","ALL OTHER","K"
"2025-361828","2025 Dec 11 12:02:54 AM","67762226054","2025 Dec 10 07:56:00 PM","DOWNTOWN COMMERCIAL","8349","ALL OTHER","K"
"2025-361828","2025 Dec 11 12:02:54 AM","67762212734","2025 Dec 10 07:59:00 PM","DOWNTOWN COMMERCIAL","8349","ALL OTHER","K"
"2025-363858","2025 Dec 12 07:32:18 PM","67784713925","2025 Dec 10 08:00:00 PM","ROOSEVELT/RAVENNA","7998","PROPERTY CRIME","J"
"2025-362168","2025 Dec 11 07:58:22 AM","67764605823","2025 Dec 10 08:00:00 PM","BALLARD SOUTH","7592","PROPERTY CRIME","B"
"2025-362187","2025 Dec 11 08:34:32 AM","67764919137","2025 Dec 10 08:00:00 PM","CAPITOL HILL","13066","PROPERTY CRIME","E"
"2025-363858","2025 Dec 12 07:32:18 PM","68178010142","2025 Dec 10 08:00:00 PM","ROOSEVELT/RAVENNA","7998","PROPERTY CRIME","J"
"2025-363420","2025 Dec 12 12:01:25 PM","67781227617","2025 Dec 10 08:00:00 PM","RAINIER BEACH","REDACTED","VIOLENT CRIME","S"
"2025-922624","2025 Dec 16 08:52:56 AM","67825497771","2025 Dec 10 08:10:00 PM","SLU/CASCADE","6223","PROPERTY CRIME","D"
"2025-361848","2025 Dec 10 09:13:28 PM","67761472645","2025 Dec 10 08:14:00 PM","NORTH BEACON HILL","1815","ALL OTHER","R"
"2025-361860","2025 Dec 11 03:01:19 AM","67762713719","2025 Dec 10 08:24:00 PM","SODO","REDACTED","ALL OTHER","O"
"2025-922695","2025 Dec 16 01:55:44 PM","67828695359","2025 Dec 10 08:30:00 PM","HIGHLAND PARK","12180","PROPERTY CRIME","F"
"2025-923269","2025 Dec 28 10:22:32 AM","67965992219","2025 Dec 10 09:00:00 PM","CENTRAL AREA/SQUIRE PARK","12501","PROPERTY CRIME","C"
"2025-922867","2025 Dec 18 10:55:37 AM","67852384244","2025 Dec 10 09:00:00 PM","SLU/CASCADE","7123","PROPERTY CRIME","D"
"2025-362123","2025 Dec 11 09:49:47 AM","67765590953","2025 Dec 10 09:00:00 PM","GEORGETOWN","2839","PROPERTY CRIME","O"
"2025-922782","2025 Dec 17 01:13:31 PM","67840158667","2025 Dec 10 09:00:00 PM","CENTRAL AREA/SQUIRE PARK","10001","PROPERTY CRIME","C"
"2025-362387","2025 Dec 11 03:01:01 PM","67768444912","2025 Dec 10 09:00:00 PM","MAGNOLIA","7754","PROPERTY CRIME","Q"
"2025-361887","2025 Dec 10 09:52:15 PM","67761649623","2025 Dec 10 09:07:00 PM","QUEEN ANNE","1930","PROPERTY CRIME","Q"
"2025-361889","2025 Dec 11 09:47:16 PM","67771113346","2025 Dec 10 09:08:00 PM","NORTHGATE","600","ALL OTHER","L"
"2025-361889","2025 Dec 11 09:47:16 PM","67771101153","2025 Dec 10 09:08:00 PM","NORTHGATE","600","ALL OTHER","L"
"2025-922602","2025 Dec 15 01:59:31 PM","67816628884","2025 Dec 10 09:24:00 PM","NORTHGATE","600","PROPERTY CRIME","L"
"2025-361973","2025 Dec 10 11:12:42 PM","67761992869","2025 Dec 10 09:30:00 PM","SLU/CASCADE","2356","ALL OTHER","D"
"2025-361923","2025 Dec 10 11:52:56 PM","67762553887","2025 Dec 10 09:44:00 PM","FIRST HILL","REDACTED","ALL OTHER","E"
"2025-361923","2025 Dec 10 11:52:56 PM","67762640918","2025 Dec 10 09:44:00 PM","FIRST HILL","REDACTED","ALL OTHER","E"
"2025-361937","2025 Dec 18 11:51:26 PM","67874123973","2025 Dec 10 09:59:00 PM","NORTHGATE","859","ALL OTHER","N"
"2025-362180","2025 Dec 11 08:00:59 AM","67764650164","2025 Dec 10 10:00:00 PM","CAPITOL HILL","642","PROPERTY CRIME","E"
"2025-362082","2025 Dec 11 08:09:37 AM","67764786238","2025 Dec 10 10:00:00 PM","LAKECITY","4575","ALL OTHER","L"
"2025-361937","2025 Dec 18 11:51:26 PM","67860398258","2025 Dec 10 10:00:00 PM","NORTHGATE","859","ALL OTHER","N"
"2025-922543","2025 Dec 15 11:07:21 AM","67815101559","2025 Dec 10 10:00:00 PM","CAPITOL HILL","3396","PROPERTY CRIME","E"
"2025-361944","2025 Dec 11 12:18:03 AM","67762256082","2025 Dec 10 10:10:00 PM","NORTH BEACON HILL","2166","ALL OTHER","R"
"2025-361923","2025 Dec 10 11:52:56 PM","67762658735","2025 Dec 10 10:23:00 PM","FIRST HILL","REDACTED","ALL OTHER","E"
"2025-361923","2025 Dec 10 11:52:56 PM","67762576527","2025 Dec 10 10:23:00 PM","FIRST HILL","REDACTED","ALL OTHER","E"
"2025-361954","2025 Dec 10 11:58:11 PM","67762750366","2025 Dec 10 10:24:00 PM","RAINIER VIEW","REDACTED","ALL OTHER","S"
"2025-361954","2025 Dec 10 11:58:11 PM","67818235799","2025 Dec 10 10:24:00 PM","RAINIER VIEW","REDACTED","VIOLENT CRIME","S"
"2025-922534","2025 Dec 15 08:52:35 AM","67813953049","2025 Dec 10 10:30:00 PM","SLU/CASCADE","724","ALL OTHER","M"
"2025-362280","2025 Dec 11 10:05:33 AM","67765713596","2025 Dec 10 10:30:00 PM","QUEEN ANNE","1930","ALL OTHER","Q"
"2025-922540","2025 Dec 15 11:06:07 AM","67840756157","2025 Dec 10 11:00:00 PM","FREMONT","5945","PROPERTY CRIME","B"
"2025-922500","2025 Dec 15 07:31:49 AM","67813243092","2025 Dec 10 11:00:00 PM","BALLARD SOUTH","10085","ALL OTHER","B"
"2025-922540","2025 Dec 15 11:06:07 AM","67815090178","2025 Dec 10 11:00:00 PM","FREMONT","5945","PROPERTY CRIME","B"
"2025-922519","2025 Dec 15 08:43:43 AM","67813888358","2025 Dec 10 11:00:00 PM","UNKNOWN","99","PROPERTY CRIME","99"
"2025-361967","2025 Dec 10 11:51:01 PM","67762148158","2025 Dec 10 11:01:00 PM","CAPITOL HILL","674","PROPERTY CRIME","E"
"2025-361971","2025 Dec 11 12:41:53 AM","67762362596","2025 Dec 10 11:06:00 PM","PIONEER SQUARE","628","PROPERTY CRIME","K"
"2025-361860","2025 Dec 11 03:01:19 AM","67762716616","2025 Dec 10 11:13:00 PM","SODO","REDACTED","ALL OTHER","O"
"2025-362239","2025 Dec 11 08:34:26 PM","67770719371","2025 Dec 10 11:18:00 PM","EASTLAKE - WEST","10192","PROPERTY CRIME","D"
"2025-361986","2025 Dec 11 12:40:08 AM","67762302923","2025 Dec 10 11:40:00 PM","QUEEN ANNE","1611","ALL OTHER","Q"
"2025-361987","2025 Dec 11 12:47:19 AM","67762318223","2025 Dec 10 11:44:00 PM","SOUTH PARK","REDACTED","ALL OTHER","F"
"2025-361994","2025 Dec 11 04:03:11 AM","67763216626","2025 Dec 11 12:00:00 AM","CAPITOL HILL","823","ALL OTHER","E"
"2025-366479","2025 Dec 15 12:05:17 PM","67815624942","2025 Dec 11 12:00:00 AM","ROXHILL/WESTWOOD/ARBOR HEIGHTS","12639","ALL OTHER","W"
"2025-366318","2025 Dec 15 08:56:47 AM","67814158690","2025 Dec 11 12:00:00 AM","MAGNOLIA","11216","PROPERTY CRIME","Q"
"2025-362201","2025 Dec 11 08:28:12 AM","67764882818","2025 Dec 11 12:00:00 AM","MORGAN","4856","PROPERTY CRIME","W"
"2025-362228","2025 Dec 11 08:58:55 AM","67765194148","2025 Dec 11 12:00:00 AM","HIGHLAND PARK","11410","ALL OTHER","F"
"2025-366318","2025 Dec 15 08:56:47 AM","67814046289","2025 Dec 11 12:00:00 AM","MAGNOLIA","11216","PROPERTY CRIME","Q"
"2025-361994","2025 Dec 11 04:03:11 AM","67763177814","2025 Dec 11 12:00:00 AM","CAPITOL HILL","823","VIOLENT CRIME","E"
"2025-381703","2025 Dec 31 09:47:20 PM","68011206998","2025 Dec 11 12:00:00 AM","JUDKINS PARK/NORTH BEACON HILL","12328","PROPERTY CRIME","G"
"2025-366318","2025 Dec 15 08:56:47 AM","67819830088","2025 Dec 11 12:00:00 AM","MAGNOLIA","11216","PROPERTY CRIME","Q"
"2025-362307","2025 Dec 11 10:29:37 AM","67765918841","2025 Dec 11 12:00:00 AM","CLAREMONT/RAINIER VISTA","11408","PROPERTY CRIME","R"
"2025-379256","2025 Dec 29 01:33:12 PM","67975684810","2025 Dec 11 12:00:00 AM","NORTHGATE","523","ALL OTHER","L"
"2025-362349","2025 Dec 11 11:43:10 AM","67766628822","2025 Dec 11 12:00:00 AM","ROXHILL/WESTWOOD/ARBOR HEIGHTS","12639","ALL OTHER","W"
"2025-365725","2025 Dec 14 06:44:50 PM","68058622928","2025 Dec 11 12:00:00 AM","CENTRAL AREA/SQUIRE PARK","4329","ALL OTHER","C"
"2025-922969","2025 Dec 23 08:15:27 AM","67912848797","2025 Dec 11 12:00:00 AM","BALLARD SOUTH","8848","PROPERTY CRIME","B"
"2025-362441","2025 Dec 11 01:00:13 PM","67767337461","2025 Dec 11 12:00:00 AM","PHINNEY RIDGE","10859","PROPERTY CRIME","J"
"2025-362254","2025 Dec 11 11:16:45 AM","67766406226","2025 Dec 11 12:00:00 AM","MAGNOLIA","12524","PROPERTY CRIME","Q"
"2025-362073","2025 Dec 11 04:29:17 AM","67763307207","2025 Dec 11 12:16:00 AM","CAPITOL HILL","REDACTED","VIOLENT CRIME","E"
"2025-362007","2025 Dec 11 01:55:06 AM","67762521340","2025 Dec 11 12:23:00 AM","DOWNTOWN COMMERCIAL","6612","ALL OTHER","M"
"2025-362008","2025 Dec 11 01:34:21 AM","67762460984","2025 Dec 11 12:25:00 AM","NORTHGATE","4588","ALL OTHER","L"
"2025-362012","2025 Dec 11 03:05:52 AM","67762756013","2025 Dec 11 12:30:00 AM","CENTRAL AREA/SQUIRE PARK","7563","ALL OTHER","C"
"2025-362020","2025 Dec 11 01:58:31 AM","67762526920","2025 Dec 11 12:45:00 AM","LAKECITY","REDACTED","ALL OTHER","L"
"2025-362631","2025 Dec 11 04:24:35 PM","67769199172","2025 Dec 11 01:00:00 AM","MOUNT BAKER","6589","PROPERTY CRIME","R"
"2025-362549","2025 Dec 11 05:10:17 PM","67769531075","2025 Dec 11 01:00:00 AM","BALLARD SOUTH","3054","ALL OTHER","B"
"2025-922636","2025 Dec 16 10:28:15 AM","67826606609","2025 Dec 11 01:00:00 AM","BALLARD NORTH","245","PROPERTY CRIME","J"
"2025-362524","2025 Dec 11 02:59:51 PM","67768733144","2025 Dec 11 01:00:00 AM","BALLARD SOUTH","3054","PROPERTY CRIME","B"
"2025-362027","2025 Dec 11 01:32:52 AM","67762465911","2025 Dec 11 01:11:00 AM","SODO","3133","ALL OTHER","O"
"2025-362036","2025 Dec 11 03:32:54 AM","67762878727","2025 Dec 11 01:23:00 AM","CAPITOL HILL","13064","ALL OTHER","E"
"2025-362036","2025 Dec 11 03:32:54 AM","67763155779","2025 Dec 11 01:24:00 AM","CAPITOL HILL","13064","ALL OTHER","E"
"2025-362036","2025 Dec 11 03:32:54 AM","67763159977","2025 Dec 11 01:24:00 AM","CAPITOL HILL","13064","ALL OTHER","E"
"2025-362036","2025 Dec 11 03:32:54 AM","67762889883","2025 Dec 11 01:24:00 AM","CAPITOL HILL","13064","VIOLENT CRIME","E"
"2025-922679","2025 Dec 16 01:20:41 PM","67828375424","2025 Dec 11 01:30:00 AM","MAGNOLIA","6188","PROPERTY CRIME","Q"
"2025-362046","2025 Dec 11 07:10:43 AM","67764251403","2025 Dec 11 02:09:00 AM","PIONEER SQUARE","REDACTED","ALL OTHER","K"
"2025-362390","2025 Dec 11 12:34:12 PM","67767070717","2025 Dec 11 02:15:00 AM","PHINNEY RIDGE","3058","PROPERTY CRIME","B"
"2025-362317","2025 Dec 11 11:06:00 AM","67766272613","2025 Dec 11 02:16:00 AM","NORTHGATE","6526","PROPERTY CRIME","L"
"2025-362056","2025 Dec 11 03:07:45 AM","67762748082","2025 Dec 11 02:20:00 AM","MAGNOLIA","7964","PROPERTY CRIME","Q"
"2025-362053","2025 Dec 11 10:21:32 AM","67765854160","2025 Dec 11 02:23:00 AM","DOWNTOWN COMMERCIAL","10332","PROPERTY CRIME","K"
"2025-922749","2025 Dec 17 12:33:49 PM","68057824749","2025 Dec 11 02:30:00 AM","MAGNOLIA","6188","ALL OTHER","Q"
"2025-922749","2025 Dec 17 12:33:49 PM","67839786911","2025 Dec 11 02:30:00 AM","MAGNOLIA","6188","PROPERTY CRIME","Q"
"2025-922539","2025 Dec 15 11:04:42 AM","67815076706","2025 Dec 11 02:32:00 AM","MAGNOLIA","6188","PROPERTY CRIME","Q"
"2025-363468","2025 Dec 12 03:10:14 PM","67782835316","2025 Dec 11 03:00:00 AM","NORTHGATE","535","PROPERTY CRIME","L"
"2025-362077","2025 Dec 11 04:46:17 AM","67763363192","2025 Dec 11 03:46:00 AM","BALLARD NORTH","2616","ALL OTHER","J"
"2025-362077","2025 Dec 11 04:46:17 AM","67763348950","2025 Dec 11 03:46:00 AM","BALLARD NORTH","2616","ALL OTHER","J"
"2025-922537","2025 Dec 15 10:58:44 AM","67815017816","2025 Dec 11 04:00:00 AM","WALLINGFORD","8115","PROPERTY CRIME","B"
"2025-362238","2025 Dec 11 09:29:48 AM","67765368379","2025 Dec 11 04:00:00 AM","MAGNOLIA","3486","PROPERTY CRIME","Q"
"2025-367152","2025 Dec 16 01:59:13 AM","67821678596","2025 Dec 11 04:00:00 AM","RAINIER BEACH","REDACTED","ALL OTHER","S"
"2025-362098","2025 Dec 11 08:25:25 AM","68057543692","2025 Dec 11 04:26:00 AM","DOWNTOWN COMMERCIAL","8488","ALL OTHER","K"
"2025-362098","2025 Dec 11 08:25:25 AM","67764830502","2025 Dec 11 04:26:00 AM","DOWNTOWN COMMERCIAL","8488","PROPERTY CRIME","K"
"2025-923508","2025 Dec 29 12:55:18 PM","67975371353","2025 Dec 11 04:30:00 AM","NORTH DELRIDGE","10103","PROPERTY CRIME","W"
"2025-362102","2025 Dec 12 12:13:17 AM","67772767030","2025 Dec 11 05:03:00 AM","MAGNOLIA","6188","ALL OTHER","Q"
"2025-362615","2025 Dec 11 03:38:28 PM","67768699574","2025 Dec 11 05:30:00 AM","GREENWOOD","2832","PROPERTY CRIME","N"
"2025-362108","2025 Dec 11 06:35:53 AM","67763991714","2025 Dec 11 05:40:00 AM","NORTH BEACON HILL","10010","PROPERTY CRIME","R"
"2026-900912","2026 Jan 13 07:47:03 AM","68160682783","2025 Dec 11 06:00:00 AM","NORTH BEACON HILL","12209","PROPERTY CRIME","R"
"2025-362118","2025 Dec 11 06:51:15 AM","67764108918","2025 Dec 11 06:06:00 AM","DOWNTOWN COMMERCIAL","10333","ALL OTHER","K"
"2025-362118","2025 Dec 11 06:51:15 AM","67764098944","2025 Dec 11 06:06:00 AM","DOWNTOWN COMMERCIAL","10333","ALL OTHER","K"
"2025-364845","2025 Dec 13 10:46:29 PM","67797898784","2025 Dec 11 06:30:00 AM","SLU/CASCADE","REDACTED","ALL OTHER","D"
"2025-362130","2025 Dec 11 09:24:39 AM","67765330901","2025 Dec 11 06:34:00 AM","QUEEN ANNE","7085","PROPERTY CRIME","Q"
"2025-362152","2025 Dec 11 08:44:29 AM","67765030248","2025 Dec 11 06:45:00 AM","CENTRAL AREA/SQUIRE PARK","1906","PROPERTY CRIME","C"
"2025-362137","2025 Dec 11 08:39:08 AM","67765106885","2025 Dec 11 06:48:00 AM","BALLARD SOUTH","8097","VIOLENT CRIME","B"
"2025-362140","2025 Dec 11 06:56:11 AM","67764137467","2025 Dec 11 06:49:00 AM","LAKECITY","2060","ALL OTHER","L"
"2025-362930","2025 Dec 11 10:09:34 PM","67771164857","2025 Dec 11 07:00:00 AM","ALKI","8454","ALL OTHER","W"
"2025-362155","2025 Dec 11 07:13:42 AM","67764259444","2025 Dec 11 07:12:00 AM","DOWNTOWN COMMERCIAL","10333","ALL OTHER","K"
"2025-362159","2025 Dec 11 11:56:08 AM","67767192755","2025 Dec 11 07:18:00 AM","SLU/CASCADE","187","ALL OTHER","D"
"2025-362160","2025 Dec 11 08:53:17 AM","67765088415","2025 Dec 11 07:19:00 AM","SOUTH PARK","REDACTED","ALL OTHER","F"
"2025-922545","2025 Dec 15 11:08:03 AM","67815107831","2025 Dec 11 07:30:00 AM","DOWNTOWN COMMERCIAL","12795","PROPERTY CRIME","K"
"2025-362170","2025 Dec 11 09:53:05 AM","67765627699","2025 Dec 11 07:38:00 AM","NORTH BEACON HILL","REDACTED","ALL OTHER","R"
"2025-922743","2025 Dec 17 12:29:54 PM","67839750622","2025 Dec 11 07:51:00 AM","ROOSEVELT/RAVENNA","11174","PROPERTY CRIME","J"
"2025-362170","2025 Dec 11 09:53:05 AM","67765594149","2025 Dec 11 07:59:00 AM","NORTH BEACON HILL","REDACTED","ALL OTHER","R"
"2025-362535","2025 Dec 11 02:47:20 PM","67769303953","2025 Dec 11 08:00:00 AM","MORGAN","5538","PROPERTY CRIME","W"
"2025-362887","2025 Dec 11 08:52:54 PM","67770821703","2025 Dec 11 09:00:00 AM","FREMONT","10230","ALL OTHER","B"
"2025-362836","2025 Dec 11 08:38:13 PM","67770730114","2025 Dec 11 09:00:00 AM","FREMONT","6933","PROPERTY CRIME","B"
"2025-362836","2025 Dec 11 08:38:13 PM","67844034466","2025 Dec 11 09:00:00 AM","FREMONT","6933","PROPERTY CRIME","B"
"2025-362465","2025 Dec 11 01:28:11 PM","67767595069","2025 Dec 11 09:25:00 AM","ROOSEVELT/RAVENNA","7776","ALL OTHER","J"
"2025-922579","2025 Dec 15 12:38:21 PM","67815903716","2025 Dec 11 09:46:00 AM","MORGAN","5538","ALL OTHER","W"
"2025-922544","2025 Dec 15 11:07:43 AM","67815105185","2025 Dec 11 09:50:00 AM","CAPITOL HILL","6228","PROPERTY CRIME","E"
"2025-363203","2025 Dec 12 11:18:50 AM","67780808315","2025 Dec 11 10:15:00 AM","SLU/CASCADE","10090","ALL OTHER","D"
"2025-362308","2025 Dec 11 11:58:08 AM","67766772784","2025 Dec 11 10:18:00 AM","EASTLAKE - WEST","REDACTED","ALL OTHER","D"
"2025-362315","2025 Dec 11 11:34:55 AM","67766631417","2025 Dec 11 10:21:00 AM","LAKECITY","1593","ALL OTHER","L"
"2025-361312","2025 Dec 10 12:46:33 PM","67768477547","2025 Dec 11 10:46:00 AM","COLUMBIA CITY","8459","ALL OTHER","R"
"2025-362234","2025 Dec 11 03:50:58 PM","67769078994","2025 Dec 11 10:48:00 AM","NORTHGATE","2337","ALL OTHER","N"
"2025-922637","2025 Dec 16 10:29:30 AM","67826617097","2025 Dec 11 10:51:00 AM","MORGAN","12470","PROPERTY CRIME","W"
"2025-362566","2025 Dec 11 04:50:29 PM","67769426297","2025 Dec 11 11:00:00 AM","UNIVERSITY","509","PROPERTY CRIME","U"
"2025-922505","2025 Dec 15 08:11:41 AM","67813611184","2025 Dec 11 11:00:00 AM","ROXHILL/WESTWOOD/ARBOR HEIGHTS","192","PROPERTY CRIME","W"
"2025-363187","2025 Dec 12 07:27:58 AM","67778891222","2025 Dec 11 11:00:00 AM","CENTRAL AREA/SQUIRE PARK","2505","ALL OTHER","G"
"2025-362353","2025 Dec 11 12:20:18 PM","67766959430","2025 Dec 11 11:16:00 AM","SOUTH PARK","REDACTED","ALL OTHER","F"
"2025-922741","2025 Dec 17 12:28:20 PM","67839737398","2025 Dec 11 11:25:00 AM","JUDKINS PARK/NORTH BEACON HILL","12326","PROPERTY CRIME","G"
"2025-922530","2025 Dec 15 08:50:37 AM","67813938651","2025 Dec 11 11:25:00 AM","BALLARD SOUTH","10930","PROPERTY CRIME","B"
"2025-362472","2025 Dec 11 05:03:20 PM","67769505607","2025 Dec 11 11:30:00 AM","CHINATOWN/INTERNATIONAL DISTRICT","6360","PROPERTY CRIME","K"
"2025-923482","2025 Dec 29 11:25:51 AM","67974562976","2025 Dec 11 11:30:00 AM","FREMONT","6392","PROPERTY CRIME","B"
"2025-922598","2025 Dec 15 01:55:37 PM","67816597720","2025 Dec 11 11:32:00 AM","ALASKA JUNCTION","13087","PROPERTY CRIME","W"
"2025-362371","2025 Dec 11 01:04:59 PM","67767402950","2025 Dec 11 11:40:00 AM","LAKECITY","8415","ALL OTHER","L"
"2025-362371","2025 Dec 11 01:04:59 PM","67780731397","2025 Dec 11 11:40:00 AM","LAKECITY","8415","ALL OTHER","L"
"2025-362373","2025 Dec 11 01:02:38 PM","67767354916","2025 Dec 11 11:41:00 AM","NORTHGATE","REDACTED","ALL OTHER","L"
"2025-362376","2025 Dec 11 04:11:59 PM","67769032944","2025 Dec 11 11:43:00 AM","NORTH BEACON HILL","REDACTED","ALL OTHER","R"
"2025-922575","2025 Dec 15 12:32:55 PM","67815857315","2025 Dec 11 11:45:00 AM","WALLINGFORD","12104","PROPERTY CRIME","B"
"2025-700606","2025 Dec 17 02:04:48 PM","67840619267","2025 Dec 11 11:49:00 AM","ROOSEVELT/RAVENNA","8593","PROPERTY CRIME","U"
"2025-362388","2025 Dec 11 02:33:24 PM","67768174358","2025 Dec 11 11:54:00 AM","SANDPOINT","4516","ALL OTHER","U"
"2025-363501","2025 Dec 12 12:53:23 PM","67781627888","2025 Dec 11 12:00:00 PM","FREMONT","3151","PROPERTY CRIME","B"
"2025-922581","2025 Dec 15 01:20:33 PM","67816307386","2025 Dec 11 12:00:00 PM","DOWNTOWN COMMERCIAL","10336","PROPERTY CRIME","K"
"2026-021970","2026 Jan 23 06:08:31 PM","68289006424","2025 Dec 11 12:03:00 PM","SLU/CASCADE","6019","ALL OTHER","D"
"2025-700603","2025 Dec 17 02:03:58 PM","67840610760","2025 Dec 11 12:14:00 PM","ROOSEVELT/RAVENNA","2056","PROPERTY CRIME","U"
"2025-362414","2025 Dec 11 06:06:24 PM","67770642625","2025 Dec 11 12:17:00 PM","ALKI","4311","ALL OTHER","W"
"2025-922558","2025 Dec 15 11:13:42 AM","67815171353","2025 Dec 11 12:29:00 PM","QUEEN ANNE","1930","PROPERTY CRIME","Q"
"2025-362393","2025 Dec 11 03:57:15 PM","67768935548","2025 Dec 11 12:30:00 PM","JUDKINS PARK/NORTH BEACON HILL","2012","VIOLENT CRIME","G"
"2025-362678","2025 Dec 11 04:51:41 PM","67769454917","2025 Dec 11 12:55:00 PM","CAPITOL HILL","3512","ALL OTHER","E"
"2025-362517","2025 Dec 11 03:45:44 PM","67768800979","2025 Dec 11 01:00:00 PM","DOWNTOWN COMMERCIAL","10330","PROPERTY CRIME","K"
"2025-362725","2025 Dec 11 05:03:36 PM","67769637375","2025 Dec 11 01:00:00 PM","FREMONT","12763","ALL OTHER","B"
"2025-362725","2025 Dec 11 05:03:36 PM","67779241978","2025 Dec 11 01:00:00 PM","FREMONT","12763","ALL OTHER","B"
"2025-362720","2025 Dec 11 08:12:33 PM","67770620840","2025 Dec 11 01:00:00 PM","DOWNTOWN COMMERCIAL","6612","PROPERTY CRIME","M"
"2025-362459","2025 Dec 11 02:56:51 PM","67768383266","2025 Dec 11 01:03:00 PM","BRIGHTON/DUNLAP","REDACTED","ALL OTHER","S"
"2025-362474","2025 Dec 11 03:51:19 PM","67768812192","2025 Dec 11 01:12:00 PM","ALKI","7825","VIOLENT CRIME","W"
"2025-922697","2025 Dec 16 01:56:23 PM","67828702409","2025 Dec 11 01:20:00 PM","BALLARD SOUTH","10042","PROPERTY CRIME","B"
"2025-363261","2025 Dec 12 01:07:26 PM","67781790271","2025 Dec 11 01:30:00 PM","MADRONA/LESCHI","10383","ALL OTHER","C"
"2025-363261","2025 Dec 12 01:07:26 PM","67781802546","2025 Dec 11 01:30:00 PM","MADRONA/LESCHI","10383","PROPERTY CRIME","C"
"2025-362502","2025 Dec 11 09:10:36 PM","68058363321","2025 Dec 11 01:38:00 PM","FREMONT","REDACTED","ALL OTHER","B"
"2025-362502","2025 Dec 11 09:10:36 PM","67770952070","2025 Dec 11 01:38:00 PM","FREMONT","REDACTED","ALL OTHER","B"
"2025-362507","2025 Dec 11 06:55:21 PM","67770175459","2025 Dec 11 01:40:00 PM","LAKEWOOD/SEWARD PARK","12607","ALL OTHER","R"
"2025-363642","2025 Dec 12 04:38:06 PM","67783554721","2025 Dec 11 01:40:00 PM","ALASKA JUNCTION","7002","PROPERTY CRIME","W"
"2025-922529","2025 Dec 15 08:50:17 AM","67813936652","2025 Dec 11 01:40:00 PM","QUEEN ANNE","10917","PROPERTY CRIME","D"
"2025-922532","2025 Dec 15 08:51:30 AM","67813944694","2025 Dec 11 01:45:00 PM","DOWNTOWN COMMERCIAL","3012","ALL OTHER","M"
"2025-700605","2025 Dec 17 02:04:32 PM","67840616538","2025 Dec 11 01:49:00 PM","DOWNTOWN COMMERCIAL","2359","PROPERTY CRIME","M"
"2026-900756","2026 Jan 11 08:39:17 AM","68132408062","2025 Dec 11 01:50:00 PM","NORTHGATE","4588","PROPERTY CRIME","L"
"2025-362537","2025 Dec 11 06:36:34 PM","67770058667","2025 Dec 11 02:15:00 PM","GENESEE","REDACTED","ALL OTHER","R"
"2025-363139","2025 Dec 12 03:43:46 AM","67774903596","2025 Dec 11 02:30:00 PM","SOUTH PARK","2087","PROPERTY CRIME","F"
"2025-363139","2025 Dec 12 03:43:46 AM","68069363735","2025 Dec 11 02:30:00 PM","SOUTH PARK","2087","PROPERTY CRIME","F"
"2025-922683","2025 Dec 16 01:44:32 PM","67828590218","2025 Dec 11 02:43:00 PM","DOWNTOWN COMMERCIAL","2084","PROPERTY CRIME","M"
"2025-922597","2025 Dec 15 01:55:18 PM","67816594308","2025 Dec 11 03:00:00 PM","PHINNEY RIDGE","4198","PROPERTY CRIME","B"
"2025-364658","2025 Dec 13 01:43:55 PM","67794860535","2025 Dec 11 03:00:00 PM","NORTH ADMIRAL","11477","PROPERTY CRIME","W"
"2025-922933","2025 Dec 21 07:00:57 AM","67889856739","2025 Dec 11 03:00:00 PM","FREMONT","3208","PROPERTY CRIME","B"
"2025-363760","2025 Dec 12 06:00:55 PM","67784163433","2025 Dec 11 03:00:00 PM","FIRST HILL","4043","PROPERTY CRIME","G"
"2025-700604","2025 Dec 17 02:04:15 PM","67840614372","2025 Dec 11 03:10:00 PM","ROOSEVELT/RAVENNA","2056","PROPERTY CRIME","U"
"2025-362695","2025 Dec 11 05:16:36 PM","67769683897","2025 Dec 11 03:30:00 PM","WALLINGFORD","8341","PROPERTY CRIME","B"
"2025-362632","2025 Dec 11 11:10:42 PM","67771943434","2025 Dec 11 03:41:00 PM","FIRST HILL","6336","PROPERTY CRIME","E"
"2025-362887","2025 Dec 11 08:52:54 PM","67843999433","2025 Dec 11 03:44:00 PM","WALLINGFORD","3150","ALL OTHER","B"
"2025-362642","2025 Dec 11 05:38:32 PM","67769929601","2025 Dec 11 03:44:00 PM","SODO","8430","ALL OTHER","O"
"2026-007176","2026 Jan 08 05:06:41 PM","68106039386","2025 Dec 11 03:52:00 PM","DOWNTOWN COMMERCIAL","2941","ALL OTHER","M"
"2025-366593","2025 Dec 15 12:21:47 PM","67816006746","2025 Dec 11 04:00:00 PM","LAKECITY","10059","PROPERTY CRIME","L"
"2025-362696","2025 Dec 11 08:53:24 PM","67771060224","2025 Dec 11 04:00:00 PM","CAPITOL HILL","12787","ALL OTHER","C"
"2025-922627","2025 Dec 16 08:54:30 AM","67825554427","2025 Dec 11 04:00:00 PM","DOWNTOWN COMMERCIAL","3706","PROPERTY CRIME","M"
"2025-362696","2025 Dec 11 08:53:24 PM","67771058745","2025 Dec 11 04:00:00 PM","CAPITOL HILL","12787","PROPERTY CRIME","C"
"2025-362669","2025 Dec 11 07:35:44 PM","67770597934","2025 Dec 11 04:08:00 PM","QUEEN ANNE","70","ALL OTHER","Q"
"2025-922524","2025 Dec 15 08:48:47 AM","67813924814","2025 Dec 11 04:15:00 PM","FREMONT","6511","PROPERTY CRIME","B"
"2025-362678","2025 Dec 11 04:51:41 PM","67769490487","2025 Dec 11 04:17:00 PM","CAPITOL HILL","3512","ALL OTHER","E"
"2025-922702","2025 Dec 17 07:13:33 AM","67836631987","2025 Dec 11 04:21:00 PM","CAPITOL HILL","6226","PROPERTY CRIME","E"
"2025-362708","2025 Dec 11 05:19:07 PM","67769589119","2025 Dec 11 04:30:00 PM","NORTH BEACON HILL","2380","ALL OTHER","R"
"2025-363231","2025 Dec 12 03:09:23 PM","67782875255","2025 Dec 11 04:45:00 PM","FREMONT","378","PROPERTY CRIME","B"
"2025-363231","2025 Dec 12 03:09:23 PM","67782909116","2025 Dec 11 04:45:00 PM","FREMONT","378","ALL OTHER","B"
"2025-922920","2025 Dec 19 10:56:09 AM","67869673590","2025 Dec 11 05:00:00 PM","CAPITOL HILL","656","PROPERTY CRIME","C"
"2025-362727","2025 Dec 11 06:26:49 PM","67770020072","2025 Dec 11 05:05:00 PM","CAPITOL HILL","674","ALL OTHER","E"
"2025-922736","2025 Dec 17 11:31:30 AM","67839204868","2025 Dec 11 05:20:00 PM","QUEEN ANNE","6510","ALL OTHER","D"
"2025-922610","2025 Dec 16 07:12:36 AM","67824223321","2025 Dec 11 05:30:00 PM","DOWNTOWN COMMERCIAL","2645","PROPERTY CRIME","M"
"2025-922858","2025 Dec 18 10:51:22 AM","67852271278","2025 Dec 11 05:45:00 PM","CENTRAL AREA/SQUIRE PARK","7572","PROPERTY CRIME","C"
"2025-375664","2025 Dec 25 12:42:37 AM","67928431624","2025 Dec 11 06:00:00 PM","CHINATOWN/INTERNATIONAL DISTRICT","REDACTED","VIOLENT CRIME","K"
"2025-362792","2025 Dec 11 07:53:54 PM","67770503151","2025 Dec 11 06:15:00 PM","WALLINGFORD","6645","PROPERTY CRIME","B"
"2025-362787","2025 Dec 11 06:27:53 PM","67769981388","2025 Dec 11 06:18:00 PM","CHINATOWN/INTERNATIONAL DISTRICT","1947","ALL OTHER","K"
"2025-362787","2025 Dec 11 06:27:53 PM","67778334085","2025 Dec 11 06:18:00 PM","CHINATOWN/INTERNATIONAL DISTRICT","1947","ALL OTHER","K"
"2025-362789","2025 Dec 12 03:30:02 AM","67774860969","2025 Dec 11 06:21:00 PM","RAINIER BEACH","8432","VIOLENT CRIME","S"
"2025-362819","2025 Dec 11 07:31:47 PM","67770487346","2025 Dec 11 06:30:00 PM","CENTRAL AREA/SQUIRE PARK","6726","PROPERTY CRIME","G"
"2025-363650","2025 Dec 12 03:17:39 PM","67783004799","2025 Dec 11 07:00:00 PM","CAPITOL HILL","4219","PROPERTY CRIME","E"
"2025-362892","2025 Dec 11 11:50:17 PM","67772686736","2025 Dec 11 07:00:00 PM","QUEEN ANNE","12488","ALL OTHER","Q"
"2025-922757","2025 Dec 17 12:46:28 PM","67839903586","2025 Dec 11 07:16:00 PM","CAPITOL HILL","674","PROPERTY CRIME","E"
"2025-362833","2025 Dec 11 11:07:03 PM","67771841217","2025 Dec 11 07:19:00 PM","LAKECITY","5659","ALL OTHER","L"
"2025-700618","2025 Dec 23 12:03:12 PM","67914771239","2025 Dec 11 07:36:00 PM","ROOSEVELT/RAVENNA","2056","PROPERTY CRIME","U"
"2025-922780","2025 Dec 17 12:58:54 PM","67840023572","2025 Dec 11 07:39:00 PM","QUEEN ANNE","856","PROPERTY CRIME","D"
"2025-922632","2025 Dec 16 10:25:34 AM","67826584208","2025 Dec 11 08:00:00 PM","FREMONT","167","PROPERTY CRIME","B"
"2025-364175","2025 Dec 13 01:55:47 AM","67787983281","2025 Dec 11 08:00:00 PM","LAKECITY","6385","PROPERTY CRIME","L"
"2025-363998","2025 Dec 13 12:08:04 AM","67787401094","2025 Dec 11 08:00:00 PM","DOWNTOWN COMMERCIAL","REDACTED","ALL OTHER","M"
"2025-362885","2025 Dec 12 01:48:31 AM","67773263523","2025 Dec 11 08:16:00 PM","DOWNTOWN COMMERCIAL","12452","ALL OTHER","M"
"2025-362885","2025 Dec 12 01:48:31 AM","67773204463","2025 Dec 11 08:16:00 PM","DOWNTOWN COMMERCIAL","12452","ALL OTHER","M"
"2025-362893","2025 Dec 11 11:07:37 PM","67771844399","2025 Dec 11 08:26:00 PM","SLU/CASCADE","10094","ALL OTHER","M"
"2025-362893","2025 Dec 11 11:07:37 PM","67771839844","2025 Dec 11 08:26:00 PM","SLU/CASCADE","10094","ALL OTHER","M"
"2025-362833","2025 Dec 11 11:07:03 PM","67772315566","2025 Dec 11 08:30:00 PM","LAKECITY","5659","ALL OTHER","L"
"2025-363433","2025 Dec 12 12:37:31 PM","67781487465","2025 Dec 11 08:30:00 PM","LAKECITY","1874","PROPERTY CRIME","L"
"2025-362833","2025 Dec 11 11:07:03 PM","67842686484","2025 Dec 11 08:30:00 PM","LAKECITY","5659","ALL OTHER","L"
"2025-362919","2025 Dec 11 10:03:21 PM","67771162217","2025 Dec 11 08:31:00 PM","CAPITOL HILL","674","VIOLENT CRIME","E"
"2025-362899","2025 Dec 11 10:15:13 PM","67771276306","2025 Dec 11 08:34:00 PM","WALLINGFORD","10929","ALL OTHER","B"
"2025-362910","2025 Dec 11 09:53:36 PM","67771122146","2025 Dec 11 08:45:00 PM","BITTERLAKE","12160","PROPERTY CRIME","N"
"2025-362913","2025 Dec 11 09:19:24 PM","67771032850","2025 Dec 11 08:47:00 PM","SODO","8971","ALL OTHER","O"
"2025-362913","2025 Dec 11 09:19:24 PM","67770937133","2025 Dec 11 08:47:00 PM","SODO","8971","ALL OTHER","O"
"2025-922601","2025 Dec 15 01:58:24 PM","67816620013","2025 Dec 11 08:58:00 PM","BALLARD SOUTH","10913","PROPERTY CRIME","B"
"2025-922855","2025 Dec 18 10:50:16 AM","67852260462","2025 Dec 11 09:00:00 PM","-","358","PROPERTY CRIME","J"
"2025-922836","2025 Dec 18 09:22:12 AM","67850746042","2025 Dec 11 09:00:00 PM","UNIVERSITY","5882","PROPERTY CRIME","U"
"2025-922628","2025 Dec 16 10:21:56 AM","67826555406","2025 Dec 11 09:00:00 PM","BELLTOWN","3446","PROPERTY CRIME","D"
"2025-363306","2025 Dec 12 02:31:00 PM","67782481285","2025 Dec 11 09:00:00 PM","ROXHILL/WESTWOOD/ARBOR HEIGHTS","REDACTED","ALL OTHER","F"
"2025-922499","2025 Dec 15 07:31:22 AM","67813238105","2025 Dec 11 09:29:00 PM","UNIVERSITY","6718","ALL OTHER","U"
"2025-362967","2025 Dec 11 10:32:27 PM","67772739773","2025 Dec 11 09:45:00 PM","NORTH ADMIRAL","398","PROPERTY CRIME","W"
"2025-362958","2025 Dec 11 11:12:19 PM","67771839839","2025 Dec 11 09:46:00 PM","ROOSEVELT/RAVENNA","10626","ALL OTHER","U"
"2025-363393","2025 Dec 12 04:41:23 PM","67783587427","2025 Dec 11 10:00:00 PM","PHINNEY RIDGE","6030","ALL OTHER","J"
"2025-363375","2025 Dec 12 10:15:13 AM","67780278687","2025 Dec 11 10:00:00 PM","FIRST HILL","4581","ALL OTHER","G"
"2026-900422","2026 Jan 06 07:47:52 AM","68070652430","2025 Dec 11 10:00:00 PM","ALASKA JUNCTION","10472","PROPERTY CRIME","W"
"2025-922587","2025 Dec 15 01:50:10 PM","67816556419","2025 Dec 11 10:00:00 PM","BALLARD NORTH","3882","PROPERTY CRIME","N"
"2025-363277","2025 Dec 12 10:49:41 AM","67780571080","2025 Dec 11 10:00:00 PM","MAGNOLIA","4110","PROPERTY CRIME","Q"
"2025-362967","2025 Dec 11 10:32:27 PM","67771257652","2025 Dec 11 10:03:00 PM","NORTH ADMIRAL","398","ALL OTHER","W"
"2025-362980","2025 Dec 12 12:33:29 AM","67772843443","2025 Dec 11 10:16:00 PM","FAUNTLEROY SW","5256","ALL OTHER","W"
"2025-362978","2025 Dec 11 11:49:28 PM","67795930229","2025 Dec 11 10:16:00 PM","DOWNTOWN COMMERCIAL","3167","ALL OTHER","K"
"2025-362980","2025 Dec 12 12:33:29 AM","67772845522","2025 Dec 11 10:16:00 PM","FAUNTLEROY SW","5256","ALL OTHER","W"
"2025-362980","2025 Dec 12 12:33:29 AM","67772849141","2025 Dec 11 10:16:00 PM","FAUNTLEROY SW","5256","ALL OTHER","W"
"2025-362978","2025 Dec 11 11:49:28 PM","67772691356","2025 Dec 11 10:16:00 PM","DOWNTOWN COMMERCIAL","3167","ALL OTHER","K"
"2025-362980","2025 Dec 12 12:33:29 AM","67772835029","2025 Dec 11 10:17:00 PM","FAUNTLEROY SW","5256","ALL OTHER","W"
"2025-362982","2025 Dec 12 01:26:48 AM","67784725113","2025 Dec 11 10:20:00 PM","NORTH BEACON HILL","11438","ALL OTHER","R"
"2025-362982","2025 Dec 12 01:26:48 AM","67773160557","2025 Dec 11 10:20:00 PM","NORTH BEACON HILL","11438","ALL OTHER","R"
"2025-364712","2025 Dec 13 06:51:37 PM","67796638282","2025 Dec 11 10:30:00 PM","WALLINGFORD","5726","PROPERTY CRIME","B"
"2025-363000","2025 Dec 11 11:43:05 PM","67772718097","2025 Dec 11 10:43:00 PM","RAINIER VIEW","8715","ALL OTHER","S"
"2025-368605","2025 Dec 17 04:14:46 PM","67841721949","2025 Dec 11 11:00:00 PM","CAPITOL HILL","3393","PROPERTY CRIME","E"
"2025-922642","2025 Dec 16 10:32:19 AM","67826642884","2025 Dec 11 11:00:00 PM","FIRST HILL","816","PROPERTY CRIME","E"
"2025-922674","2025 Dec 16 01:18:32 PM","67828355574","2025 Dec 11 11:00:00 PM","BELLTOWN","3446","PROPERTY CRIME","D"
"2025-922584","2025 Dec 15 01:49:04 PM","67816547166","2025 Dec 11 11:00:00 PM","UNIVERSITY","7215","PROPERTY CRIME","U"
"2025-363019","2025 Dec 12 01:18:04 AM","67773123089","2025 Dec 11 11:14:00 PM","CHINATOWN/INTERNATIONAL DISTRICT","3648","ALL OTHER","K"
"2025-363019","2025 Dec 12 01:18:04 AM","67773128248","2025 Dec 11 11:14:00 PM","CHINATOWN/INTERNATIONAL DISTRICT","3648","ALL OTHER","K"
"2025-922928","2025 Dec 19 12:56:30 PM","67871630292","2025 Dec 11 11:15:00 PM","CAPITOL HILL","3393","PROPERTY CRIME","E"
"2025-363025","2025 Dec 11 11:50:54 PM","67795869583","2025 Dec 11 11:28:00 PM","FIRST HILL","7512","ALL OTHER","G"
"2025-363025","2025 Dec 11 11:50:54 PM","67772696479","2025 Dec 11 11:28:00 PM","FIRST HILL","7512","PROPERTY CRIME","G"
"2025-363221","2025 Dec 12 01:21:26 PM","67781913214","2025 Dec 11 11:30:00 PM","EASTLAKE - WEST","4650","PROPERTY CRIME","D"
"2025-363221","2025 Dec 12 01:21:26 PM","67781901271","2025 Dec 11 11:30:00 PM","EASTLAKE - WEST","4650","PROPERTY CRIME","D"
"2025-363028","2025 Dec 12 02:50:40 AM","67773409258","2025 Dec 11 11:30:00 PM","FIRST HILL","REDACTED","VIOLENT CRIME","E"
"2025-363030","2025 Dec 12 12:57:00 AM","67773345116","2025 Dec 11 11:35:00 PM","NORTHGATE","2193","VIOLENT CRIME","N"
"2025-363030","2025 Dec 12 12:57:00 AM","67773436246","2025 Dec 11 11:35:00 PM","NORTHGATE","2193","ALL OTHER","N"
"2025-363890","2025 Dec 12 11:49:47 PM","67787203018","2025 Dec 11 11:50:00 PM","BALLARD SOUTH","REDACTED","ALL OTHER","B"
"2025-364430","2025 Dec 13 12:04:03 PM","67794319722","2025 Dec 12 12:00:00 AM","FREMONT","3208","PROPERTY CRIME","B"
"2025-365677","2025 Dec 14 05:36:09 PM","67850163699","2025 Dec 12 12:00:00 AM","GREENWOOD","2191","ALL OTHER","J"
"2024-337759","2025 Dec 12 05:31:54 PM","67783923159","2025 Dec 12 12:00:00 AM","DOWNTOWN COMMERCIAL","REDACTED","ALL OTHER","K"
"2025-363417","2025 Dec 12 11:20:41 AM","67780822570","2025 Dec 12 12:00:00 AM","JUDKINS PARK/NORTH BEACON HILL","1954","PROPERTY CRIME","G"
"2025-364482","2025 Dec 13 10:06:15 AM","67793656932","2025 Dec 12 12:00:00 AM","RAINIER BEACH","3957","PROPERTY CRIME","S"
"2025-368483","2025 Dec 17 08:57:07 AM","67837825812","2025 Dec 12 12:00:00 AM","CHINATOWN/INTERNATIONAL DISTRICT","3645","ALL OTHER","K"
"2026-900927","2026 Jan 13 08:04:56 AM","68160807925","2025 Dec 12 12:00:00 AM","MADRONA/LESCHI","1445","PROPERTY CRIME","G"
"2025-364065","2025 Dec 12 11:01:14 PM","67786630822","2025 Dec 12 12:00:00 AM","FIRST HILL","4216","ALL OTHER","E"
"2025-364065","2025 Dec 12 11:01:14 PM","67786866764","2025 Dec 12 12:00:00 AM","FIRST HILL","4216","ALL OTHER","E"
"2026-011027","2026 Jan 12 04:53:27 PM","68153647293","2025 Dec 12 12:00:00 AM","QUEEN ANNE","REDACTED","ALL OTHER","Q"
"2025-364580","2025 Dec 13 05:34:21 PM","67796184994","2025 Dec 12 12:00:00 AM","JUDKINS PARK/NORTH BEACON HILL","13024","PROPERTY CRIME","G"
"2025-363702","2025 Dec 12 05:10:02 PM","67783788036","2025 Dec 12 12:00:00 AM","LAKEWOOD/SEWARD PARK","4448","ALL OTHER","R"
"2026-900811","2026 Jan 11 10:18:53 AM","68132864820","2025 Dec 12 12:00:00 AM","UNIVERSITY","746","PROPERTY CRIME","U"
"2025-365577","2025 Dec 14 12:07:18 PM","67804808581","2025 Dec 12 12:00:00 AM","ALASKA JUNCTION","4745","PROPERTY CRIME","W"
"2026-900496","2026 Jan 07 08:09:04 AM","68085248679","2025 Dec 12 12:00:00 AM","FREMONT","6512","PROPERTY CRIME","B"
"2025-365677","2025 Dec 14 05:36:09 PM","67806485323","2025 Dec 12 12:00:00 AM","GREENWOOD","2191","PROPERTY CRIME","J"
"2025-922595","2025 Dec 15 01:54:15 PM","67816587298","2025 Dec 12 12:00:00 AM","BALLARD SOUTH","4697","PROPERTY CRIME","B"
"2025-363346","2025 Dec 12 09:45:54 AM","67794047441","2025 Dec 12 12:00:00 AM","BELLTOWN","12713","ALL OTHER","M"
"2024-281298","2025 Dec 12 04:09:07 PM","67783331091","2025 Dec 12 12:00:00 AM","UNKNOWN","REDACTED","ALL OTHER","99"
"2025-367553","2025 Dec 17 05:51:44 AM","67836072023","2025 Dec 12 12:01:00 AM","JUDKINS PARK/NORTH BEACON HILL","2608","PROPERTY CRIME","G"
"2025-922600","2025 Dec 15 01:56:29 PM","67816604650","2025 Dec 12 12:07:00 AM","NORTHGATE","10458","PROPERTY CRIME","N"
"2025-922580","2025 Dec 15 01:20:12 PM","67816304709","2025 Dec 12 12:19:00 AM","BALLARD NORTH","10836","PROPERTY CRIME","J"
"2025-363055","2025 Dec 12 04:03:56 AM","67775049771","2025 Dec 12 12:25:00 AM","SLU/CASCADE","10090","VIOLENT CRIME","D"
"2025-363060","2025 Dec 12 01:48:48 AM","67773214274","2025 Dec 12 12:35:00 AM","SLU/CASCADE","3929","ALL OTHER","D"
"2025-922724","2025 Dec 17 10:29:26 AM","67838646772","2025 Dec 12 12:49:00 AM","BALLARD SOUTH","5527","PROPERTY CRIME","B"
"2025-363067","2025 Dec 12 01:59:12 AM","67774206383","2025 Dec 12 12:51:00 AM","CAPITOL HILL","REDACTED","ALL OTHER","E"
"2025-363067","2025 Dec 12 01:59:12 AM","67774201355","2025 Dec 12 12:51:00 AM","CAPITOL HILL","REDACTED","ALL OTHER","E"
"2025-363067","2025 Dec 12 01:59:12 AM","67784919180","2025 Dec 12 12:51:00 AM","CAPITOL HILL","REDACTED","ALL OTHER","E"
"2025-923159","2025 Dec 24 10:11:41 AM","67923561768","2025 Dec 12 01:00:00 AM","ROOSEVELT/RAVENNA","8705","ALL OTHER","J"
"2025-922850","2025 Dec 18 10:46:46 AM","67852226529","2025 Dec 12 01:00:00 AM","MAGNOLIA","3483","PROPERTY CRIME","Q"
"2025-922582","2025 Dec 15 01:20:55 PM","67816310203","2025 Dec 12 01:00:00 AM","QUEEN ANNE","1322","PROPERTY CRIME","Q"
"2025-922708","2025 Dec 17 07:19:44 AM","67836673231","2025 Dec 12 01:00:00 AM","CENTRAL AREA/SQUIRE PARK","8573","PROPERTY CRIME","C"
"2025-922918","2025 Dec 19 10:54:55 AM","67869640395","2025 Dec 12 01:00:00 AM","UNKNOWN","99","ALL OTHER","99"
"2026-900831","2026 Jan 11 12:05:44 PM","68133438819","2025 Dec 12 01:15:00 AM","MAGNOLIA","2569","PROPERTY CRIME","Q"
"2025-363098","2025 Dec 12 03:10:44 AM","67774324064","2025 Dec 12 01:41:00 AM","BITTERLAKE","REDACTED","ALL OTHER","N"
"2025-363098","2025 Dec 12 03:10:44 AM","67774214338","2025 Dec 12 01:41:00 AM","BITTERLAKE","REDACTED","ALL OTHER","N"
"2025-363205","2025 Dec 12 07:01:48 AM","67778713829","2025 Dec 12 02:00:00 AM","MAGNOLIA","369","PROPERTY CRIME","Q"
"2025-363109","2025 Dec 12 03:21:18 AM","67774324085","2025 Dec 12 02:15:00 AM","CAPITOL HILL","3512","ALL OTHER","E"
"2025-363109","2025 Dec 12 03:21:18 AM","67774857907","2025 Dec 12 02:15:00 AM","CAPITOL HILL","3512","ALL OTHER","E"
"2025-363109","2025 Dec 12 03:21:18 AM","67784956014","2025 Dec 12 02:15:00 AM","CAPITOL HILL","3512","ALL OTHER","E"
"2025-363111","2025 Dec 12 06:09:31 AM","67778339183","2025 Dec 12 02:17:00 AM","NORTH DELRIDGE","12718","ALL OTHER","W"
"2025-363111","2025 Dec 12 06:09:31 AM","67778360220","2025 Dec 12 02:17:00 AM","NORTH DELRIDGE","12718","ALL OTHER","W"
"2025-923144","2025 Dec 24 09:16:13 AM","67923150806","2025 Dec 12 02:54:00 AM","MADRONA/LESCHI","5166","PROPERTY CRIME","G"
"2025-363131","2025 Dec 12 03:32:59 AM","67775039756","2025 Dec 12 03:04:00 AM","GEORGETOWN","13033","ALL OTHER","O"
"2025-363134","2025 Dec 12 03:29:38 AM","67774742668","2025 Dec 12 03:10:00 AM","FIRST HILL","6467","ALL OTHER","G"
"2025-363380","2025 Dec 12 10:44:56 AM","67780625386","2025 Dec 12 04:00:00 AM","UNIVERSITY","8131","PROPERTY CRIME","U"
"2025-363877","2025 Dec 12 09:29:09 PM","67785528127","2025 Dec 12 04:00:00 AM","SOUTH PARK","307","PROPERTY CRIME","F"
"2025-363769","2025 Dec 12 05:29:09 PM","67783895988","2025 Dec 12 04:00:00 AM","FIRST HILL","6962","ALL OTHER","E"
"2025-923105","2025 Dec 23 01:29:30 PM","67915572723","2025 Dec 12 04:00:00 AM","QUEEN ANNE","856","PROPERTY CRIME","D"
"2025-922931","2025 Dec 20 05:35:39 AM","67881566071","2025 Dec 12 04:00:00 AM","CAPITOL HILL","4213","ALL OTHER","E"
"2025-363877","2025 Dec 12 09:29:09 PM","67785508826","2025 Dec 12 04:00:00 AM","SOUTH PARK","307","ALL OTHER","F"
"2025-370439","2025 Dec 19 06:23:06 AM","67865287380","2025 Dec 12 04:12:00 AM","ROOSEVELT/RAVENNA","1915","PROPERTY CRIME","J"
"2025-363155","2025 Dec 12 09:15:08 AM","67779905094","2025 Dec 12 04:30:00 AM","ROXHILL/WESTWOOD/ARBOR HEIGHTS","5933","ALL OTHER","F"
"2025-922810","2025 Dec 18 08:30:26 AM","67849979784","2025 Dec 12 05:00:00 AM","GREENWOOD","2829","PROPERTY CRIME","J"
"2025-923025","2025 Dec 23 09:46:52 AM","67913579068","2025 Dec 12 05:00:00 AM","MADRONA/LESCHI","4965","PROPERTY CRIME","C"
"2025-363177","2025 Dec 12 06:08:35 AM","67778343684","2025 Dec 12 05:24:00 AM","SLU/CASCADE","12993","ALL OTHER","M"
"2025-363166","2025 Dec 12 06:37:04 AM","67778643809","2025 Dec 12 05:24:00 AM","BELLTOWN","12713","ALL OTHER","M"
"2025-363166","2025 Dec 12 06:37:04 AM","67778515520","2025 Dec 12 05:24:00 AM","BELLTOWN","12713","ALL OTHER","M"
"2025-363346","2025 Dec 12 09:45:54 AM","67780242263","2025 Dec 12 05:24:00 AM","BELLTOWN","12713","ALL OTHER","M"
"2025-363169","2025 Dec 12 06:48:19 AM","67778590207","2025 Dec 12 05:26:00 AM","CLAREMONT/RAINIER VISTA","REDACTED","ALL OTHER","R"
"2025-922658","2025 Dec 16 11:01:23 AM","67826941531","2025 Dec 12 05:57:00 AM","PHINNEY RIDGE","3050","PROPERTY CRIME","J"
"2025-363875","2025 Dec 12 07:39:15 PM","67784763287","2025 Dec 12 06:00:00 AM","MAGNOLIA","10532","PROPERTY CRIME","Q"
"2025-922837","2025 Dec 18 09:22:35 AM","67850753038","2025 Dec 12 06:00:00 AM","FREMONT","5113","PROPERTY CRIME","B"
"2025-363201","2025 Dec 12 09:14:37 AM","67779865285","2025 Dec 12 06:41:00 AM","GREENWOOD","REDACTED","ALL OTHER","J"
"2025-923340","2025 Dec 28 11:28:37 AM","67966317689","2025 Dec 12 07:00:00 AM","MORGAN","2185","PROPERTY CRIME","W"
"2025-363246","2025 Dec 12 11:45:49 AM","67781063118","2025 Dec 12 07:56:00 AM","CHINATOWN/INTERNATIONAL DISTRICT","6358","VIOLENT CRIME","K"
"2025-922856","2025 Dec 18 10:50:39 AM","67852263545","2025 Dec 12 08:10:00 AM","SLU/CASCADE","2353","PROPERTY CRIME","D"
"2025-922740","2025 Dec 17 12:27:55 PM","67839733587","2025 Dec 12 08:30:00 AM","ROOSEVELT/RAVENNA","8229","PROPERTY CRIME","L"
"2025-923453","2025 Dec 29 09:42:27 AM","67973641470","2025 Dec 12 08:30:00 AM","SODO","7062","ALL OTHER","O"
"2025-369923","2025 Dec 18 03:39:27 PM","67856229316","2025 Dec 12 08:37:00 AM","DOWNTOWN COMMERCIAL","12995","ALL OTHER","M"
"2025-363290","2025 Dec 12 09:02:41 AM","67780823197","2025 Dec 12 08:37:00 AM","BALLARD SOUTH","REDACTED","ALL OTHER","B"
"2025-363294","2025 Dec 12 09:11:06 AM","67779741138","2025 Dec 12 08:45:00 AM","SANDPOINT","10924","ALL OTHER","U"
"2025-363286","2025 Dec 12 10:18:31 AM","67780311203","2025 Dec 12 08:56:00 AM","DOWNTOWN COMMERCIAL","1017","ALL OTHER","K"
"2025-923256","2025 Dec 28 10:14:03 AM","67965951929","2025 Dec 12 09:00:00 AM","UNIVERSITY","11155","PROPERTY CRIME","U"
"2026-008149","2026 Jan 09 02:17:45 PM","68114589134","2025 Dec 12 09:00:00 AM","ROXHILL/WESTWOOD/ARBOR HEIGHTS","5716","PROPERTY CRIME","F"
"2025-363315","2025 Dec 12 09:37:23 AM","67779972800","2025 Dec 12 09:10:00 AM","MILLER PARK","3988","PROPERTY CRIME","C"
"2025-363318","2025 Dec 12 12:06:01 PM","67781467335","2025 Dec 12 09:12:00 AM","MAGNOLIA","11197","ALL OTHER","Q"
"2025-363342","2025 Dec 12 11:17:01 AM","67781797652","2025 Dec 12 09:42:00 AM","DOWNTOWN COMMERCIAL","REDACTED","ALL OTHER","M"
"2025-363356","2025 Dec 12 12:35:03 PM","67781465916","2025 Dec 12 09:50:00 AM","FIRST HILL","11192","ALL OTHER","E"
"2025-922929","2025 Dec 19 12:57:10 PM","67871635373","2025 Dec 12 09:55:00 AM","MADRONA/LESCHI","7844","PROPERTY CRIME","G"
"2025-371120","2025 Dec 19 09:22:05 PM","67875821271","2025 Dec 12 10:00:00 AM","DOWNTOWN COMMERCIAL","12601","PROPERTY CRIME","M"
"2026-900837","2026 Jan 11 12:11:52 PM","68133470637","2025 Dec 12 10:00:00 AM","UNIVERSITY","751","PROPERTY CRIME","U"
"2025-363442","2025 Dec 12 11:42:28 AM","67780995887","2025 Dec 12 10:20:00 AM","LAKECITY","232","ALL OTHER","L"
"2025-922606","2025 Dec 16 07:10:43 AM","67824210135","2025 Dec 12 10:51:00 AM","UNIVERSITY","1103","ALL OTHER","U"
"2025-363410","2025 Dec 12 05:42:57 PM","67783990287","2025 Dec 12 10:53:00 AM","WALLINGFORD","11402","ALL OTHER","B"
"2025-363409","2025 Dec 12 03:21:51 PM","67782941278","2025 Dec 12 11:00:00 AM","ROXHILL/WESTWOOD/ARBOR HEIGHTS","12638","PROPERTY CRIME","W"
"2025-700615","2025 Dec 23 12:03:59 PM","67914777634","2025 Dec 12 11:00:00 AM","CAPITOL HILL","3394","PROPERTY CRIME","E"
"2025-922824","2025 Dec 18 08:40:19 AM","67850066204","2025 Dec 12 11:27:00 AM","PIONEER SQUARE","8793","ALL OTHER","K"
"2025-922626","2025 Dec 16 08:54:07 AM","67825541794","2025 Dec 12 11:30:00 AM","UNIVERSITY","11002","PROPERTY CRIME","U"
"2025-363473","2025 Dec 12 05:40:16 PM","67783953652","2025 Dec 12 11:30:00 AM","JUDKINS PARK/NORTH BEACON HILL","REDACTED","ALL OTHER","G"
"2025-363560","2025 Dec 12 03:44:33 PM","67783116157","2025 Dec 12 11:34:00 AM","WALLINGFORD","12822","PROPERTY CRIME","B"
"2025-363457","2025 Dec 12 01:04:25 PM","67781839629","2025 Dec 12 11:45:00 AM","SODO","2586","ALL OTHER","O"
"2025-363457","2025 Dec 12 01:04:25 PM","67781797329","2025 Dec 12 11:45:00 AM","SODO","2586","ALL OTHER","O"
"2025-365783","2025 Dec 14 06:33:15 PM","67806686999","2025 Dec 12 12:00:00 PM","QUEEN ANNE","4651","PROPERTY CRIME","Q"
"2025-922614","2025 Dec 16 08:19:20 AM","67825006265","2025 Dec 12 12:00:00 PM","QUEEN ANNE","1029","PROPERTY CRIME","Q"
"2025-369042","2025 Dec 17 11:37:13 PM","67845034872","2025 Dec 12 12:00:00 PM","ROXHILL/WESTWOOD/ARBOR HEIGHTS","REDACTED","ALL OTHER","W"
"2025-363478","2025 Dec 12 05:49:35 PM","67784019059","2025 Dec 12 12:00:00 PM","NORTH BEACON HILL","1815","ALL OTHER","R"
"2025-363471","2025 Dec 12 02:24:54 PM","67783052407","2025 Dec 12 12:04:00 PM","BELLTOWN","8889","ALL OTHER","D"
"2026-900114","2026 Jan 03 09:35:19 AM","68032857303","2025 Dec 12 12:07:00 PM","ROOSEVELT/RAVENNA","2558","PROPERTY CRIME","U"
"2025-363487","2025 Dec 12 04:29:29 PM","67783644201","2025 Dec 12 12:22:00 PM","DOWNTOWN COMMERCIAL","10336","PROPERTY CRIME","K"
"2025-363487","2025 Dec 12 04:29:29 PM","67783471541","2025 Dec 12 12:22:00 PM","FIRST HILL","11192","ALL OTHER","E"
"2025-363500","2025 Dec 12 01:11:42 PM","67781802363","2025 Dec 12 12:35:00 PM","CAPITOL HILL","3396","ALL OTHER","E"
"2025-363509","2025 Dec 12 06:30:53 PM","67784335311","2025 Dec 12 12:38:00 PM","SODO","1472","PROPERTY CRIME","O"
"2025-363518","2025 Dec 12 03:38:20 PM","67783086091","2025 Dec 12 12:55:00 PM","RAINIER VIEW","585","ALL OTHER","S"
"2025-363525","2025 Dec 12 01:23:49 PM","67781883503","2025 Dec 12 12:59:00 PM","ROOSEVELT/RAVENNA","8000","ALL OTHER","J"
"2025-922629","2025 Dec 16 10:22:56 AM","67826564908","2025 Dec 12 01:00:00 PM","JUDKINS PARK/NORTH BEACON HILL","12330","PROPERTY CRIME","G"
"2025-922631","2025 Dec 16 10:23:43 AM","67826570654","2025 Dec 12 01:00:00 PM","FIRST HILL","4215","PROPERTY CRIME","E"
"2025-363538","2025 Dec 12 03:18:52 PM","67782969111","2025 Dec 12 01:06:00 PM","CHINATOWN/INTERNATIONAL DISTRICT","1498","ALL OTHER","K"
"2025-922868","2025 Dec 18 10:56:02 AM","67852398169","2025 Dec 12 01:08:00 PM","SLU/CASCADE","4497","PROPERTY CRIME","D"
"2025-363601","2025 Dec 12 04:17:44 PM","67783401711","2025 Dec 12 01:20:00 PM","LAKECITY","12286","PROPERTY CRIME","L"
"2025-363597","2025 Dec 12 03:39:23 PM","67783238899","2025 Dec 12 01:55:00 PM","SLU/CASCADE","6019","PROPERTY CRIME","D"
"2025-922617","2025 Dec 16 08:24:29 AM","67825050529","2025 Dec 12 02:00:00 PM","FIRST HILL","817","PROPERTY CRIME","E"
"2025-922885","2025 Dec 19 07:59:35 AM","67866455302","2025 Dec 12 02:05:00 PM","UNIVERSITY","8380","PROPERTY CRIME","U"
"2025-922726","2025 Dec 17 10:31:24 AM","67838662658","2025 Dec 12 02:06:00 PM","CENTRAL AREA/SQUIRE PARK","5347","ALL OTHER","C"
"2025-922616","2025 Dec 16 08:23:57 AM","67825046622","2025 Dec 12 02:07:00 PM","MOUNT BAKER","6728","PROPERTY CRIME","R"
"2025-363621","2025 Dec 12 03:30:44 PM","67783014238","2025 Dec 12 02:27:00 PM","FIRST HILL","4043","ALL OTHER","G"
"2025-922633","2025 Dec 16 10:25:56 AM","67826588044","2025 Dec 12 02:30:00 PM","DOWNTOWN COMMERCIAL","2648","PROPERTY CRIME","K"
"2025-922619","2025 Dec 16 08:25:20 AM","67825057151","2025 Dec 12 02:52:00 PM","BALLARD SOUTH","7041","PROPERTY CRIME","B"
"2025-364744","2025 Dec 13 03:16:45 PM","67795405345","2025 Dec 12 03:00:00 PM","WALLINGFORD","2695","PROPERTY CRIME","B"
"2025-364705","2025 Dec 13 05:00:27 PM","67796004249","2025 Dec 12 03:15:00 PM","DOWNTOWN COMMERCIAL","865","ALL OTHER","M"
"2025-368206","2025 Dec 17 08:15:12 AM","67837498286","2025 Dec 12 03:15:00 PM","DOWNTOWN COMMERCIAL","REDACTED","ALL OTHER","M"
"2025-363700","2025 Dec 12 04:28:31 PM","67783525129","2025 Dec 12 03:33:00 PM","CAPITOL HILL","670","ALL OTHER","E"
"2025-363700","2025 Dec 12 04:28:31 PM","67783479498","2025 Dec 12 03:33:00 PM","CAPITOL HILL","670","ALL OTHER","E"
"2025-363706","2025 Dec 12 04:27:13 PM","67783707429","2025 Dec 12 03:38:00 PM","MILLER PARK","REDACTED","ALL OTHER","C"
"2025-363706","2025 Dec 12 04:27:13 PM","67783634564","2025 Dec 12 03:38:00 PM","MILLER PARK","REDACTED","ALL OTHER","C"
"2025-363706","2025 Dec 12 04:27:13 PM","67783662574","2025 Dec 12 03:38:00 PM","MILLER PARK","REDACTED","ALL OTHER","C"
"2025-923079","2025 Dec 23 12:29:29 PM","67914976751","2025 Dec 12 03:45:00 PM","SLU/CASCADE","12493","PROPERTY CRIME","Q"
"2025-363723","2025 Dec 12 04:58:21 PM","67784329813","2025 Dec 12 03:45:00 PM","UNIVERSITY","REDACTED","ALL OTHER","U"
"2025-363723","2025 Dec 12 04:58:21 PM","67784193478","2025 Dec 12 03:45:00 PM","UNIVERSITY","REDACTED","ALL OTHER","U"
"2025-923116","2025 Dec 24 08:00:53 AM","67922604736","2025 Dec 12 04:00:00 PM","DOWNTOWN COMMERCIAL","3705","PROPERTY CRIME","M"
"2025-364949","2025 Dec 13 07:37:19 PM","67796913021","2025 Dec 12 04:00:00 PM","ROOSEVELT/RAVENNA","3477","PROPERTY CRIME","L"
"2025-363741","2025 Dec 12 06:58:33 PM","67784546607","2025 Dec 12 04:04:00 PM","NORTHGATE","REDACTED","VIOLENT CRIME","N"
"2025-363842","2025 Dec 12 07:28:52 PM","67784786238","2025 Dec 12 04:50:00 PM","CAPITOL HILL","6954","PROPERTY CRIME","E"
"2025-922769","2025 Dec 17 12:54:38 PM","67839983981","2025 Dec 12 05:00:00 PM","BITTERLAKE","2621","PROPERTY CRIME","N"
"2026-003418","2026 Jan 04 09:05:00 PM","68049944935","2025 Dec 12 05:00:00 PM","SLU/CASCADE","716","VIOLENT CRIME","D"
"2025-922943","2025 Dec 23 07:16:09 AM","67912412300","2025 Dec 12 05:00:00 PM","CENTRAL AREA/SQUIRE PARK","12237","PROPERTY CRIME","C"
"2025-364610","2025 Dec 13 12:42:56 PM","67794491529","2025 Dec 12 05:00:00 PM","MAGNOLIA","11151","PROPERTY CRIME","Q"
"2025-364454","2025 Dec 13 10:11:53 AM","67793687074","2025 Dec 12 05:00:00 PM","MADRONA/LESCHI","6735","PROPERTY CRIME","G"
"2025-922812","2025 Dec 18 08:31:46 AM","67849990490","2025 Dec 12 05:45:00 PM","SLU/CASCADE","12785","PROPERTY CRIME","D"
"2025-363826","2025 Dec 12 07:46:44 PM","67784916893","2025 Dec 12 05:59:00 PM","DOWNTOWN COMMERCIAL","REDACTED","ALL OTHER","M"
"2025-363826","2025 Dec 12 07:46:44 PM","67784843173","2025 Dec 12 05:59:00 PM","DOWNTOWN COMMERCIAL","REDACTED","PROPERTY CRIME","M"
"2025-363826","2025 Dec 12 07:46:44 PM","67784869910","2025 Dec 12 05:59:00 PM","DOWNTOWN COMMERCIAL","REDACTED","ALL OTHER","M"
"2025-363826","2025 Dec 12 07:46:44 PM","67784891776","2025 Dec 12 05:59:00 PM","DOWNTOWN COMMERCIAL","REDACTED","ALL OTHER","M"
"2025-369217","2025 Dec 17 10:12:21 PM","67843832962","2025 Dec 12 06:00:00 PM","SANDPOINT","3680","PROPERTY CRIME","L"
"2025-367021","2025 Dec 15 06:41:34 PM","67818636137","2025 Dec 12 06:00:00 PM","SANDPOINT","1785","PROPERTY CRIME","U"
"2025-364345","2025 Dec 13 07:05:07 AM","67792806483","2025 Dec 12 06:00:00 PM","NORTHGATE","523","ALL OTHER","L"
"2025-922718","2025 Dec 17 07:23:29 AM","67836700579","2025 Dec 12 06:00:00 PM","NORTHGATE","4588","PROPERTY CRIME","L"
"2026-900031","2026 Jan 02 10:44:52 AM","68019474403","2025 Dec 12 06:00:00 PM","CAPITOL HILL","13064","ALL OTHER","E"
"2025-922638","2025 Dec 16 10:30:17 AM","67826622683","2025 Dec 12 06:00:00 PM","DOWNTOWN COMMERCIAL","2644","ALL OTHER","M"
"2025-922696","2025 Dec 16 01:56:03 PM","67828699719","2025 Dec 12 06:00:00 PM","CAPITOL HILL","6222","PROPERTY CRIME","E"
"2025-363835","2025 Dec 12 06:29:17 PM","67784287867","2025 Dec 12 06:08:00 PM","CHINATOWN/INTERNATIONAL DISTRICT","170","ALL OTHER","K"
"2025-363838","2025 Dec 12 07:57:30 PM","67784862741","2025 Dec 12 06:12:00 PM","CHINATOWN/INTERNATIONAL DISTRICT","4115","ALL OTHER","K"
"2025-363848","2025 Dec 12 08:36:29 PM","67785384596","2025 Dec 12 06:28:00 PM","BITTERLAKE","REDACTED","ALL OTHER","N"
"2025-363848","2025 Dec 12 08:36:29 PM","67785350908","2025 Dec 12 06:28:00 PM","BITTERLAKE","REDACTED","ALL OTHER","N"
"2025-364469","2025 Dec 13 01:52:24 PM","67794973464","2025 Dec 12 06:30:00 PM","CENTRAL AREA/SQUIRE PARK","5160","PROPERTY CRIME","C"
"2025-364208","2025 Dec 13 01:50:27 AM","67787952274","2025 Dec 12 06:45:00 PM","QUEEN ANNE","REDACTED","ALL OTHER","Q"
"2025-364951","2025 Dec 13 11:47:11 PM","67799313677","2025 Dec 12 07:01:00 PM","COLUMBIA CITY","8050","ALL OTHER","R"
"2025-363878","2025 Dec 13 03:28:57 AM","67789613947","2025 Dec 12 07:01:00 PM","MADRONA/LESCHI","REDACTED","ALL OTHER","C"
"2025-922641","2025 Dec 16 10:31:31 AM","67826635558","2025 Dec 12 07:10:00 PM","SODO","4009","PROPERTY CRIME","O"
"2026-900027","2026 Jan 02 10:39:28 AM","68019429622","2025 Dec 12 07:15:00 PM","NORTHGATE","6743","PROPERTY CRIME","L"
"2025-363885","2025 Dec 12 08:14:09 PM","67785046392","2025 Dec 12 07:21:00 PM","QUEEN ANNE","REDACTED","ALL OTHER","Q"
"2025-363885","2025 Dec 12 08:14:09 PM","67785023610","2025 Dec 12 07:21:00 PM","QUEEN ANNE","REDACTED","ALL OTHER","Q"
"2025-363917","2025 Dec 12 09:26:26 PM","67785416126","2025 Dec 12 07:30:00 PM","ROOSEVELT/RAVENNA","2565","PROPERTY CRIME","U"
"2026-900227","2026 Jan 04 07:58:42 AM","68045217288","2025 Dec 12 07:43:00 PM","WALLINGFORD","8755","PROPERTY CRIME","B"
"2025-366699","2025 Dec 15 04:09:11 PM","67817627032","2025 Dec 12 07:50:00 PM","DOWNTOWN COMMERCIAL","10909","ALL OTHER","M"
"2025-922827","2025 Dec 18 08:46:16 AM","67850110183","2025 Dec 12 08:00:00 PM","EASTLAKE - WEST","10026","PROPERTY CRIME","D"
"2025-922714","2025 Dec 17 07:22:08 AM","67836690870","2025 Dec 12 08:00:00 PM","PIONEER SQUARE","7129","PROPERTY CRIME","K"
"2025-922754","2025 Dec 17 12:37:36 PM","67839821021","2025 Dec 12 08:00:00 PM","NORTH ADMIRAL","11477","PROPERTY CRIME","W"
"2025-922643","2025 Dec 16 10:33:59 AM","67826658264","2025 Dec 12 08:00:00 PM","PIONEER SQUARE","3884","PROPERTY CRIME","K"
"2025-364951","2025 Dec 13 11:47:11 PM","67799394295","2025 Dec 12 08:03:00 PM","COLUMBIA CITY","8050","ALL OTHER","R"
"2025-366475","2025 Dec 15 01:20:08 PM","67816322226","2025 Dec 12 08:15:00 PM","LAKECITY","5659","PROPERTY CRIME","L"
"2025-364455","2025 Dec 13 10:59:48 AM","67793921858","2025 Dec 12 08:20:00 PM","LAKECITY","1874","PROPERTY CRIME","L"
"2025-364017","2025 Dec 13 01:22:16 AM","67787848260","2025 Dec 12 08:30:00 PM","FIRST HILL","13069","ALL OTHER","E"
"2025-363951","2025 Dec 13 12:51:10 AM","67787822405","2025 Dec 12 08:35:00 PM","GENESEE","4893","PROPERTY CRIME","R"
"2025-363960","2025 Dec 12 09:27:43 PM","67785435415","2025 Dec 12 08:40:00 PM","FIRST HILL","6961","PROPERTY CRIME","E"
"2025-363974","2025 Dec 13 12:26:15 AM","67787463193","2025 Dec 12 08:57:00 PM","DOWNTOWN COMMERCIAL","REDACTED","ALL OTHER","M"
"2025-923306","2025 Dec 28 11:11:45 AM","67966233934","2025 Dec 12 08:59:00 PM","MAGNOLIA","4789","PROPERTY CRIME","Q"
"2025-922952","2025 Dec 23 07:20:33 AM","67912441199","2025 Dec 12 09:00:00 PM","BALLARD SOUTH","11028","ALL OTHER","B"
"2025-922711","2025 Dec 17 07:21:01 AM","67836681269","2025 Dec 12 09:00:00 PM","ALASKA JUNCTION","13095","PROPERTY CRIME","W"
"2025-922706","2025 Dec 17 07:15:47 AM","67836647032","2025 Dec 12 09:00:00 PM","DOWNTOWN COMMERCIAL","8529","PROPERTY CRIME","M"
"2025-364144","2025 Dec 13 02:06:03 AM","67788038817","2025 Dec 12 09:00:00 PM","UNIVERSITY","10598","PROPERTY CRIME","U"
"2025-363988","2025 Dec 12 09:45:52 PM","67785539931","2025 Dec 12 09:07:00 PM","ROXHILL/WESTWOOD/ARBOR HEIGHTS","8896","ALL OTHER","F"
"2025-363988","2025 Dec 12 09:45:52 PM","67785530536","2025 Dec 12 09:07:00 PM","ROXHILL/WESTWOOD/ARBOR HEIGHTS","8896","ALL OTHER","F"
"2025-363991","2025 Dec 13 12:23:01 AM","67787464037","2025 Dec 12 09:11:00 PM","UNKNOWN","99","ALL OTHER","99"
"2025-363993","2025 Dec 13 03:47:29 AM","67789682891","2025 Dec 12 09:13:00 PM","DOWNTOWN COMMERCIAL","1022","ALL OTHER","K"
"2025-922664","2025 Dec 16 12:37:21 PM","67827900888","2025 Dec 12 09:30:00 PM","FREMONT","10232","PROPERTY CRIME","B"
"2025-922666","2025 Dec 16 12:38:42 PM","67827912566","2025 Dec 12 09:30:00 PM","UNIVERSITY","3621","PROPERTY CRIME","U"
"2025-922663","2025 Dec 16 11:03:19 AM","67826964220","2025 Dec 12 09:30:00 PM","ROOSEVELT/RAVENNA","5239","PROPERTY CRIME","U"
"2025-364025","2025 Dec 13 03:55:25 AM","67789785117","2025 Dec 12 09:34:00 PM","CHINATOWN/INTERNATIONAL DISTRICT","3468","ALL OTHER","K"
"2025-700612","2025 Dec 17 02:06:34 PM","67840634995","2025 Dec 12 09:40:00 PM","BITTERLAKE","12160","PROPERTY CRIME","N"
"2025-922677","2025 Dec 16 01:19:57 PM","67828368708","2025 Dec 12 09:50:00 PM","SODO","813","PROPERTY CRIME","O"
"2025-364704","2025 Dec 13 04:36:37 PM","67795844776","2025 Dec 12 10:00:00 PM","GREENWOOD","2200","ALL OTHER","J"
"2025-922707","2025 Dec 17 07:16:28 AM","67836652597","2025 Dec 12 10:00:00 PM","ALASKA JUNCTION","10472","PROPERTY CRIME","W"
"2026-900098","2026 Jan 03 08:12:39 AM","68032423783","2025 Dec 12 10:00:00 PM","GEORGETOWN","7107","PROPERTY CRIME","O"
"2025-364419","2025 Dec 13 09:43:50 AM","67793549167","2025 Dec 12 10:00:00 PM","SANDPOINT","3603","PROPERTY CRIME","U"
"2025-922644","2025 Dec 16 10:34:44 AM","67826665409","2025 Dec 12 10:00:00 PM","PIONEER SQUARE","3884","PROPERTY CRIME","K"
"2025-922713","2025 Dec 17 07:21:49 AM","67836688592","2025 Dec 12 10:00:00 PM","CAPITOL HILL","6225","PROPERTY CRIME","E"
"2025-923360","2025 Dec 28 12:58:56 PM","67966763277","2025 Dec 12 10:00:00 PM","CAPITOL HILL","673","PROPERTY CRIME","E"
"2025-922703","2025 Dec 17 07:14:01 AM","67836635304","2025 Dec 12 10:00:00 PM","SANDPOINT","1375","PROPERTY CRIME","U"
"2025-922763","2025 Dec 17 12:51:18 PM","67839950235","2025 Dec 12 10:00:00 PM","DOWNTOWN COMMERCIAL","10332","PROPERTY CRIME","K"
"2025-922760","2025 Dec 17 12:48:36 PM","67839924186","2025 Dec 12 10:00:00 PM","DOWNTOWN COMMERCIAL","10331","PROPERTY CRIME","K"
"2025-364053","2025 Dec 12 11:02:11 PM","67787036201","2025 Dec 12 10:01:00 PM","DOWNTOWN COMMERCIAL","REDACTED","ALL OTHER","K"
"2025-364053","2025 Dec 12 11:02:11 PM","67787008087","2025 Dec 12 10:01:00 PM","DOWNTOWN COMMERCIAL","REDACTED","ALL OTHER","K"
"2025-923188","2025 Dec 24 12:18:02 PM","67924344539","2025 Dec 12 10:10:00 PM","QUEEN ANNE","11122","PROPERTY CRIME","Q"
"2025-364065","2025 Dec 12 11:01:14 PM","67786426157","2025 Dec 12 10:16:00 PM","FIRST HILL","4216","ALL OTHER","E"
"2025-364071","2025 Dec 13 12:11:21 AM","67787431832","2025 Dec 12 10:19:00 PM","CAPITOL HILL","356","ALL OTHER","E"
"2025-364072","2025 Dec 13 12:05:40 AM","67787406442","2025 Dec 12 10:21:00 PM","PIONEER SQUARE","10828","ALL OTHER","K"
"2025-364072","2025 Dec 13 12:05:40 AM","67787401041","2025 Dec 12 10:21:00 PM","PIONEER SQUARE","10828","ALL OTHER","K"
"2025-364072","2025 Dec 13 12:05:40 AM","67787408920","2025 Dec 12 10:21:00 PM","PIONEER SQUARE","10828","ALL OTHER","K"
"2025-364076","2025 Dec 13 03:41:52 AM","67789680958","2025 Dec 12 10:27:00 PM","NORTH DELRIDGE","10637","ALL OTHER","W"
"2025-364076","2025 Dec 13 03:41:52 AM","67789684769","2025 Dec 12 10:27:00 PM","NORTH DELRIDGE","10637","ALL OTHER","W"
"2025-364984","2025 Dec 13 09:00:29 PM","67797359174","2025 Dec 12 10:30:00 PM","CENTRAL AREA/SQUIRE PARK","REDACTED","PROPERTY CRIME","G"
"2025-923390","2025 Dec 28 01:15:43 PM","67966852246","2025 Dec 12 10:58:00 PM","CAPITOL HILL","7223","PROPERTY CRIME","C"
"2025-379246","2025 Dec 29 04:41:54 PM","67977030976","2025 Dec 12 11:00:00 PM","FREMONT","5200","ALL OTHER","B"
"2025-364408","2025 Dec 13 08:39:47 AM","67793239993","2025 Dec 12 11:00:00 PM","LAKECITY","12097","ALL OTHER","L"
"2025-922875","2025 Dec 18 10:59:54 AM","67852509319","2025 Dec 12 11:00:00 PM","DOWNTOWN COMMERCIAL","6613","PROPERTY CRIME","K"
"2025-922686","2025 Dec 16 01:46:31 PM","67828607339","2025 Dec 12 11:00:00 PM","ROOSEVELT/RAVENNA","10872","PROPERTY CRIME","U"
"2025-923319","2025 Dec 28 11:18:20 AM","67966264882","2025 Dec 12 11:00:00 PM","BALLARD SOUTH","7485","PROPERTY CRIME","B"
"2025-364115","2025 Dec 13 12:16:45 AM","67787425210","2025 Dec 12 11:14:00 PM","DOWNTOWN COMMERCIAL","REDACTED","ALL OTHER","M"
"2025-364117","2025 Dec 13 03:27:22 AM","67789567745","2025 Dec 12 11:17:00 PM","NORTH BEACON HILL","6590","ALL OTHER","R"
"2025-364134","2025 Dec 13 12:42:31 AM","67787539635","2025 Dec 12 11:38:00 PM","DOWNTOWN COMMERCIAL","REDACTED","VIOLENT CRIME","M"
"2025-922781","2025 Dec 17 12:59:50 PM","67840030737","2025 Dec 12 11:55:00 PM","EASTLAKE - WEST","1135","PROPERTY CRIME","D"
"2025-922687","2025 Dec 16 01:46:55 PM","67828610330","2025 Dec 12 11:59:00 PM","MADRONA/LESCHI","12248","PROPERTY CRIME","G"
"2025-922840","2025 Dec 18 10:19:07 AM","67851689241","2025 Dec 12 11:59:00 PM","FREMONT","6068","PROPERTY CRIME","B"
"2025-367108","2025 Dec 15 08:45:01 PM","67819284315","2025 Dec 12 11:59:00 PM","SANDPOINT","8704","PROPERTY CRIME","U"
"2025-365462","2025 Dec 14 10:03:34 AM","67804225923","2025 Dec 13 12:00:00 AM","ROXHILL/WESTWOOD/ARBOR HEIGHTS","8974","ALL OTHER","F"
"2025-365940","2025 Dec 15 10:51:10 AM","67814957479","2025 Dec 13 12:00:00 AM","SLU/CASCADE","3937","ALL OTHER","D"
"2025-367617","2025 Dec 16 12:24:58 PM","67827799599","2025 Dec 13 12:00:00 AM","CENTRAL AREA/SQUIRE PARK","3177","ALL OTHER","C"
"2025-366884","2025 Dec 15 06:32:07 PM","67818898428","2025 Dec 13 12:00:00 AM","LAKECITY","6203","PROPERTY CRIME","L"
"2025-364440","2025 Dec 13 10:49:52 AM","67794120743","2025 Dec 13 12:00:00 AM","CHINATOWN/INTERNATIONAL DISTRICT","12043","PROPERTY CRIME","K"
"2025-366884","2025 Dec 15 06:32:07 PM","67818984631","2025 Dec 13 12:00:00 AM","LAKECITY","6203","ALL OTHER","L"
"2025-364646","2025 Dec 13 03:15:06 PM","67795434346","2025 Dec 13 12:00:00 AM","NORTHGATE","REDACTED","ALL OTHER","N"
"2025-371660","2025 Dec 20 11:39:27 AM","67883228467","2025 Dec 13 12:00:00 AM","UNIVERSITY","5882","PROPERTY CRIME","U"
"2025-371753","2025 Dec 20 05:53:52 PM","67885324209","2025 Dec 13 12:00:00 AM","BITTERLAKE","REDACTED","ALL OTHER","N"
"2025-380034","2025 Dec 30 02:29:13 AM","67980432903","2025 Dec 13 12:00:00 AM","SANDPOINT","12961","PROPERTY CRIME","L"
"2025-364607","2025 Dec 13 12:48:02 PM","67794559654","2025 Dec 13 12:00:00 AM","CAPITOL HILL","6227","PROPERTY CRIME","E"
"2025-365022","2025 Dec 13 11:30:25 PM","67799003600","2025 Dec 13 12:00:00 AM","LAKEWOOD/SEWARD PARK","8093","ALL OTHER","R"
"2025-364406","2025 Dec 13 08:32:57 AM","67793201993","2025 Dec 13 12:00:00 AM","QUEEN ANNE","4548","PROPERTY CRIME","Q"
"2025-366926","2025 Dec 15 04:50:08 PM","67817898449","2025 Dec 13 12:00:00 AM","NORTHGATE","12039","PROPERTY CRIME","L"
"2025-365501","2025 Dec 14 04:10:44 PM","67806598230","2025 Dec 13 12:00:00 AM","CHINATOWN/INTERNATIONAL DISTRICT","REDACTED","ALL OTHER","K"
"2025-364406","2025 Dec 13 08:32:57 AM","67793208914","2025 Dec 13 12:00:00 AM","QUEEN ANNE","4548","ALL OTHER","Q"
"2025-368693","2025 Dec 17 11:46:23 AM","67839393041","2025 Dec 13 12:00:00 AM","BALLARD SOUTH","8711","ALL OTHER","B"
"2025-922720","2025 Dec 17 09:30:36 AM","67838124548","2025 Dec 13 12:00:00 AM","BELLTOWN","2703","PROPERTY CRIME","D"
"2025-922838","2025 Dec 18 09:28:59 AM","67850866173","2025 Dec 13 12:00:00 AM","BALLARD SOUTH","10116","PROPERTY CRIME","B"
"2025-365721","2025 Dec 14 03:26:59 PM","67805937831","2025 Dec 13 12:00:00 AM","BALLARD SOUTH","8097","PROPERTY CRIME","B"
"2025-364440","2025 Dec 13 10:49:52 AM","67794024301","2025 Dec 13 12:00:00 AM","CHINATOWN/INTERNATIONAL DISTRICT","6358","ALL OTHER","K"
"2025-364440","2025 Dec 13 10:49:52 AM","67794034007","2025 Dec 13 12:00:00 AM","CHINATOWN/INTERNATIONAL DISTRICT","12043","ALL OTHER","K"
"2025-923014","2025 Dec 23 09:37:02 AM","67913509796","2025 Dec 13 12:00:00 AM","SANDPOINT","3731","PROPERTY CRIME","U"
"2025-923201","2025 Dec 24 01:49:43 PM","67924883187","2025 Dec 13 12:00:00 AM","BRIGHTON/DUNLAP","13104","ALL OTHER","S"
"2025-364146","2025 Dec 13 02:15:04 AM","67788143556","2025 Dec 13 12:00:00 AM","NEW HOLLY","REDACTED","ALL OTHER","S"
"2025-923300","2025 Dec 28 11:09:23 AM","67966221348","2025 Dec 13 12:00:00 AM","QUEEN ANNE","12020","PROPERTY CRIME","Q"
"2025-364146","2025 Dec 13 02:15:04 AM","67788096529","2025 Dec 13 12:00:00 AM","NEW HOLLY","REDACTED","ALL OTHER","S"
"2025-922721","2025 Dec 17 09:31:25 AM","67838131165","2025 Dec 13 12:05:00 AM","BALLARD NORTH","4400","PROPERTY CRIME","J"
"2025-364162","2025 Dec 13 01:46:31 AM","67787953489","2025 Dec 13 12:14:00 AM","COMMERCIAL HARBOR ISLAND","REDACTED","ALL OTHER","W"
"2025-922693","2025 Dec 16 01:54:57 PM","67828687645","2025 Dec 13 12:27:00 AM","EASTLAKE - WEST","12569","PROPERTY CRIME","D"
"2025-922739","2025 Dec 17 12:27:34 PM","67839730754","2025 Dec 13 12:30:00 AM","ROOSEVELT/RAVENNA","10644","PROPERTY CRIME","U"
"2025-364189","2025 Dec 13 01:58:28 AM","67788004602","2025 Dec 13 12:30:00 AM","SODO","814","ALL OTHER","O"
"2025-922669","2025 Dec 16 12:39:48 PM","67827922036","2025 Dec 13 01:00:00 AM","BALLARD SOUTH","3346","PROPERTY CRIME","B"
"2025-922710","2025 Dec 17 07:20:30 AM","67836678207","2025 Dec 13 01:00:00 AM","CENTRAL AREA/SQUIRE PARK","3221","PROPERTY CRIME","C"
"2025-922710","2025 Dec 17 07:20:30 AM","67838791123","2025 Dec 13 01:00:00 AM","CENTRAL AREA/SQUIRE PARK","3221","PROPERTY CRIME","C"
"2025-922709","2025 Dec 17 07:20:07 AM","67836675561","2025 Dec 13 01:00:00 AM","BALLARD NORTH","45","PROPERTY CRIME","J"
"2025-923031","2025 Dec 23 10:00:08 AM","67913683012","2025 Dec 13 01:02:00 AM","QUEEN ANNE","11122","PROPERTY CRIME","Q"
"2025-364197","2025 Dec 13 03:09:08 AM","67788983071","2025 Dec 13 01:11:00 AM","DOWNTOWN COMMERCIAL","4072","ALL OTHER","K"
"2025-364204","2025 Dec 13 02:54:43 AM","67788187255","2025 Dec 13 01:24:00 AM","CHINATOWN/INTERNATIONAL DISTRICT","REDACTED","ALL OTHER","K"
"2025-364204","2025 Dec 13 02:54:43 AM","67788195114","2025 Dec 13 01:24:00 AM","CHINATOWN/INTERNATIONAL DISTRICT","REDACTED","ALL OTHER","K"
"2025-364204","2025 Dec 13 02:54:43 AM","67788192943","2025 Dec 13 01:24:00 AM","CHINATOWN/INTERNATIONAL DISTRICT","REDACTED","ALL OTHER","K"
"2025-922759","2025 Dec 17 12:47:20 PM","67839911744","2025 Dec 13 01:36:00 AM","CAPITOL HILL","7629","PROPERTY CRIME","E"
"2025-364224","2025 Dec 13 03:56:28 AM","67790117466","2025 Dec 13 01:53:00 AM","SOUTH PARK","REDACTED","ALL OTHER","F"
"2025-364224","2025 Dec 13 03:56:28 AM","67793261794","2025 Dec 13 01:53:00 AM","SOUTH PARK","REDACTED","PROPERTY CRIME","F"
"2025-364226","2025 Dec 13 03:51:14 AM","67789795260","2025 Dec 13 01:56:00 AM","NORTH BEACON HILL","10010","ALL OTHER","R"
"2025-364226","2025 Dec 13 03:51:14 AM","67789789284","2025 Dec 13 01:56:00 AM","NORTH BEACON HILL","10010","ALL OTHER","R"
"2025-364515","2025 Dec 13 04:07:28 PM","67795694304","2025 Dec 13 02:00:00 AM","QUEEN ANNE","6394","PROPERTY CRIME","D"
"2025-364232","2025 Dec 13 03:40:38 AM","67789680923","2025 Dec 13 02:12:00 AM","PIONEER SQUARE","12799","PROPERTY CRIME","K"
"2025-922846","2025 Dec 18 10:21:56 AM","67851716812","2025 Dec 13 02:15:00 AM","CAPITOL HILL","7621","PROPERTY CRIME","E"
"2025-364247","2025 Dec 13 09:53:21 PM","67797642075","2025 Dec 13 02:29:00 AM","CHINATOWN/INTERNATIONAL DISTRICT","4580","ALL OTHER","K"
"2025-364247","2025 Dec 13 09:53:21 PM","67797686244","2025 Dec 13 02:29:00 AM","CHINATOWN/INTERNATIONAL DISTRICT","4580","ALL OTHER","K"
"2025-922676","2025 Dec 16 01:19:31 PM","67828365478","2025 Dec 13 02:30:00 AM","SODO","10404","PROPERTY CRIME","O"
"2025-364260","2025 Dec 13 04:23:15 AM","67790443557","2025 Dec 13 02:46:00 AM","DOWNTOWN COMMERCIAL","3144","ALL OTHER","M"
"2025-364260","2025 Dec 13 04:23:15 AM","67790425587","2025 Dec 13 02:46:00 AM","DOWNTOWN COMMERCIAL","3144","ALL OTHER","M"
"2025-364263","2025 Dec 13 03:46:25 AM","67789776779","2025 Dec 13 02:50:00 AM","MAGNOLIA","33","VIOLENT CRIME","Q"
"2025-366274","2025 Dec 15 06:51:14 AM","67813053451","2025 Dec 13 02:59:00 AM","SOUTH PARK","4405","ALL OTHER","F"
"2025-366274","2025 Dec 15 06:51:14 AM","67812851689","2025 Dec 13 02:59:00 AM","SOUTH PARK","4405","PROPERTY CRIME","F"
"2025-922972","2025 Dec 23 08:16:37 AM","67912857977","2025 Dec 13 03:00:00 AM","CAPITOL HILL","1244","ALL OTHER","E"
"2026-901235","2026 Jan 26 12:23:52 PM","68313687395","2025 Dec 13 03:00:00 AM","FIRST HILL","7623","ALL OTHER","E"
"2025-922689","2025 Dec 16 01:47:35 PM","67828615950","2025 Dec 13 03:05:00 AM","UNKNOWN","9989","PROPERTY CRIME","99"
"2025-364277","2025 Dec 13 03:52:35 AM","67789782630","2025 Dec 13 03:15:00 AM","CENTRAL AREA/SQUIRE PARK","5160","ALL OTHER","C"
"2025-364286","2025 Dec 13 04:02:50 AM","67789814587","2025 Dec 13 03:40:00 AM","LAKECITY","12097","ALL OTHER","L"
"2025-922684","2025 Dec 16 01:44:57 PM","67828592730","2025 Dec 13 03:41:00 AM","CENTRAL AREA/SQUIRE PARK","5691","PROPERTY CRIME","C"
"2025-922688","2025 Dec 16 01:47:15 PM","67828613473","2025 Dec 13 04:00:00 AM","BALLARD NORTH","4400","PROPERTY CRIME","J"
"2025-922691","2025 Dec 16 01:48:38 PM","67828624904","2025 Dec 13 04:00:00 AM","BALLARD NORTH","4400","PROPERTY CRIME","J"
"2025-922667","2025 Dec 16 12:39:08 PM","67827916526","2025 Dec 13 04:00:00 AM","CHINATOWN/INTERNATIONAL DISTRICT","12044","PROPERTY CRIME","K"
"2025-922735","2025 Dec 17 11:30:38 AM","67839197602","2025 Dec 13 04:00:00 AM","NORTHGATE","5383","PROPERTY CRIME","N"
"2025-922694","2025 Dec 16 01:55:22 PM","67828690941","2025 Dec 13 04:00:00 AM","CAPITOL HILL","6244","PROPERTY CRIME","E"
"2025-923295","2025 Dec 28 11:07:10 AM","67966211835","2025 Dec 13 04:00:00 AM","QUEEN ANNE","10506","PROPERTY CRIME","D"
"2025-364300","2025 Dec 13 06:45:15 AM","67803270248","2025 Dec 13 04:40:00 AM","MOUNT BAKER","REDACTED","ALL OTHER","R"
"2025-364300","2025 Dec 13 06:45:15 AM","67792734049","2025 Dec 13 04:40:00 AM","MOUNT BAKER","REDACTED","ALL OTHER","R"
"2025-364308","2025 Dec 13 07:00:21 AM","67792788685","2025 Dec 13 04:54:00 AM","NORTH BEACON HILL","10635","PROPERTY CRIME","R"
"2025-369977","2025 Dec 18 04:34:59 PM","67856653407","2025 Dec 13 05:00:00 AM","CENTRAL AREA/SQUIRE PARK","5160","ALL OTHER","C"
"2025-364313","2025 Dec 13 06:00:16 AM","67792464715","2025 Dec 13 05:00:00 AM","UNIVERSITY","6718","PROPERTY CRIME","U"
"2025-364582","2025 Dec 13 12:15:59 PM","67794348672","2025 Dec 13 06:16:00 AM","ROOSEVELT/RAVENNA","13077","ALL OTHER","U"
"2025-364342","2025 Dec 13 10:15:53 AM","67793704270","2025 Dec 13 06:50:00 AM","ROOSEVELT/RAVENNA","4093","VIOLENT CRIME","J"
"2025-922680","2025 Dec 16 01:21:00 PM","67828377744","2025 Dec 13 06:55:00 AM","NORTHGATE","5675","PROPERTY CRIME","L"
"2025-364381","2025 Dec 13 07:55:04 AM","67793016320","2025 Dec 13 07:15:00 AM","LAKECITY","12286","ALL OTHER","L"
"2025-364379","2025 Dec 13 08:39:18 AM","67793453260","2025 Dec 13 07:47:00 AM","CAPITOL HILL","13064","ALL OTHER","E"
"2025-364379","2025 Dec 13 08:39:18 AM","67793466472","2025 Dec 13 07:47:00 AM","CAPITOL HILL","13064","ALL OTHER","E"
"2025-364427","2025 Dec 13 11:30:37 AM","67794192393","2025 Dec 13 08:00:00 AM","BALLARD NORTH","7364","ALL OTHER","J"
"2025-364427","2025 Dec 13 11:30:37 AM","67794098367","2025 Dec 13 08:00:00 AM","BALLARD NORTH","3667","PROPERTY CRIME","J"
"2025-364646","2025 Dec 13 03:15:06 PM","67795386644","2025 Dec 13 08:18:00 AM","NORTHGATE","REDACTED","ALL OTHER","N"
"2025-364401","2025 Dec 13 09:33:14 AM","67793485315","2025 Dec 13 08:24:00 AM","BELLTOWN","4710","ALL OTHER","D"
"2025-364409","2025 Dec 13 10:08:30 AM","67793659808","2025 Dec 13 08:32:00 AM","DOWNTOWN COMMERCIAL","4072","ALL OTHER","K"
"2025-922670","2025 Dec 16 12:40:11 PM","67827924754","2025 Dec 13 08:59:00 AM","BITTERLAKE","11451","ALL OTHER","N"
"2025-364432","2025 Dec 13 10:40:34 AM","67793834119","2025 Dec 13 09:01:00 AM","CAPITOL HILL","6227","PROPERTY CRIME","E"
"2025-364434","2025 Dec 13 10:37:09 AM","67793900374","2025 Dec 13 09:04:00 AM","CENTRAL AREA/SQUIRE PARK","2881","PROPERTY CRIME","C"
"2025-365579","2025 Dec 14 12:17:44 PM","67804845237","2025 Dec 13 09:38:00 AM","BITTERLAKE","2639","PROPERTY CRIME","N"
"2025-364461","2025 Dec 13 11:04:29 AM","67794186786","2025 Dec 13 09:39:00 AM","ALASKA JUNCTION","6481","ALL OTHER","W"
"2025-364470","2025 Dec 13 10:59:19 AM","67794005207","2025 Dec 13 09:45:00 AM","LAKECITY","2911","ALL OTHER","L"
"2025-364475","2025 Dec 13 10:52:30 AM","67793988642","2025 Dec 13 09:50:00 AM","DOWNTOWN COMMERCIAL","6869","ALL OTHER","M"
"2025-364475","2025 Dec 13 10:52:30 AM","67793943516","2025 Dec 13 09:50:00 AM","DOWNTOWN COMMERCIAL","6869","ALL OTHER","M"
"2025-923381","2025 Dec 28 01:11:37 PM","67966832482","2025 Dec 13 09:55:00 AM","ROOSEVELT/RAVENNA","5390","PROPERTY CRIME","U"
"2025-364472","2025 Dec 13 10:30:55 AM","67793780399","2025 Dec 13 09:58:00 AM","MADRONA/LESCHI","1074","ALL OTHER","G"
"2025-364486","2025 Dec 13 11:07:05 AM","67793977581","2025 Dec 13 10:00:00 AM","PHINNEY RIDGE","REDACTED","ALL OTHER","J"
"2025-364498","2025 Dec 13 10:48:50 AM","67794294895","2025 Dec 13 10:18:00 AM","DOWNTOWN COMMERCIAL","865","ALL OTHER","M"
"2025-364498","2025 Dec 13 10:48:50 AM","67793912750","2025 Dec 13 10:18:00 AM","DOWNTOWN COMMERCIAL","865","VIOLENT CRIME","M"
"2025-364504","2025 Dec 13 11:41:33 AM","67796921059","2025 Dec 13 10:25:00 AM","CAPITOL HILL","235","ALL OTHER","E"
"2025-364504","2025 Dec 13 11:41:33 AM","67797786234","2025 Dec 13 10:25:00 AM","CAPITOL HILL","235","VIOLENT CRIME","E"
"2025-364504","2025 Dec 13 11:41:33 AM","67796943931","2025 Dec 13 10:25:00 AM","CAPITOL HILL","235","PROPERTY CRIME","E"
"2025-364504","2025 Dec 13 11:41:33 AM","67794319334","2025 Dec 13 10:25:00 AM","CAPITOL HILL","235","ALL OTHER","E"
"2025-364518","2025 Dec 13 10:46:06 AM","67793854709","2025 Dec 13 10:45:00 AM","BRIGHTON/DUNLAP","7669","ALL OTHER","S"
"2025-364543","2025 Dec 13 11:56:28 AM","67794255204","2025 Dec 13 11:00:00 AM","BITTERLAKE","12160","PROPERTY CRIME","N"
"2025-922751","2025 Dec 17 12:34:28 PM","67839792031","2025 Dec 13 11:00:00 AM","SLU/CASCADE","5447","PROPERTY CRIME","Q"
"2025-922922","2025 Dec 19 11:01:08 AM","67869724867","2025 Dec 13 11:03:00 AM","BALLARD SOUTH","6056","PROPERTY CRIME","B"
"2025-364597","2025 Dec 13 12:30:17 PM","67794420909","2025 Dec 13 11:51:00 AM","ROOSEVELT/RAVENNA","2038","ALL OTHER","U"
"2025-364938","2025 Dec 14 02:29:05 PM","67805528706","2025 Dec 13 12:00:00 PM","SLU/CASCADE","REDACTED","ALL OTHER","D"
"2025-364754","2025 Dec 13 08:50:57 PM","67797319648","2025 Dec 13 12:00:00 PM","COMMERCIAL DUWAMISH","11024","PROPERTY CRIME","F"
"2025-922698","2025 Dec 16 01:57:41 PM","67828712739","2025 Dec 13 12:00:00 PM","MAGNOLIA","5426","PROPERTY CRIME","Q"
"2025-922717","2025 Dec 17 07:23:08 AM","67836697560","2025 Dec 13 12:30:00 PM","CAPITOL HILL","663","PROPERTY CRIME","E"
"2025-922892","2025 Dec 19 08:04:56 AM","67866497762","2025 Dec 13 12:57:00 PM","BALLARD SOUTH","1390","PROPERTY CRIME","B"
"2025-923322","2025 Dec 28 11:21:59 AM","67966284415","2025 Dec 13 01:00:00 PM","FIRST HILL","6467","ALL OTHER","G"
"2025-364808","2025 Dec 13 09:33:44 PM","67797545733","2025 Dec 13 01:00:00 PM","CAPITOL HILL","1229","PROPERTY CRIME","E"
"2025-364683","2025 Dec 13 10:26:41 PM","67797804633","2025 Dec 13 01:00:00 PM","FIRST HILL","13069","PROPERTY CRIME","E"
"2025-364646","2025 Dec 13 03:15:06 PM","67795454634","2025 Dec 13 01:12:00 PM","NORTHGATE","REDACTED","ALL OTHER","N"
"2025-364634","2025 Dec 13 03:28:35 PM","67795459451","2025 Dec 13 01:16:00 PM","CAPITOL HILL","REDACTED","VIOLENT CRIME","E"
"2025-364655","2025 Dec 13 03:43:26 PM","67795542671","2025 Dec 13 01:17:00 PM","DOWNTOWN COMMERCIAL","6612","PROPERTY CRIME","M"
"2025-364673","2025 Dec 13 03:30:18 PM","67795580681","2025 Dec 13 01:37:00 PM","NORTHGATE","6705","PROPERTY CRIME","L"
"2025-922665","2025 Dec 16 12:38:17 PM","67827909666","2025 Dec 13 01:40:00 PM","FIRST HILL","4043","PROPERTY CRIME","G"
"2025-364702","2025 Dec 13 02:44:06 PM","67795210632","2025 Dec 13 01:45:00 PM","DOWNTOWN COMMERCIAL","8529","ALL OTHER","M"
"2025-923132","2025 Dec 24 09:08:57 AM","67923092923","2025 Dec 13 02:00:00 PM","ALASKA JUNCTION","10472","PROPERTY CRIME","W"
"2025-364706","2025 Dec 13 05:37:32 PM","67796206922","2025 Dec 13 02:00:00 PM","BELLTOWN","12153","PROPERTY CRIME","D"
"2025-370830","2025 Dec 19 09:54:05 PM","67876015239","2025 Dec 13 02:10:00 PM","PIONEER SQUARE","885","PROPERTY CRIME","K"
"2025-364700","2025 Dec 13 03:21:19 PM","67795430292","2025 Dec 13 02:12:00 PM","ALASKA JUNCTION","REDACTED","VIOLENT CRIME","W"
"2025-364708","2025 Dec 13 03:28:40 PM","67795466219","2025 Dec 13 02:17:00 PM","CENTRAL AREA/SQUIRE PARK","3222","ALL OTHER","G"
"2025-365658","2025 Dec 14 04:39:30 PM","67806223410","2025 Dec 13 02:22:00 PM","BRIGHTON/DUNLAP","543","PROPERTY CRIME","S"
"2025-364642","2025 Dec 13 03:30:58 PM","67795476975","2025 Dec 13 02:28:00 PM","CAPITOL HILL","REDACTED","ALL OTHER","E"
"2025-364807","2025 Dec 13 09:10:05 PM","67797424996","2025 Dec 13 02:30:00 PM","NORTH DELRIDGE","10637","PROPERTY CRIME","W"
"2025-364711","2025 Dec 13 04:18:41 PM","67813424031","2025 Dec 13 02:30:00 PM","BALLARD NORTH","13018","ALL OTHER","J"
"2025-364711","2025 Dec 13 04:18:41 PM","67813449834","2025 Dec 13 02:30:00 PM","BALLARD NORTH","13018","ALL OTHER","J"
"2025-922501","2025 Dec 15 07:34:36 AM","67813262212","2025 Dec 13 02:57:00 PM","MAGNOLIA","4809","ALL OTHER","Q"
"2025-366415","2025 Dec 15 08:48:34 AM","67814012061","2025 Dec 13 03:00:00 PM","GREENWOOD","2544","PROPERTY CRIME","J"
"2025-364761","2025 Dec 13 04:26:54 PM","67797094710","2025 Dec 13 03:00:00 PM","RAINIER BEACH","REDACTED","ALL OTHER","S"
"2025-922725","2025 Dec 17 10:29:47 AM","67838650731","2025 Dec 13 03:00:00 PM","EASTLAKE - WEST","10192","PROPERTY CRIME","D"
"2025-364761","2025 Dec 13 04:26:54 PM","67804684903","2025 Dec 13 03:00:00 PM","RAINIER BEACH","REDACTED","ALL OTHER","S"
"2025-364761","2025 Dec 13 04:26:54 PM","67795772079","2025 Dec 13 03:00:00 PM","RAINIER BEACH","REDACTED","ALL OTHER","S"
"2025-366436","2025 Dec 15 10:19:05 AM","67814717483","2025 Dec 13 03:00:00 PM","FIRST HILL","11087","PROPERTY CRIME","E"
"2025-364761","2025 Dec 13 04:26:54 PM","67797168717","2025 Dec 13 03:18:00 PM","RAINIER BEACH","REDACTED","ALL OTHER","S"
"2025-364793","2025 Dec 13 04:55:09 PM","67795954015","2025 Dec 13 03:55:00 PM","UNIVERSITY","REDACTED","ALL OTHER","U"
"2025-364844","2025 Dec 13 09:43:23 PM","67798428597","2025 Dec 13 04:00:00 PM","HIGH POINT","REDACTED","ALL OTHER","F"
"2025-922800","2025 Dec 17 01:44:49 PM","67840424559","2025 Dec 13 04:00:00 PM","SLU/CASCADE","6084","PROPERTY CRIME","D"
"2025-922844","2025 Dec 18 10:21:07 AM","67851705189","2025 Dec 13 04:00:00 PM","QUEEN ANNE","5445","PROPERTY CRIME","Q"
"2025-364844","2025 Dec 13 09:43:23 PM","67797609475","2025 Dec 13 04:00:00 PM","HIGH POINT","REDACTED","ALL OTHER","F"
"2025-364799","2025 Dec 13 05:18:50 PM","67799793380","2025 Dec 13 04:02:00 PM","CENTRAL AREA/SQUIRE PARK","2663","ALL OTHER","C"
"2025-364799","2025 Dec 13 05:18:50 PM","67799784171","2025 Dec 13 04:02:00 PM","CENTRAL AREA/SQUIRE PARK","2663","ALL OTHER","C"
"2025-364799","2025 Dec 13 05:18:50 PM","67796328274","2025 Dec 13 04:02:00 PM","CENTRAL AREA/SQUIRE PARK","2663","ALL OTHER","C"
"2025-364814","2025 Dec 13 07:56:38 PM","67797025249","2025 Dec 13 04:11:00 PM","ROOSEVELT/RAVENNA","11134","ALL OTHER","J"
"2025-364813","2025 Dec 13 05:48:35 PM","67796327867","2025 Dec 13 04:14:00 PM","PHINNEY RIDGE","1415","PROPERTY CRIME","B"
"2025-700607","2025 Dec 17 02:05:05 PM","67840621722","2025 Dec 13 04:17:00 PM","ROOSEVELT/RAVENNA","2056","PROPERTY CRIME","U"
"2025-922747","2025 Dec 17 12:33:04 PM","67839780952","2025 Dec 13 04:30:00 PM","QUEEN ANNE","11130","PROPERTY CRIME","Q"
"2025-364839","2025 Dec 13 05:35:50 PM","67796202348","2025 Dec 13 04:47:00 PM","FIRST HILL","11480","ALL OTHER","E"
"2025-922814","2025 Dec 18 08:32:39 AM","67849997638","2025 Dec 13 05:00:00 PM","SLU/CASCADE","11225","PROPERTY CRIME","D"
"2025-922971","2025 Dec 23 08:16:08 AM","67912854808","2025 Dec 13 05:00:00 PM","DOWNTOWN COMMERCIAL","10668","ALL OTHER","M"
"2025-922819","2025 Dec 18 08:35:55 AM","67850025569","2025 Dec 13 05:00:00 PM","SLU/CASCADE","12574","PROPERTY CRIME","D"
"2025-365449","2025 Dec 14 10:31:50 AM","67804358089","2025 Dec 13 05:00:00 PM","GREENWOOD","2537","PROPERTY CRIME","N"
"2025-922731","2025 Dec 17 11:28:57 AM","67839185666","2025 Dec 13 05:00:00 PM","CENTRAL AREA/SQUIRE PARK","6725","ALL OTHER","C"
"2025-364856","2025 Dec 13 06:03:28 PM","67796341143","2025 Dec 13 05:00:00 PM","CHINATOWN/INTERNATIONAL DISTRICT","12048","ALL OTHER","K"
"2025-922761","2025 Dec 17 12:50:32 PM","67839942235","2025 Dec 13 05:00:00 PM","CENTRAL AREA/SQUIRE PARK","2660","PROPERTY CRIME","C"
"2025-922719","2025 Dec 17 07:24:59 AM","67836710189","2025 Dec 13 05:00:00 PM","NORTHGATE","5870","PROPERTY CRIME","L"
"2025-922775","2025 Dec 17 12:57:00 PM","67840005284","2025 Dec 13 05:15:00 PM","HIGH POINT","1759","PROPERTY CRIME","F"
"2025-700633","2026 Jan 12 03:31:29 PM","68152890450","2025 Dec 13 05:39:00 PM","DOWNTOWN COMMERCIAL","12522","PROPERTY CRIME","M"
"2025-364880","2025 Dec 13 05:50:27 PM","67796322949","2025 Dec 13 05:42:00 PM","CHINATOWN/INTERNATIONAL DISTRICT","4115","ALL OTHER","K"
"2025-365388","2025 Dec 14 07:51:57 AM","67803697846","2025 Dec 13 05:45:00 PM","ROOSEVELT/RAVENNA","2559","PROPERTY CRIME","U"
"2025-364964","2025 Dec 13 09:19:31 PM","67797457222","2025 Dec 13 05:49:00 PM","SODO","3133","ALL OTHER","O"
"2025-364887","2025 Dec 13 09:30:36 PM","67797523546","2025 Dec 13 05:49:00 PM","SODO","3133","ALL OTHER","O"
"2025-364887","2025 Dec 13 09:30:36 PM","67853858034","2025 Dec 13 05:49:00 PM","SODO","3133","ALL OTHER","O"
"2025-365838","2025 Dec 14 09:12:58 PM","67807420152","2025 Dec 13 06:00:00 PM","SOUTH PARK","4405","PROPERTY CRIME","F"
"2025-366535","2025 Dec 15 07:07:53 PM","67818748375","2025 Dec 13 06:00:00 PM","BRIGHTON/DUNLAP","544","PROPERTY CRIME","S"
"2025-364935","2025 Dec 13 10:11:34 PM","67797767837","2025 Dec 13 06:00:00 PM","ROOSEVELT/RAVENNA","5392","PROPERTY CRIME","U"
"2025-364881","2025 Dec 13 06:16:52 PM","67796408784","2025 Dec 13 06:00:00 PM","CHINATOWN/INTERNATIONAL DISTRICT","1947","ALL OTHER","K"
"2025-922829","2025 Dec 18 08:46:53 AM","67850114859","2025 Dec 13 06:00:00 PM","BELLTOWN","4141","PROPERTY CRIME","D"
"2025-365336","2025 Dec 14 06:19:17 AM","67803357829","2025 Dec 13 06:00:00 PM","ALASKA JUNCTION","8535","PROPERTY CRIME","W"
"2025-364909","2025 Dec 13 09:11:59 PM","67797413310","2025 Dec 13 06:03:00 PM","BELLTOWN","2508","PROPERTY CRIME","D"
"2025-364905","2025 Dec 13 10:13:31 PM","67797779602","2025 Dec 13 06:05:00 PM","FREMONT","8668","ALL OTHER","B"
"2025-922860","2025 Dec 18 10:52:07 AM","67852287246","2025 Dec 13 06:05:00 PM","QUEEN ANNE","1930","PROPERTY CRIME","Q"
"2025-922862","2025 Dec 18 10:52:48 AM","67852309657","2025 Dec 13 06:06:00 PM","QUEEN ANNE","1930","ALL OTHER","Q"
"2025-364908","2025 Dec 13 10:50:22 PM","67797903261","2025 Dec 13 06:16:00 PM","ALASKA JUNCTION","REDACTED","ALL OTHER","W"
"2025-922755","2025 Dec 17 12:37:58 PM","67839824645","2025 Dec 13 06:30:00 PM","CAPITOL HILL","7122","PROPERTY CRIME","C"
"2025-364925","2025 Dec 13 09:04:08 PM","67797646885","2025 Dec 13 06:33:00 PM","BALLARD SOUTH","8097","PROPERTY CRIME","B"
"2025-364946","2025 Dec 13 09:15:47 PM","67797443568","2025 Dec 13 06:38:00 PM","BALLARD SOUTH","8097","ALL OTHER","B"
"2025-364924","2025 Dec 13 11:29:10 PM","67799734657","2025 Dec 13 06:39:00 PM","BALLARD SOUTH","6056","PROPERTY CRIME","B"
"2025-922744","2025 Dec 17 12:31:46 PM","67839767145","2025 Dec 13 06:45:00 PM","MILLER PARK","1898","ALL OTHER","C"
"2025-364929","2025 Dec 14 07:26:22 PM","67806912360","2025 Dec 13 06:45:00 PM","NORTHGATE","600","VIOLENT CRIME","L"
"2025-367919","2025 Dec 16 07:33:49 PM","67831219564","2025 Dec 13 06:45:00 PM","DOWNTOWN COMMERCIAL","2941","ALL OTHER","M"
"2025-923262","2025 Dec 28 10:20:06 AM","67965979929","2025 Dec 13 07:00:00 PM","QUEEN ANNE","5143","PROPERTY CRIME","Q"
"2025-365675","2025 Dec 14 01:37:13 PM","67805241712","2025 Dec 13 07:00:00 PM","WALLINGFORD","2405","PROPERTY CRIME","B"
"2025-922661","2025 Dec 16 11:02:40 AM","67826956517","2025 Dec 13 07:02:00 PM","RAINIER VIEW","644","PROPERTY CRIME","S"
"2025-364961","2025 Dec 13 08:07:32 PM","67797103553","2025 Dec 13 07:27:00 PM","SLU/CASCADE","6673","ALL OTHER","D"
"2025-364961","2025 Dec 13 08:07:32 PM","67797088622","2025 Dec 13 07:27:00 PM","SLU/CASCADE","6673","ALL OTHER","D"
"2025-922815","2025 Dec 18 08:33:16 AM","67850003260","2025 Dec 13 07:30:00 PM","QUEEN ANNE","7691","PROPERTY CRIME","Q"
"2025-922821","2025 Dec 18 08:38:23 AM","67850047730","2025 Dec 13 07:30:00 PM","QUEEN ANNE","7691","ALL OTHER","Q"
"2025-922733","2025 Dec 17 11:29:58 AM","67839192901","2025 Dec 13 07:30:00 PM","QUEEN ANNE","7691","PROPERTY CRIME","Q"
"2025-364974","2025 Dec 13 08:34:19 PM","67797240996","2025 Dec 13 07:42:00 PM","ROXHILL/WESTWOOD/ARBOR HEIGHTS","10484","PROPERTY CRIME","F"
"2025-922659","2025 Dec 16 11:01:51 AM","67826947906","2025 Dec 13 07:45:00 PM","QUEEN ANNE","5445","PROPERTY CRIME","Q"
"2025-365492","2025 Dec 14 10:44:22 AM","67804411194","2025 Dec 13 07:45:00 PM","QUEEN ANNE","5445","PROPERTY CRIME","Q"
"2025-364978","2025 Dec 13 08:12:36 PM","67797190169","2025 Dec 13 07:50:00 PM","CAPITOL HILL","11082","ALL OTHER","E"
"2025-922772","2025 Dec 17 12:55:49 PM","67839994623","2025 Dec 13 08:00:00 PM","CENTRAL AREA/SQUIRE PARK","4890","PROPERTY CRIME","C"
"2025-366998","2025 Dec 15 06:27:15 PM","67818495469","2025 Dec 13 08:00:00 PM","LAKECITY","REDACTED","ALL OTHER","L"
"2025-922771","2025 Dec 17 12:55:28 PM","67839990585","2025 Dec 13 08:00:00 PM","GREENWOOD","2829","PROPERTY CRIME","J"
"2025-923023","2025 Dec 23 09:45:53 AM","67913571378","2025 Dec 13 08:00:00 PM","NORTH DELRIDGE","5510","ALL OTHER","F"
"2025-365014","2025 Dec 13 09:10:41 PM","67797403024","2025 Dec 13 08:30:00 PM","CHINATOWN/INTERNATIONAL DISTRICT","1947","ALL OTHER","K"
"2025-365465","2025 Dec 14 10:00:38 AM","67804219715","2025 Dec 13 08:30:00 PM","LAKECITY","6519","PROPERTY CRIME","L"
"2025-365465","2025 Dec 14 10:00:38 AM","68067306343","2025 Dec 13 08:30:00 PM","LAKECITY","6519","PROPERTY CRIME","L"
"2025-922753","2025 Dec 17 12:36:05 PM","67839807032","2025 Dec 13 08:30:00 PM","BALLARD SOUTH","853","PROPERTY CRIME","B"
"2025-365014","2025 Dec 13 09:10:41 PM","67797420757","2025 Dec 13 08:30:00 PM","CHINATOWN/INTERNATIONAL DISTRICT","1947","ALL OTHER","K"
"2025-922657","2025 Dec 16 11:00:06 AM","67826926118","2025 Dec 13 08:36:00 PM","WALLINGFORD","8061","PROPERTY CRIME","B"
"2025-365018","2025 Dec 13 09:17:28 PM","67797435878","2025 Dec 13 08:36:00 PM","CAPITOL HILL","REDACTED","ALL OTHER","E"
"2025-700634","2026 Jan 12 04:01:55 PM","68153216349","2025 Dec 13 08:58:00 PM","ROXHILL/WESTWOOD/ARBOR HEIGHTS","10484","PROPERTY CRIME","F"
"2025-365612","2025 Dec 14 12:50:44 PM","67805006957","2025 Dec 13 09:00:00 PM","UNIVERSITY","8510","PROPERTY CRIME","U"
"2025-922793","2025 Dec 17 01:42:33 PM","67840405137","2025 Dec 13 09:00:00 PM","GREENWOOD","2829","PROPERTY CRIME","J"
"2025-923190","2025 Dec 24 01:11:27 PM","67924672096","2025 Dec 13 09:00:00 PM","QUEEN ANNE","8350","PROPERTY CRIME","Q"
"2025-922660","2025 Dec 16 11:02:16 AM","67826951553","2025 Dec 13 09:18:00 PM","QUEEN ANNE","7531","PROPERTY CRIME","Q"
"2025-365430","2025 Dec 14 10:14:10 AM","67804269272","2025 Dec 13 09:30:00 PM","EASTLAKE - WEST","5107","PROPERTY CRIME","D"
"2025-922768","2025 Dec 17 12:53:56 PM","67839977723","2025 Dec 13 09:30:00 PM","WALLINGFORD","12104","PROPERTY CRIME","B"
"2025-365087","2025 Dec 13 11:09:41 PM","67798548678","2025 Dec 13 09:42:00 PM","LAKECITY","7495","PROPERTY CRIME","L"
"2025-365087","2025 Dec 13 11:09:41 PM","67800186773","2025 Dec 13 09:42:00 PM","LAKECITY","7495","ALL OTHER","L"
"2025-922790","2025 Dec 17 01:20:06 PM","67840212172","2025 Dec 13 10:00:00 PM","LAKECITY","6509","PROPERTY CRIME","L"
"2025-922742","2025 Dec 17 12:29:30 PM","67839747091","2025 Dec 13 10:00:00 PM","PIONEER SQUARE","3884","PROPERTY CRIME","K"
"2025-922645","2025 Dec 16 10:35:19 AM","67826670957","2025 Dec 13 10:00:00 PM","NORTH ADMIRAL","7519","ALL OTHER","W"
"2025-365121","2025 Dec 14 01:39:25 AM","67799920872","2025 Dec 13 10:36:00 PM","ROOSEVELT/RAVENNA","8843","ALL OTHER","U"
"2025-922841","2025 Dec 18 10:19:43 AM","67851695748","2025 Dec 13 10:45:00 PM","BELLTOWN","2071","PROPERTY CRIME","D"
"2025-365137","2025 Dec 14 01:43:18 AM","67799939013","2025 Dec 13 10:57:00 PM","MORGAN","7533","ALL OTHER","W"
"2025-922723","2025 Dec 17 10:29:06 AM","67838644338","2025 Dec 13 11:00:00 PM","SODO","1235","PROPERTY CRIME","O"
"2025-374406","2025 Dec 24 03:08:20 AM","67921253164","2025 Dec 13 11:00:00 PM","BELLTOWN","8886","ALL OTHER","D"
"2026-900004","2026 Jan 02 05:49:22 AM","68014923139","2025 Dec 13 11:00:00 PM","CENTRAL AREA/SQUIRE PARK","3174","ALL OTHER","C"
"2025-922748","2025 Dec 17 12:33:26 PM","67839783696","2025 Dec 13 11:00:00 PM","BITTERLAKE","5893","PROPERTY CRIME","N"
"2025-922750","2025 Dec 17 12:34:09 PM","67839790022","2025 Dec 13 11:00:00 PM","MADISON PARK","4627","PROPERTY CRIME","C"
"2025-368712","2025 Dec 17 12:01:42 PM","67839815111","2025 Dec 13 11:00:00 PM","NORTHGATE","1421","ALL OTHER","N"
"2025-922734","2025 Dec 17 11:30:19 AM","67839194985","2025 Dec 13 11:01:00 PM","HIGH POINT","8483","PROPERTY CRIME","F"
"2025-922791","2025 Dec 17 01:26:59 PM","67840269279","2025 Dec 13 11:05:00 PM","PIONEER SQUARE","3172","PROPERTY CRIME","K"
"2025-365146","2025 Dec 13 11:54:12 PM","67799453540","2025 Dec 13 11:06:00 PM","PIONEER SQUARE","2654","ALL OTHER","K"
"2025-365150","2025 Dec 14 12:25:29 AM","67799487857","2025 Dec 13 11:18:00 PM","BELLTOWN","REDACTED","VIOLENT CRIME","D"
"2025-922746","2025 Dec 17 12:32:40 PM","67839777277","2025 Dec 13 11:30:00 PM","EASTLAKE - WEST","10192","PROPERTY CRIME","D"
"2025-922947","2025 Dec 23 07:18:04 AM","67912424149","2025 Dec 13 11:50:00 PM","QUEEN ANNE","11122","PROPERTY CRIME","Q"
"2025-922737","2025 Dec 17 11:31:55 AM","67839208744","2025 Dec 13 11:59:00 PM","QUEEN ANNE","5736","PROPERTY CRIME","Q"
"2025-366814","2025 Dec 15 07:46:01 PM","67818997941","2025 Dec 14 12:00:00 AM","EASTLAKE - WEST","5107","PROPERTY CRIME","D"
"2025-365419","2025 Dec 14 08:50:47 AM","67803924736","2025 Dec 14 12:00:00 AM","MILLER PARK","4891","PROPERTY CRIME","C"
"2025-922764","2025 Dec 17 12:51:40 PM","67839953948","2025 Dec 14 12:00:00 AM","BITTERLAKE","5893","PROPERTY CRIME","N"
"2025-365374","2025 Dec 14 07:20:24 AM","67803581209","2025 Dec 14 12:00:00 AM","ROOSEVELT/RAVENNA","2559","PROPERTY CRIME","U"
"2025-367445","2025 Dec 16 08:18:52 AM","67825039732","2025 Dec 14 12:00:00 AM","NORTH BEACON HILL","2677","PROPERTY CRIME","R"
"2025-923570","2025 Dec 30 08:06:34 AM","67983560116","2025 Dec 14 12:00:00 AM","QUEEN ANNE","11122","PROPERTY CRIME","Q"
"2025-368158","2025 Dec 16 08:57:21 PM","67831590837","2025 Dec 14 12:00:00 AM","FIRST HILL","REDACTED","VIOLENT CRIME","G"
"2025-922766","2025 Dec 17 12:52:28 PM","67839963314","2025 Dec 14 12:00:00 AM","SANDPOINT","10132","PROPERTY CRIME","U"
"2025-365562","2025 Dec 14 11:42:00 AM","67804685345","2025 Dec 14 12:00:00 AM","BELLTOWN","8889","PROPERTY CRIME","D"
"2026-004943","2026 Jan 06 10:22:02 AM","68072902374","2025 Dec 14 12:00:00 AM","GEORGETOWN","10536","PROPERTY CRIME","O"
"2025-365591","2025 Dec 14 01:16:19 PM","67805143657","2025 Dec 14 12:00:00 AM","HIGHLAND PARK","12592","PROPERTY CRIME","F"
"2025-366605","2025 Dec 15 09:51:00 PM","67819611141","2025 Dec 14 12:00:00 AM","GREENWOOD","2829","PROPERTY CRIME","J"
"2025-365795","2025 Dec 14 10:13:56 PM","67807656389","2025 Dec 14 12:00:00 AM","PIONEER SQUARE","628","PROPERTY CRIME","K"
"2025-369845","2025 Dec 18 03:07:21 PM","67856015412","2025 Dec 14 12:00:00 AM","UNIVERSITY","10188","PROPERTY CRIME","U"
"2025-922816","2025 Dec 18 08:33:44 AM","67850006807","2025 Dec 14 12:01:00 AM","-","10644","PROPERTY CRIME","U"
"2025-368106","2025 Dec 16 09:39:31 PM","67831829065","2025 Dec 14 12:01:00 AM","NORTH BEACON HILL","2082","ALL OTHER","R"
"2025-365205","2025 Dec 14 02:04:15 AM","67800005235","2025 Dec 14 12:27:00 AM","ROXHILL/WESTWOOD/ARBOR HEIGHTS","REDACTED","ALL OTHER","W"
"2026-900287","2026 Jan 05 07:01:31 AM","68056762761","2025 Dec 14 12:30:00 AM","SANDPOINT","6049","ALL OTHER","U"
"2025-365228","2025 Dec 14 03:26:18 AM","67801072005","2025 Dec 14 12:38:00 AM","CAPITOL HILL","11081","ALL OTHER","E"
"2025-365225","2025 Dec 14 05:53:29 AM","67803272048","2025 Dec 14 12:55:00 AM","BALLARD NORTH","REDACTED","VIOLENT CRIME","J"
"2025-379776","2025 Dec 29 08:11:11 PM","67978217306","2025 Dec 14 01:00:00 AM","BELLTOWN","4142","ALL OTHER","D"
"2025-922808","2025 Dec 18 08:29:32 AM","67849973939","2025 Dec 14 01:00:00 AM","MADRONA/LESCHI","5165","ALL OTHER","G"
"2025-922950","2025 Dec 23 07:19:57 AM","67912437914","2025 Dec 14 01:00:00 AM","SLU/CASCADE","6084","PROPERTY CRIME","D"
"2025-381267","2025 Dec 31 01:28:23 PM","67998419619","2025 Dec 14 01:00:00 AM","CHINATOWN/INTERNATIONAL DISTRICT","12044","PROPERTY CRIME","K"
"2025-922825","2025 Dec 18 08:40:39 AM","67850068715","2025 Dec 14 01:00:00 AM","NORTH BEACON HILL","2677","ALL OTHER","R"
"2025-365226","2025 Dec 14 03:02:02 AM","67800181929","2025 Dec 14 01:00:00 AM","NORTH ADMIRAL","8664","ALL OTHER","W"
"2025-923088","2025 Dec 23 12:34:13 PM","67915012136","2025 Dec 14 01:00:00 AM","BALLARD SOUTH","5526","ALL OTHER","B"
"2025-922778","2025 Dec 17 12:58:12 PM","67840016138","2025 Dec 14 01:00:00 AM","GREENWOOD","2829","PROPERTY CRIME","J"
"2025-923648","2025 Dec 30 01:51:20 PM","67986734076","2025 Dec 14 01:00:00 AM","QUEEN ANNE","2916","ALL OTHER","Q"
"2025-365582","2025 Dec 14 12:28:08 PM","67804893030","2025 Dec 14 01:00:00 AM","CAPITOL HILL","6435","PROPERTY CRIME","E"
"2025-922826","2025 Dec 18 08:41:22 AM","67850076014","2025 Dec 14 01:10:00 AM","ROOSEVELT/RAVENNA","1178","PROPERTY CRIME","U"
"2025-365233","2025 Dec 14 09:24:31 PM","67807457539","2025 Dec 14 01:18:00 AM","NORTH BEACON HILL","2711","ALL OTHER","R"
"2025-365248","2025 Dec 14 03:11:08 AM","67802239700","2025 Dec 14 01:51:00 AM","PIONEER SQUARE","12799","ALL OTHER","K"
"2025-365248","2025 Dec 14 03:11:08 AM","67802345066","2025 Dec 14 01:51:00 AM","PIONEER SQUARE","12799","ALL OTHER","K"
"2025-365248","2025 Dec 14 03:11:08 AM","67802311370","2025 Dec 14 01:51:00 AM","PIONEER SQUARE","12799","ALL OTHER","K"
"2025-922646","2025 Dec 16 10:35:38 AM","67826674085","2025 Dec 14 02:00:00 AM","HIGH POINT","4486","ALL OTHER","W"
"2025-365664","2025 Dec 14 01:34:40 PM","67805230928","2025 Dec 14 02:00:00 AM","MOUNT BAKER","12913","PROPERTY CRIME","R"
"2025-365257","2025 Dec 14 03:19:17 AM","67802390005","2025 Dec 14 02:06:00 AM","PIONEER SQUARE","2654","ALL OTHER","K"
"2025-365257","2025 Dec 14 03:19:17 AM","67800801184","2025 Dec 14 02:06:00 AM","PIONEER SQUARE","2654","ALL OTHER","K"
"2025-366614","2025 Dec 15 12:45:37 PM","67816023955","2025 Dec 14 02:15:00 AM","ROOSEVELT/RAVENNA","1130","PROPERTY CRIME","J"
"2025-365265","2025 Dec 14 08:25:50 AM","67803805291","2025 Dec 14 02:29:00 AM","DOWNTOWN COMMERCIAL","REDACTED","ALL OTHER","K"
"2025-365278","2025 Dec 14 06:48:14 AM","67803472670","2025 Dec 14 02:53:00 AM","QUEEN ANNE","4123","ALL OTHER","Q"
"2025-365278","2025 Dec 14 06:48:14 AM","67803475621","2025 Dec 14 02:54:00 AM","QUEEN ANNE","4123","ALL OTHER","Q"
"2025-365236","2025 Dec 15 03:06:27 AM","67809810662","2025 Dec 14 03:00:00 AM","SLU/CASCADE","2937","ALL OTHER","M"
"2025-922797","2025 Dec 17 01:44:02 PM","67840418959","2025 Dec 14 03:00:00 AM","CAPITOL HILL","4210","PROPERTY CRIME","E"
"2025-365295","2025 Dec 14 04:03:00 AM","67801624120","2025 Dec 14 03:10:00 AM","BITTERLAKE","2639","VIOLENT CRIME","N"
"2025-366859","2025 Dec 15 07:33:16 PM","67818941957","2025 Dec 14 03:19:00 AM","HILLMAN CITY","7840","PROPERTY CRIME","R"
"2025-365300","2025 Dec 14 05:07:42 AM","67802340465","2025 Dec 14 03:30:00 AM","DOWNTOWN COMMERCIAL","12598","VIOLENT CRIME","K"
"2025-365394","2025 Dec 14 09:23:55 AM","67804071556","2025 Dec 14 03:50:00 AM","SODO","3133","PROPERTY CRIME","O"
"2025-922843","2025 Dec 18 10:20:25 AM","67851700454","2025 Dec 14 04:00:00 AM","HIGHLAND PARK","3434","PROPERTY CRIME","F"
"2025-366542","2025 Dec 15 01:01:13 PM","67816160851","2025 Dec 14 04:00:00 AM","UNIVERSITY","6401","PROPERTY CRIME","U"
"2025-365309","2025 Dec 14 05:55:30 AM","67803308120","2025 Dec 14 04:01:00 AM","SODO","1182","ALL OTHER","O"
"2025-365309","2025 Dec 14 05:55:30 AM","67803362788","2025 Dec 14 04:01:00 AM","SODO","1182","ALL OTHER","O"
"2025-365309","2025 Dec 14 05:55:30 AM","67803258475","2025 Dec 14 04:01:00 AM","SODO","1182","VIOLENT CRIME","O"
"2025-365712","2025 Dec 14 07:49:45 PM","67807118407","2025 Dec 14 04:11:00 AM","BELLTOWN","8956","ALL OTHER","D"
"2025-365317","2025 Dec 14 05:39:22 AM","67802526481","2025 Dec 14 04:15:00 AM","DOWNTOWN COMMERCIAL","3167","PROPERTY CRIME","K"
"2025-922752","2025 Dec 17 12:35:43 PM","67839804091","2025 Dec 14 05:00:00 AM","CENTRAL AREA/SQUIRE PARK","8212","PROPERTY CRIME","C"
"2025-922738","2025 Dec 17 12:25:44 PM","67839712891","2025 Dec 14 05:00:00 AM","MILLER PARK","1898","PROPERTY CRIME","C"
"2025-922852","2025 Dec 18 10:48:21 AM","67852243540","2025 Dec 14 05:00:00 AM","BALLARD SOUTH","12944","PROPERTY CRIME","B"
"2026-900154","2026 Jan 03 11:21:49 AM","68033499674","2025 Dec 14 05:00:00 AM","CAPITOL HILL","5592","ALL OTHER","E"
"2025-365328","2025 Dec 14 11:32:15 AM","67804634946","2025 Dec 14 05:05:00 AM","BALLARD SOUTH","852","VIOLENT CRIME","B"
"2025-365332","2025 Dec 14 06:02:14 AM","67803318245","2025 Dec 14 05:05:00 AM","UNIVERSITY","8129","PROPERTY CRIME","U"
"2025-365335","2025 Dec 14 07:52:05 AM","67803703212","2025 Dec 14 05:21:00 AM","FIRST HILL","3524","ALL OTHER","E"
"2025-365767","2025 Dec 14 10:46:13 PM","67807787942","2025 Dec 14 06:04:00 AM","SODO","10404","ALL OTHER","O"
"2025-922909","2025 Dec 19 09:14:28 AM","67867352554","2025 Dec 14 06:10:00 AM","QUEEN ANNE","502","PROPERTY CRIME","Q"
"2025-922758","2025 Dec 17 12:46:57 PM","67839907245","2025 Dec 14 06:30:00 AM","CAPITOL HILL","13064","PROPERTY CRIME","E"
"2025-368734","2025 Dec 17 01:13:04 PM","67840177640","2025 Dec 14 07:00:00 AM","QUEEN ANNE","70","PROPERTY CRIME","Q"
"2025-365395","2025 Dec 14 12:58:05 PM","67805041004","2025 Dec 14 07:40:00 AM","ROOSEVELT/RAVENNA","6581","PROPERTY CRIME","U"
"2025-365394","2025 Dec 14 09:23:55 AM","67804195985","2025 Dec 14 07:59:00 AM","SODO","3133","ALL OTHER","O"
"2025-365398","2025 Dec 14 10:00:51 AM","67804238670","2025 Dec 14 08:00:00 AM","QUEEN ANNE","10899","PROPERTY CRIME","D"
"2025-365410","2025 Dec 14 11:20:17 AM","67805104302","2025 Dec 14 08:15:00 AM","UNIVERSITY","10598","VIOLENT CRIME","U"
"2025-365410","2025 Dec 14 11:20:17 AM","67804592865","2025 Dec 14 08:15:00 AM","UNIVERSITY","10598","ALL OTHER","U"
"2025-922732","2025 Dec 17 11:29:34 AM","67839190450","2025 Dec 14 08:15:00 AM","UNIVERSITY","467","PROPERTY CRIME","U"
"2025-365422","2025 Dec 14 08:52:05 AM","67803927266","2025 Dec 14 08:52:00 AM","SOUTH BEACON HILL","598","ALL OTHER","S"
"2025-365438","2025 Dec 14 11:07:52 AM","67804513269","2025 Dec 14 09:10:00 AM","BALLARD NORTH","10120","ALL OTHER","J"
"2025-366640","2025 Dec 15 12:20:54 PM","67815807140","2025 Dec 14 09:20:00 AM","QUEEN ANNE","1930","PROPERTY CRIME","Q"
"2025-365443","2025 Dec 14 10:56:25 AM","67804650177","2025 Dec 14 09:22:00 AM","ALASKA JUNCTION","8480","PROPERTY CRIME","W"
"2025-922784","2025 Dec 17 01:14:11 PM","67840164750","2025 Dec 14 09:30:00 AM","-","11238","ALL OTHER","J"
"2025-366463","2025 Dec 15 09:51:21 AM","67814470071","2025 Dec 14 09:32:00 AM","QUEEN ANNE","3851","PROPERTY CRIME","Q"
"2025-365455","2025 Dec 14 10:32:33 AM","67804359294","2025 Dec 14 09:39:00 AM","BELLTOWN","REDACTED","ALL OTHER","D"
"2025-922776","2025 Dec 17 12:57:33 PM","67840010237","2025 Dec 14 09:45:00 AM","SLU/CASCADE","2212","PROPERTY CRIME","D"
"2026-900092","2026 Jan 03 07:57:02 AM","68032339484","2025 Dec 14 10:00:00 AM","SANDPOINT","3422","ALL OTHER","U"
"2025-366385","2025 Dec 15 08:29:51 AM","67813835513","2025 Dec 14 10:00:00 AM","HIGHLAND PARK","204","ALL OTHER","F"
"2025-368949","2025 Dec 17 03:59:36 PM","67849627843","2025 Dec 14 10:00:00 AM","BALLARD SOUTH","3345","ALL OTHER","B"
"2025-365490","2025 Dec 14 11:23:39 AM","67804585250","2025 Dec 14 10:16:00 AM","CAPITOL HILL","6229","ALL OTHER","E"
"2025-365501","2025 Dec 14 04:10:44 PM","67806520173","2025 Dec 14 10:19:00 AM","CHINATOWN/INTERNATIONAL DISTRICT","REDACTED","ALL OTHER","K"
"2025-365501","2025 Dec 14 04:10:44 PM","67807049661","2025 Dec 14 10:24:00 AM","CHINATOWN/INTERNATIONAL DISTRICT","REDACTED","ALL OTHER","K"
"2025-365508","2025 Dec 14 11:07:25 AM","67804532913","2025 Dec 14 10:29:00 AM","FIRST HILL","4217","ALL OTHER","E"
"2025-922779","2025 Dec 17 12:58:31 PM","67840019257","2025 Dec 14 11:00:00 AM","CHINATOWN/INTERNATIONAL DISTRICT","3648","PROPERTY CRIME","K"
"2025-365552","2025 Dec 14 01:23:57 PM","67805636029","2025 Dec 14 11:18:00 AM","GEORGETOWN","13072","ALL OTHER","O"
"2025-922786","2025 Dec 17 01:15:01 PM","67840169353","2025 Dec 14 12:00:00 PM","ROOSEVELT/RAVENNA","2056","PROPERTY CRIME","U"
"2025-922818","2025 Dec 18 08:35:29 AM","67850021573","2025 Dec 14 12:00:00 PM","ROOSEVELT/RAVENNA","617","PROPERTY CRIME","U"
"2025-365847","2025 Dec 14 06:57:17 PM","67806857055","2025 Dec 14 12:00:00 PM","SODO","1712","PROPERTY CRIME","O"
"2025-922833","2025 Dec 18 09:21:09 AM","67850725746","2025 Dec 14 12:00:00 PM","GEORGETOWN","10052","PROPERTY CRIME","O"
"2025-367627","2025 Dec 16 12:01:41 PM","67827700875","2025 Dec 14 12:15:00 PM","SODO","65","PROPERTY CRIME","O"
"2025-365636","2025 Dec 14 01:27:38 PM","67805200012","2025 Dec 14 12:15:00 PM","BITTERLAKE","REDACTED","ALL OTHER","N"
"2025-922762","2025 Dec 17 12:50:56 PM","67839945815","2025 Dec 14 12:30:00 PM","WALLINGFORD","8090","PROPERTY CRIME","B"
"2025-922789","2025 Dec 17 01:19:26 PM","67840205628","2025 Dec 14 12:42:00 PM","SODO","4008","ALL OTHER","O"
"2025-365648","2025 Dec 14 02:48:45 PM","67805596449","2025 Dec 14 12:51:00 PM","ALASKA JUNCTION","REDACTED","ALL OTHER","W"
"2025-365648","2025 Dec 14 02:48:45 PM","67807379091","2025 Dec 14 12:51:00 PM","ALASKA JUNCTION","REDACTED","ALL OTHER","W"
"2025-365879","2025 Dec 14 07:35:50 PM","67806996494","2025 Dec 14 01:00:00 PM","SODO","1712","PROPERTY CRIME","O"
"2025-922835","2025 Dec 18 09:21:51 AM","67850739636","2025 Dec 14 01:00:00 PM","SODO","7062","PROPERTY CRIME","O"
"2025-922799","2025 Dec 17 01:44:33 PM","67840422589","2025 Dec 14 01:00:00 PM","SODO","4008","PROPERTY CRIME","O"
"2025-700632","2026 Jan 12 03:31:51 PM","68152894045","2025 Dec 14 01:35:00 PM","DOWNTOWN COMMERCIAL","12522","PROPERTY CRIME","M"
"2025-365699","2025 Dec 14 07:50:33 PM","67807029625","2025 Dec 14 01:45:00 PM","SLU/CASCADE","12785","PROPERTY CRIME","D"
"2025-365714","2025 Dec 14 03:51:09 PM","67805968164","2025 Dec 14 02:07:00 PM","BITTERLAKE","12160","PROPERTY CRIME","N"
"2025-365722","2025 Dec 14 03:37:39 PM","67805877146","2025 Dec 14 02:20:00 PM","ALKI","6550","PROPERTY CRIME","W"
"2025-365724","2025 Dec 14 03:23:14 PM","67806087829","2025 Dec 14 02:22:00 PM","BALLARD SOUTH","REDACTED","ALL OTHER","B"
"2026-900104","2026 Jan 03 08:16:21 AM","68032442241","2025 Dec 14 02:30:00 PM","UNKNOWN","99","PROPERTY CRIME","99"
"2025-365740","2025 Dec 14 05:00:39 PM","67809249579","2025 Dec 14 02:30:00 PM","SLU/CASCADE","10092","VIOLENT CRIME","D"
"2025-365740","2025 Dec 14 05:00:39 PM","67806231591","2025 Dec 14 02:30:00 PM","SLU/CASCADE","10092","PROPERTY CRIME","D"
"2025-922883","2025 Dec 19 05:34:10 AM","67864289229","2025 Dec 14 02:30:00 PM","SODO","4008","PROPERTY CRIME","O"
"2025-365753","2025 Dec 15 03:03:08 AM","67811079576","2025 Dec 14 02:44:00 PM","NORTHGATE","6541","ALL OTHER","N"
"2025-365744","2025 Dec 14 04:22:57 PM","67806084677","2025 Dec 14 02:45:00 PM","MAGNOLIA","10513","VIOLENT CRIME","Q"
"2025-365753","2025 Dec 15 03:03:08 AM","67810403186","2025 Dec 14 02:54:00 PM","NORTHGATE","6541","VIOLENT CRIME","N"
"2025-367327","2025 Dec 16 10:50:59 AM","67826836890","2025 Dec 14 03:00:00 PM","CHINATOWN/INTERNATIONAL DISTRICT","3309","PROPERTY CRIME","K"
"2025-922796","2025 Dec 17 01:43:44 PM","67840416280","2025 Dec 14 03:00:00 PM","CHINATOWN/INTERNATIONAL DISTRICT","12043","PROPERTY CRIME","K"
"2025-923459","2025 Dec 29 09:49:09 AM","67973693177","2025 Dec 14 03:00:00 PM","CHINATOWN/INTERNATIONAL DISTRICT","6536","ALL OTHER","K"
"2025-922774","2025 Dec 17 12:56:36 PM","67840001066","2025 Dec 14 03:00:00 PM","NORTH BEACON HILL","10635","PROPERTY CRIME","R"
"2025-365759","2025 Dec 14 04:45:10 PM","67806242363","2025 Dec 14 03:00:00 PM","BALLARD SOUTH","7237","ALL OTHER","B"
"2025-365714","2025 Dec 14 03:51:09 PM","67806129063","2025 Dec 14 03:00:00 PM","BITTERLAKE","12160","ALL OTHER","N"
"2025-368141","2025 Dec 17 03:22:19 AM","67835593675","2025 Dec 14 03:29:00 PM","HIGHLAND PARK","11410","PROPERTY CRIME","F"
"2025-922803","2025 Dec 18 06:04:26 AM","67848933558","2025 Dec 14 03:30:00 PM","MAGNOLIA","553","PROPERTY CRIME","Q"
"2025-365787","2025 Dec 15 11:38:02 AM","67815850930","2025 Dec 14 03:30:00 PM","SODO","1107","PROPERTY CRIME","O"
"2025-922785","2025 Dec 17 01:14:44 PM","67840167624","2025 Dec 14 03:35:00 PM","PIONEER SQUARE","3642","PROPERTY CRIME","K"
"2025-365786","2025 Dec 14 04:25:08 PM","67806054910","2025 Dec 14 03:45:00 PM","PIONEER SQUARE","6104","ALL OTHER","K"
"2025-922901","2025 Dec 19 09:08:57 AM","67867187284","2025 Dec 14 04:00:00 PM","MORGAN","7663","PROPERTY CRIME","W"
"2025-365809","2025 Dec 14 10:50:35 PM","67807782508","2025 Dec 14 04:00:00 PM","NORTHGATE","REDACTED","ALL OTHER","N"
"2025-365812","2025 Dec 14 07:41:01 PM","67806974588","2025 Dec 14 04:11:00 PM","HIGH POINT","REDACTED","ALL OTHER","F"
"2025-365823","2025 Dec 14 05:08:41 PM","67806255443","2025 Dec 14 04:21:00 PM","MADRONA/LESCHI","5165","ALL OTHER","G"
"2025-700608","2025 Dec 17 02:05:21 PM","67840624030","2025 Dec 14 04:21:00 PM","ROOSEVELT/RAVENNA","8593","PROPERTY CRIME","U"
"2025-365840","2025 Dec 14 05:33:34 PM","67806410324","2025 Dec 14 04:32:00 PM","PIONEER SQUARE","12798","ALL OTHER","K"
"2025-366881","2025 Dec 15 04:21:55 PM","67817714964","2025 Dec 14 05:00:00 PM","MAGNOLIA","2585","PROPERTY CRIME","Q"
"2025-922801","2025 Dec 17 01:46:03 PM","67840435958","2025 Dec 14 05:10:00 PM","QUEEN ANNE","7691","PROPERTY CRIME","Q"
"2025-365863","2025 Dec 14 05:52:11 PM","67806480952","2025 Dec 14 05:11:00 PM","CAPITOL HILL","REDACTED","PROPERTY CRIME","E"
"2025-365863","2025 Dec 14 05:52:11 PM","67806485909","2025 Dec 14 05:11:00 PM","CAPITOL HILL","REDACTED","ALL OTHER","E"
"2025-700611","2025 Dec 17 02:06:13 PM","67840632367","2025 Dec 14 05:15:00 PM","ROOSEVELT/RAVENNA","8593","PROPERTY CRIME","U"
"2025-922946","2025 Dec 23 07:17:16 AM","67912420108","2025 Dec 14 05:20:00 PM","QUEEN ANNE","3973","PROPERTY CRIME","Q"
"2025-366580","2025 Dec 15 11:30:08 AM","67815325235","2025 Dec 14 05:45:00 PM","QUEEN ANNE","10716","PROPERTY CRIME","Q"
"2025-366533","2025 Dec 15 05:31:04 PM","67818325203","2025 Dec 14 05:45:00 PM","WALLINGFORD","3108","ALL OTHER","B"
"2025-366533","2025 Dec 15 05:31:04 PM","67818313162","2025 Dec 14 05:45:00 PM","WALLINGFORD","3108","ALL OTHER","B"
"2025-371614","2025 Dec 20 09:02:12 AM","67882429746","2025 Dec 14 05:45:00 PM","WALLINGFORD","3108","ALL OTHER","B"
"2025-366090","2025 Dec 15 12:06:18 AM","67809214680","2025 Dec 14 05:50:00 PM","ALASKA JUNCTION","454","PROPERTY CRIME","W"
"2025-923261","2025 Dec 28 10:19:45 AM","67965978890","2025 Dec 14 06:00:00 PM","SLU/CASCADE","3062","ALL OTHER","D"
"2025-922795","2025 Dec 17 01:43:10 PM","67840410670","2025 Dec 14 06:00:00 PM","BELLTOWN","1894","PROPERTY CRIME","D"
"2025-366298","2025 Dec 15 07:45:56 AM","67813409137","2025 Dec 14 06:00:00 PM","QUEEN ANNE","1609","PROPERTY CRIME","Q"
"2025-923070","2025 Dec 23 11:31:55 AM","67914512746","2025 Dec 14 06:00:00 PM","QUEEN ANNE","12022","PROPERTY CRIME","Q"
"2025-366903","2025 Dec 15 05:17:30 PM","67818081636","2025 Dec 14 06:00:00 PM","WALLINGFORD","5721","PROPERTY CRIME","B"
"2026-900111","2026 Jan 03 08:37:36 AM","68032551182","2025 Dec 14 06:00:00 PM","JUDKINS PARK/NORTH BEACON HILL","2608","PROPERTY CRIME","G"
"2025-365918","2025 Dec 14 11:12:41 PM","67808778116","2025 Dec 14 06:15:00 PM","EASTLAKE - WEST","3063","ALL OTHER","D"
"2025-922802","2025 Dec 17 01:46:48 PM","67840442873","2025 Dec 14 06:24:00 PM","FREMONT","11453","PROPERTY CRIME","B"
"2025-365933","2025 Dec 14 10:07:03 PM","67807616330","2025 Dec 14 06:30:00 PM","CENTRAL AREA/SQUIRE PARK","6162","VIOLENT CRIME","C"
"2025-923066","2025 Dec 23 11:30:27 AM","67914498763","2025 Dec 14 06:40:00 PM","UNKNOWN","99","ALL OTHER","99"
"2025-368181","2025 Dec 16 09:57:20 PM","67831987018","2025 Dec 14 06:48:00 PM","MADRONA/LESCHI","631","ALL OTHER","C"
"2025-366520","2025 Dec 15 12:33:47 PM","67816265656","2025 Dec 14 07:00:00 PM","SLU/CASCADE","2463","PROPERTY CRIME","D"
"2025-922900","2025 Dec 19 09:08:21 AM","67867168013","2025 Dec 14 07:00:00 PM","BELLTOWN","4141","ALL OTHER","D"
"2025-922839","2025 Dec 18 10:17:58 AM","67851679036","2025 Dec 14 07:00:00 PM","CENTRAL AREA/SQUIRE PARK","2881","ALL OTHER","C"
"2025-365968","2025 Dec 14 09:02:26 PM","67807397821","2025 Dec 14 07:25:00 PM","ALASKA JUNCTION","REDACTED","ALL OTHER","W"
"2025-365968","2025 Dec 14 09:02:26 PM","67807418207","2025 Dec 14 07:25:00 PM","ALASKA JUNCTION","REDACTED","VIOLENT CRIME","W"
"2025-922817","2025 Dec 18 08:35:02 AM","67850017211","2025 Dec 14 07:30:00 PM","SODO","1235","PROPERTY CRIME","O"
"2025-365975","2025 Dec 15 12:59:17 AM","67809491541","2025 Dec 14 07:37:00 PM","CAPITOL HILL","REDACTED","ALL OTHER","E"
"2025-366967","2025 Dec 15 08:14:27 PM","67819126217","2025 Dec 14 08:00:00 PM","NEW HOLLY","1628","ALL OTHER","S"
"2025-366509","2025 Dec 15 02:06:25 PM","67816825602","2025 Dec 14 08:00:00 PM","DOWNTOWN COMMERCIAL","4072","VIOLENT CRIME","K"
"2025-365992","2025 Dec 14 08:45:52 PM","67807284449","2025 Dec 14 08:06:00 PM","HIGHLAND PARK","11410","ALL OTHER","F"
"2025-365860","2025 Dec 14 10:21:26 PM","67807691670","2025 Dec 14 08:07:00 PM","DOWNTOWN COMMERCIAL","6835","PROPERTY CRIME","M"
"2025-365860","2025 Dec 14 10:21:26 PM","67807712061","2025 Dec 14 08:07:00 PM","DOWNTOWN COMMERCIAL","6835","ALL OTHER","M"
"2025-366011","2025 Dec 14 09:03:43 PM","67807358842","2025 Dec 14 08:25:00 PM","NEW HOLLY","REDACTED","ALL OTHER","S"
"2025-366029","2025 Dec 14 10:46:57 PM","67807781842","2025 Dec 14 08:52:00 PM","LAKEWOOD/SEWARD PARK","4612","PROPERTY CRIME","R"
"2025-366194","2025 Dec 15 07:54:40 AM","67813495477","2025 Dec 14 09:00:00 PM","FIRST HILL","4043","PROPERTY CRIME","G"
"2025-367011","2025 Dec 15 09:14:06 PM","67819443660","2025 Dec 14 09:00:00 PM","GREENWOOD","2620","PROPERTY CRIME","J"
"2025-366804","2025 Dec 15 03:12:00 PM","67817230700","2025 Dec 14 09:00:00 PM","BRIGHTON/DUNLAP","4936","PROPERTY CRIME","S"
"2025-922813","2025 Dec 18 08:32:14 AM","67849993133","2025 Dec 14 09:00:00 PM","WALLINGFORD","5102","PROPERTY CRIME","B"
"2025-366052","2025 Dec 14 10:09:03 PM","67807628545","2025 Dec 14 09:25:00 PM","DOWNTOWN COMMERCIAL","2084","ALL OTHER","M"
"2025-366701","2025 Dec 15 03:49:43 PM","67829545990","2025 Dec 14 09:30:00 PM","UNIVERSITY","REDACTED","VIOLENT CRIME","U"
"2025-366589","2025 Dec 15 11:54:58 AM","67815549237","2025 Dec 14 09:30:00 PM","NORTH BEACON HILL","2708","ALL OTHER","R"
"2025-366018","2025 Dec 15 02:06:27 AM","67809669184","2025 Dec 14 09:43:00 PM","PIONEER SQUARE","REDACTED","ALL OTHER","K"
"2025-367017","2025 Dec 15 08:08:12 PM","67819081342","2025 Dec 14 09:45:00 PM","BITTERLAKE","7935","PROPERTY CRIME","N"
"2025-366072","2025 Dec 14 11:00:48 PM","67807833847","2025 Dec 14 09:54:00 PM","ROXHILL/WESTWOOD/ARBOR HEIGHTS","8896","VIOLENT CRIME","F"
"2025-366746","2025 Dec 15 03:11:06 PM","67818013228","2025 Dec 14 10:00:00 PM","NORTHGATE","11042","VIOLENT CRIME","N"
"2025-366227","2025 Dec 15 07:26:49 PM","67818849450","2025 Dec 14 10:00:00 PM","FREMONT","10126","PROPERTY CRIME","B"
"2025-922954","2025 Dec 23 07:21:14 AM","67912448795","2025 Dec 14 10:00:00 PM","MILLER PARK","8687","PROPERTY CRIME","C"
"2025-366083","2025 Dec 15 03:09:50 AM","67810405335","2025 Dec 14 10:12:00 PM","SOUTH PARK","REDACTED","ALL OTHER","F"
"2025-366089","2025 Dec 14 11:36:52 PM","67809126186","2025 Dec 14 10:15:00 PM","QUEEN ANNE","12022","VIOLENT CRIME","Q"
"2025-366106","2025 Dec 15 01:02:54 AM","67809636382","2025 Dec 14 10:54:00 PM","SOUTH PARK","8324","ALL OTHER","F"
"2025-922848","2025 Dec 18 10:33:28 AM","67851866984","2025 Dec 14 11:00:00 PM","FIRST HILL","13069","PROPERTY CRIME","E"
"2025-922966","2025 Dec 23 08:14:17 AM","67912835115","2025 Dec 14 11:00:00 PM","CAPITOL HILL","11436","PROPERTY CRIME","E"
"2025-367115","2025 Dec 22 01:42:11 AM","67895874732","2025 Dec 14 11:00:00 PM","DOWNTOWN COMMERCIAL","REDACTED","ALL OTHER","M"
"2025-366126","2025 Dec 15 12:55:52 AM","67809505300","2025 Dec 14 11:20:00 PM","DOWNTOWN COMMERCIAL","REDACTED","ALL OTHER","K"
"2025-366126","2025 Dec 15 12:55:52 AM","67809487077","2025 Dec 14 11:20:00 PM","DOWNTOWN COMMERCIAL","REDACTED","ALL OTHER","K"
"2025-366147","2025 Dec 15 12:45:17 AM","67809308143","2025 Dec 14 11:30:00 PM","RAINIER BEACH","10178","ALL OTHER","S"
"2025-922891","2025 Dec 19 08:04:09 AM","67866490366","2025 Dec 14 11:30:00 PM","SLU/CASCADE","2844","PROPERTY CRIME","Q"
"2025-366420","2025 Dec 15 09:01:42 AM","67814080951","2025 Dec 14 11:30:00 PM","SLU/CASCADE","1008","ALL OTHER","D"
"2025-366133","2025 Dec 15 01:11:06 AM","67809533887","2025 Dec 14 11:35:00 PM","LAKECITY","1594","ALL OTHER","L"
"2025-366138","2025 Dec 15 02:53:47 AM","67811065686","2025 Dec 14 11:42:00 PM","UNIVERSITY","749","PROPERTY CRIME","U"
"2025-366143","2025 Dec 15 12:59:28 AM","67809523285","2025 Dec 14 11:47:00 PM","LAKECITY","2237","ALL OTHER","L"
"2025-366143","2025 Dec 15 12:59:28 AM","67809568677","2025 Dec 14 11:47:00 PM","LAKECITY","2237","ALL OTHER","L"
"2025-366148","2025 Dec 15 01:08:43 AM","67809800192","2025 Dec 14 11:54:00 PM","SLU/CASCADE","2936","ALL OTHER","D"
"2025-366148","2025 Dec 15 01:08:43 AM","67809805152","2025 Dec 14 11:57:00 PM","SLU/CASCADE","2936","ALL OTHER","D"
"2025-366148","2025 Dec 15 01:08:43 AM","67809802607","2025 Dec 14 11:57:00 PM","SLU/CASCADE","2936","ALL OTHER","D"
"2025-375589","2025 Dec 24 09:15:22 PM","67927093925","2025 Dec 15 12:00:00 AM","BRIGHTON/DUNLAP","8544","PROPERTY CRIME","S"
"2025-366180","2025 Dec 15 02:42:18 AM","68078566398","2025 Dec 15 12:00:00 AM","RAINIER BEACH","3954","ALL OTHER","S"
"2026-900332","2026 Jan 05 09:56:24 AM","68058266001","2025 Dec 15 12:00:00 AM","BALLARD SOUTH","6056","ALL OTHER","B"
"2025-366536","2025 Dec 15 11:37:56 AM","67815523231","2025 Dec 15 12:00:00 AM","BELLTOWN","REDACTED","ALL OTHER","M"
"2025-923177","2025 Dec 24 11:24:35 AM","67924008533","2025 Dec 15 12:00:00 AM","FAUNTLEROY SW","465","ALL OTHER","W"
"2026-900190","2026 Jan 04 06:19:46 AM","68043856645","2025 Dec 15 12:00:00 AM","CENTRAL AREA/SQUIRE PARK","2506","ALL OTHER","G"
"2025-922876","2025 Dec 18 11:01:25 AM","67852553916","2025 Dec 15 12:00:00 AM","NORTHGATE","4588","PROPERTY CRIME","L"
"2025-366525","2025 Dec 15 01:12:28 PM","67816292014","2025 Dec 15 12:00:00 AM","QUEEN ANNE","8948","ALL OTHER","Q"
"2025-368850","2025 Dec 17 09:57:53 PM","67843746454","2025 Dec 15 12:00:00 AM","MONTLAKE/PORTAGE BAY","REDACTED","ALL OTHER","C"
"2025-369261","2025 Dec 18 01:22:40 AM","67846086233","2025 Dec 15 12:00:00 AM","ROOSEVELT/RAVENNA","8855","ALL OTHER","J"
"2026-900742","2026 Jan 11 07:13:15 AM","68132052544","2025 Dec 15 12:00:00 AM","UNIVERSITY","1103","PROPERTY CRIME","U"
"2025-923012","2025 Dec 23 09:36:06 AM","67913501949","2025 Dec 15 12:30:00 AM","BALLARD NORTH","11229","PROPERTY CRIME","J"
"2025-366164","2025 Dec 15 02:12:57 AM","67809700171","2025 Dec 15 12:37:00 AM","SOUTH BEACON HILL","11440","ALL OTHER","S"
"2025-366172","2025 Dec 15 03:29:02 AM","67811046710","2025 Dec 15 12:46:00 AM","BITTERLAKE","7718","ALL OTHER","N"
"2025-923364","2025 Dec 28 01:00:58 PM","67966776028","2025 Dec 15 01:00:00 AM","FIRST HILL","7624","PROPERTY CRIME","E"
"2025-922806","2025 Dec 18 08:17:33 AM","67849883826","2025 Dec 15 01:01:00 AM","MADRONA/LESCHI","10633","PROPERTY CRIME","C"
"2025-366177","2025 Dec 15 02:36:32 AM","67809737752","2025 Dec 15 01:01:00 AM","CHINATOWN/INTERNATIONAL DISTRICT","REDACTED","VIOLENT CRIME","K"
"2025-366206","2025 Dec 15 05:47:42 AM","67812468556","2025 Dec 15 01:47:00 AM","DOWNTOWN COMMERCIAL","2363","PROPERTY CRIME","M"
"2025-367370","2025 Dec 16 08:17:10 AM","67840568486","2025 Dec 15 02:00:00 AM","SLU/CASCADE","REDACTED","VIOLENT CRIME","D"
"2025-367370","2025 Dec 16 08:17:10 AM","67825128579","2025 Dec 15 02:00:00 AM","SLU/CASCADE","REDACTED","VIOLENT CRIME","D"
"2025-373565","2025 Dec 22 04:03:14 PM","67902519192","2025 Dec 15 02:00:00 AM","JUDKINS PARK/NORTH BEACON HILL","2655","PROPERTY CRIME","G"
"2025-922805","2025 Dec 18 07:31:33 AM","67849533144","2025 Dec 15 02:00:00 AM","MADRONA/LESCHI","10464","PROPERTY CRIME","C"
"2025-366667","2025 Dec 15 09:28:16 PM","67819474249","2025 Dec 15 02:00:00 AM","NORTHGATE","7580","PROPERTY CRIME","L"
"2025-366210","2025 Dec 15 02:49:09 AM","67809785200","2025 Dec 15 02:03:00 AM","SOUTH PARK","11176","ALL OTHER","F"
"2025-366389","2025 Dec 15 04:20:29 PM","67817702342","2025 Dec 15 02:22:00 AM","MADISON PARK","4626","PROPERTY CRIME","C"
"2025-366232","2025 Dec 15 05:41:23 AM","67812474708","2025 Dec 15 02:30:00 AM","CENTRAL AREA/SQUIRE PARK","REDACTED","ALL OTHER","C"
"2025-366232","2025 Dec 15 05:41:23 AM","67812334100","2025 Dec 15 02:30:00 AM","CENTRAL AREA/SQUIRE PARK","REDACTED","ALL OTHER","C"
"2025-922863","2025 Dec 18 10:53:27 AM","67852325002","2025 Dec 15 02:32:00 AM","GREENWOOD","8581","PROPERTY CRIME","J"
"2025-922939","2025 Dec 23 07:14:18 AM","67912400757","2025 Dec 15 03:00:00 AM","MOUNT BAKER","5642","PROPERTY CRIME","R"
"2025-366585","2025 Dec 15 11:25:50 AM","67815315281","2025 Dec 15 03:00:00 AM","RAINIER BEACH","7011","PROPERTY CRIME","S"
"2025-366592","2025 Dec 15 01:40:02 PM","67816487320","2025 Dec 15 03:15:00 AM","BALLARD SOUTH","7592","PROPERTY CRIME","B"
"2025-366248","2025 Dec 15 07:23:40 AM","67815733919","2025 Dec 15 03:43:00 AM","SLU/CASCADE","6024","ALL OTHER","M"
"2025-366256","2025 Dec 15 05:48:54 AM","68059949443","2025 Dec 15 04:00:00 AM","SLU/CASCADE","2213","ALL OTHER","D"
"2025-366256","2025 Dec 15 05:48:54 AM","67812358518","2025 Dec 15 04:00:00 AM","SLU/CASCADE","2213","VIOLENT CRIME","D"
"2025-366252","2025 Dec 15 06:03:16 AM","67812675462","2025 Dec 15 04:15:00 AM","SLU/CASCADE","2933","ALL OTHER","D"
"2025-366252","2025 Dec 15 06:03:16 AM","67812574252","2025 Dec 15 04:15:00 AM","SLU/CASCADE","2933","ALL OTHER","D"
"2025-366254","2025 Dec 15 06:27:10 AM","67814277128","2025 Dec 15 04:17:00 AM","CAPITOL HILL","REDACTED","ALL OTHER","E"
"2025-366254","2025 Dec 15 06:27:10 AM","67814007559","2025 Dec 15 04:17:00 AM","CAPITOL HILL","REDACTED","ALL OTHER","E"
"2025-366254","2025 Dec 15 06:27:10 AM","67814285493","2025 Dec 15 04:17:00 AM","CAPITOL HILL","REDACTED","ALL OTHER","E"
"2025-366254","2025 Dec 15 06:27:10 AM","67814295853","2025 Dec 15 04:17:00 AM","CAPITOL HILL","REDACTED","VIOLENT CRIME","E"
"2025-366261","2025 Dec 15 07:23:56 AM","67813180552","2025 Dec 15 04:34:00 AM","HIGHLAND PARK","REDACTED","ALL OTHER","F"
"2025-366261","2025 Dec 15 07:23:56 AM","67813211587","2025 Dec 15 04:35:00 AM","HIGHLAND PARK","REDACTED","ALL OTHER","F"
"2025-366265","2025 Dec 15 07:45:07 AM","67813364732","2025 Dec 15 04:52:00 AM","SANDPOINT","3509","PROPERTY CRIME","U"
"2025-366363","2025 Dec 15 09:41:48 AM","67814452477","2025 Dec 15 05:00:00 AM","CAPITOL HILL","655","PROPERTY CRIME","E"
"2026-900089","2026 Jan 03 07:55:37 AM","68032331016","2025 Dec 15 05:00:00 AM","CAPITOL HILL","10413","PROPERTY CRIME","C"
"2025-922828","2025 Dec 18 08:46:35 AM","67850113130","2025 Dec 15 05:00:00 AM","SLU/CASCADE","8960","PROPERTY CRIME","Q"
"2025-922811","2025 Dec 18 08:31:02 AM","67849983643","2025 Dec 15 05:00:00 AM","NORTHGATE","2604","ALL OTHER","L"
"2025-923627","2025 Dec 30 01:40:16 PM","67986647935","2025 Dec 15 05:00:00 AM","GEORGETOWN","5639","PROPERTY CRIME","O"
"2025-922857","2025 Dec 18 10:50:57 AM","67852266441","2025 Dec 15 05:06:00 AM","QUEEN ANNE","3973","PROPERTY CRIME","Q"
"2025-922807","2025 Dec 18 08:18:00 AM","67849887170","2025 Dec 15 05:22:00 AM","-","8227","PROPERTY CRIME","J"
"2025-922822","2025 Dec 18 08:39:38 AM","67850060631","2025 Dec 15 05:27:00 AM","PHINNEY RIDGE","3059","PROPERTY CRIME","J"
"2025-922822","2025 Dec 18 08:39:38 AM","67852764723","2025 Dec 15 05:27:00 AM","PHINNEY RIDGE","3059","PROPERTY CRIME","J"
"2025-366286","2025 Dec 15 07:05:55 AM","67813097155","2025 Dec 15 05:40:00 AM","NORTHGATE","4446","PROPERTY CRIME","L"
"2025-366285","2025 Dec 15 06:44:03 AM","67812837021","2025 Dec 15 05:45:00 AM","SLU/CASCADE","12988","PROPERTY CRIME","D"
"2025-366278","2025 Dec 15 08:39:22 AM","67814986206","2025 Dec 15 05:55:00 AM","LAKECITY","REDACTED","VIOLENT CRIME","L"
"2025-366866","2025 Dec 15 04:08:08 PM","67817626017","2025 Dec 15 06:00:00 AM","NORTH BEACON HILL","10635","PROPERTY CRIME","R"
"2025-922877","2025 Dec 18 11:02:45 AM","67852592435","2025 Dec 15 06:00:00 AM","ALKI","11005","PROPERTY CRIME","W"
"2025-370856","2025 Dec 19 04:35:54 PM","67873847606","2025 Dec 15 06:00:00 AM","CHINATOWN/INTERNATIONAL DISTRICT","6357","ALL OTHER","K"
"2025-366302","2025 Dec 15 10:42:00 AM","67815108380","2025 Dec 15 06:36:00 AM","MONTLAKE/PORTAGE BAY","4402","ALL OTHER","C"
"2025-366302","2025 Dec 15 10:42:00 AM","67814973761","2025 Dec 15 06:36:00 AM","MONTLAKE/PORTAGE BAY","4402","ALL OTHER","C"
"2025-366302","2025 Dec 15 10:42:00 AM","67815385029","2025 Dec 15 06:36:00 AM","MONTLAKE/PORTAGE BAY","4402","ALL OTHER","C"
"2025-366302","2025 Dec 15 10:42:00 AM","67815360263","2025 Dec 15 06:36:00 AM","MONTLAKE/PORTAGE BAY","4402","VIOLENT CRIME","C"
"2025-922865","2025 Dec 18 10:54:18 AM","67852348091","2025 Dec 15 06:50:00 AM","FIRST HILL","13069","PROPERTY CRIME","E"
"2025-922866","2025 Dec 18 10:54:53 AM","67852362418","2025 Dec 15 07:00:00 AM","BALLARD SOUTH","1390","PROPERTY CRIME","B"
"2025-922820","2025 Dec 18 08:37:10 AM","67850037155","2025 Dec 15 07:13:00 AM","FIRST HILL","6238","PROPERTY CRIME","E"
"2025-366340","2025 Dec 15 07:50:31 AM","67813464803","2025 Dec 15 07:22:00 AM","SLU/CASCADE","12493","PROPERTY CRIME","Q"
"2025-366349","2025 Dec 15 10:20:48 AM","67814960269","2025 Dec 15 07:36:00 AM","MONTLAKE/PORTAGE BAY","4402","ALL OTHER","C"
"2025-366377","2025 Dec 15 09:06:44 AM","67814135333","2025 Dec 15 08:02:00 AM","SOUTH BEACON HILL","REDACTED","ALL OTHER","S"
"2025-366432","2025 Dec 15 09:52:35 AM","67814467143","2025 Dec 15 08:50:00 AM","PIONEER SQUARE","12798","PROPERTY CRIME","K"
"2025-366421","2025 Dec 15 09:50:48 AM","67814467980","2025 Dec 15 08:52:00 AM","UNIVERSITY","10598","ALL OTHER","U"
"2025-366425","2025 Dec 15 11:50:46 AM","67815544316","2025 Dec 15 08:55:00 AM","GREENWOOD","2620","ALL OTHER","J"
"2026-900862","2026 Jan 12 06:34:16 AM","68139548349","2025 Dec 15 09:00:00 AM","SLU/CASCADE","3061","PROPERTY CRIME","D"
"2025-366451","2025 Dec 15 06:10:34 PM","67818404868","2025 Dec 15 09:20:00 AM","ROOSEVELT/RAVENNA","4953","ALL OTHER","U"
"2025-922830","2025 Dec 18 09:19:20 AM","67850710975","2025 Dec 15 09:45:00 AM","CENTRAL AREA/SQUIRE PARK","7572","ALL OTHER","C"
"2025-366958","2025 Dec 15 06:11:05 PM","67818506076","2025 Dec 15 10:00:00 AM","MAGNOLIA","5407","PROPERTY CRIME","Q"
"2025-366958","2025 Dec 15 06:11:05 PM","67818612114","2025 Dec 15 10:00:00 AM","MAGNOLIA","5407","ALL OTHER","Q"
"2025-922874","2025 Dec 18 10:59:28 AM","67852500351","2025 Dec 15 10:06:00 AM","COLUMBIA CITY","7834","PROPERTY CRIME","R"
"2026-901036","2026 Jan 20 09:59:45 PM","68249726618","2025 Dec 15 10:14:00 AM","CLAREMONT/RAINIER VISTA","7470","ALL OTHER","R"
"2025-366533","2025 Dec 15 05:31:04 PM","67818211568","2025 Dec 15 10:23:00 AM","GREENWOOD","6661","ALL OTHER","J"
"2025-923292","2025 Dec 28 10:55:15 AM","67966147605","2025 Dec 15 10:23:00 AM","UNIVERSITY","1103","PROPERTY CRIME","U"
"2025-366536","2025 Dec 15 11:37:56 AM","67815452371","2025 Dec 15 10:26:00 AM","BELLTOWN","REDACTED","VIOLENT CRIME","M"
"2025-923039","2025 Dec 23 11:15:06 AM","67914353176","2025 Dec 15 10:30:00 AM","ROOSEVELT/RAVENNA","11220","PROPERTY CRIME","U"
"2025-366533","2025 Dec 15 05:31:04 PM","67818251991","2025 Dec 15 10:40:00 AM","ROOSEVELT/RAVENNA","536","ALL OTHER","J"
"2025-366573","2025 Dec 15 12:37:37 PM","67815940469","2025 Dec 15 10:55:00 AM","LAKECITY","1234","ALL OTHER","L"
"2025-923173","2025 Dec 24 11:20:33 AM","67923985720","2025 Dec 15 11:00:00 AM","FAUNTLEROY SW","10963","PROPERTY CRIME","W"
"2025-923398","2025 Dec 28 01:19:53 PM","67966874935","2025 Dec 15 11:00:00 AM","QUEEN ANNE","5216","PROPERTY CRIME","Q"
"2025-922832","2025 Dec 18 09:20:15 AM","67850717323","2025 Dec 15 11:15:00 AM","LAKECITY","12035","PROPERTY CRIME","L"
"2025-366602","2025 Dec 15 11:55:27 AM","67815584815","2025 Dec 15 11:30:00 AM","QUEEN ANNE","3505","PROPERTY CRIME","Q"
"2025-922853","2025 Dec 18 10:49:39 AM","67852255446","2025 Dec 15 11:30:00 AM","PHINNEY RIDGE","7913","PROPERTY CRIME","B"
"2025-367452","2025 Dec 16 09:17:08 AM","67826117488","2025 Dec 15 12:00:00 PM","HIGH POINT","11076","PROPERTY CRIME","F"
"2025-367942","2025 Dec 16 07:30:44 PM","67831179351","2025 Dec 15 12:00:00 PM","NORTH BEACON HILL","10635","ALL OTHER","R"
"2025-366635","2025 Dec 15 12:36:42 PM","67815905904","2025 Dec 15 12:06:00 PM","GREENWOOD","REDACTED","ALL OTHER","J"
"2025-366637","2025 Dec 15 01:50:58 PM","67817467884","2025 Dec 15 12:09:00 PM","CAPITOL HILL","REDACTED","ALL OTHER","E"
"2025-366637","2025 Dec 15 01:50:58 PM","67816818634","2025 Dec 15 12:09:00 PM","CAPITOL HILL","REDACTED","VIOLENT CRIME","E"
"2025-922831","2025 Dec 18 09:19:50 AM","67850714956","2025 Dec 15 12:20:00 PM","FIRST HILL","2426","PROPERTY CRIME","G"
"2025-366676","2025 Dec 15 06:32:10 PM","67818526846","2025 Dec 15 12:20:00 PM","UNIVERSITY","8130","PROPERTY CRIME","U"
"2025-923310","2025 Dec 28 11:14:57 AM","67966248660","2025 Dec 15 12:30:00 PM","UNIVERSITY","4367","PROPERTY CRIME","U"
"2025-366919","2025 Dec 15 05:12:15 PM","67818036439","2025 Dec 15 12:30:00 PM","DOWNTOWN COMMERCIAL","2940","VIOLENT CRIME","M"
"2025-366738","2025 Dec 15 09:07:18 PM","67829289936","2025 Dec 15 12:31:00 PM","CAPITOL HILL","13062","ALL OTHER","E"
"2025-366738","2025 Dec 15 09:07:18 PM","67819387140","2025 Dec 15 12:31:00 PM","CAPITOL HILL","13062","ALL OTHER","E"
"2025-366664","2025 Dec 15 02:15:11 PM","67818100115","2025 Dec 15 12:49:00 PM","NORTHGATE","2055","ALL OTHER","L"
"2025-366664","2025 Dec 15 02:15:11 PM","67816764180","2025 Dec 15 12:49:00 PM","NORTHGATE","2055","ALL OTHER","L"
"2025-923047","2025 Dec 23 11:21:12 AM","67914427455","2025 Dec 15 01:00:00 PM","BALLARD SOUTH","269","PROPERTY CRIME","B"
"2025-366989","2025 Dec 15 06:09:28 PM","67818401602","2025 Dec 15 01:00:00 PM","CENTRAL AREA/SQUIRE PARK","2156","PROPERTY CRIME","C"
"2025-366705","2025 Dec 15 03:25:35 PM","67819050106","2025 Dec 15 01:07:00 PM","LAKEWOOD/SEWARD PARK","303","PROPERTY CRIME","R"
"2025-922888","2025 Dec 19 08:01:39 AM","67866472006","2025 Dec 15 01:12:00 PM","ALASKA JUNCTION","12212","PROPERTY CRIME","W"
"2025-366717","2025 Dec 15 02:14:04 PM","68059967979","2025 Dec 15 01:18:00 PM","MILLER PARK","8201","ALL OTHER","C"
"2025-366717","2025 Dec 15 02:14:04 PM","67816762998","2025 Dec 15 01:18:00 PM","MILLER PARK","8201","ALL OTHER","C"
"2025-366721","2025 Dec 15 06:34:40 PM","67818537830","2025 Dec 15 01:20:00 PM","MILLER PARK","1045","VIOLENT CRIME","C"
"2026-900033","2026 Jan 02 10:46:16 AM","68019485615","2025 Dec 15 01:25:00 PM","NORTHGATE","6600","PROPERTY CRIME","N"
"2025-366756","2025 Dec 15 10:34:31 PM","67819768935","2025 Dec 15 01:40:00 PM","CENTRAL AREA/SQUIRE PARK","1331","PROPERTY CRIME","C"
"2025-923052","2025 Dec 23 11:23:30 AM","67914444134","2025 Dec 15 01:54:00 PM","CENTRAL AREA/SQUIRE PARK","1331","PROPERTY CRIME","C"
"2025-923000","2025 Dec 23 09:20:35 AM","67913376980","2025 Dec 15 02:00:00 PM","BELLTOWN","4709","PROPERTY CRIME","D"
"2025-366950","2025 Dec 15 05:17:50 PM","67818088553","2025 Dec 15 02:00:00 PM","PHINNEY RIDGE","3537","PROPERTY CRIME","B"
"2025-922864","2025 Dec 18 10:53:47 AM","67852334335","2025 Dec 15 02:00:00 PM","FIRST HILL","4211","PROPERTY CRIME","E"
"2025-922895","2025 Dec 19 08:27:56 AM","67866693313","2025 Dec 15 02:18:00 PM","BALLARD SOUTH","310","PROPERTY CRIME","B"
"2025-366832","2025 Dec 15 05:07:46 PM","67818010541","2025 Dec 15 02:27:00 PM","NORTH ADMIRAL","8665","PROPERTY CRIME","W"
"2025-368640","2025 Dec 17 04:31:03 PM","67841844914","2025 Dec 15 02:30:00 PM","CAPITOL HILL","12788","ALL OTHER","C"
"2025-368934","2025 Dec 17 08:20:29 PM","67843267830","2025 Dec 15 02:59:00 PM","QUEEN ANNE","102","ALL OTHER","D"
"2025-366994","2025 Dec 16 12:52:59 AM","67821596665","2025 Dec 15 03:00:00 PM","BALLARD NORTH","4382","PROPERTY CRIME","J"
"2025-922903","2025 Dec 19 09:10:09 AM","67867223930","2025 Dec 15 03:00:00 PM","GREENWOOD","2829","ALL OTHER","J"
"2026-700002","2026 Jan 06 06:32:23 PM","68076999472","2025 Dec 15 03:15:00 PM","ROXHILL/WESTWOOD/ARBOR HEIGHTS","10484","PROPERTY CRIME","F"
"2025-366886","2025 Dec 15 04:20:41 PM","67817727793","2025 Dec 15 03:41:00 PM","ALASKA JUNCTION","691","PROPERTY CRIME","W"
"2025-366892","2025 Dec 15 05:49:56 PM","67818345035","2025 Dec 15 03:45:00 PM","MADRONA/LESCHI","REDACTED","ALL OTHER","G"
"2025-922932","2025 Dec 21 06:41:14 AM","67889794675","2025 Dec 15 04:00:00 PM","DOWNTOWN COMMERCIAL","7125","PROPERTY CRIME","M"
"2025-923303","2025 Dec 28 11:10:38 AM","67966229506","2025 Dec 15 04:00:00 PM","LAKECITY","6207","ALL OTHER","L"
"2025-922938","2025 Dec 23 07:13:38 AM","67912397081","2025 Dec 15 04:00:00 PM","ALASKA JUNCTION","1859","PROPERTY CRIME","W"
"2025-923006","2025 Dec 23 09:30:51 AM","67913448115","2025 Dec 15 04:02:00 PM","SANDPOINT","4644","PROPERTY CRIME","U"
"2025-923536","2025 Dec 30 07:20:55 AM","67983198154","2025 Dec 15 04:10:00 PM","FIRST HILL","4211","PROPERTY CRIME","E"
"2025-923535","2025 Dec 30 07:19:29 AM","67983188158","2025 Dec 15 04:10:00 PM","FIRST HILL","4211","PROPERTY CRIME","E"
"2025-923243","2025 Dec 28 08:42:03 AM","67965572327","2025 Dec 15 04:24:00 PM","CAPITOL HILL","11436","PROPERTY CRIME","E"
"2025-366928","2025 Dec 15 06:13:35 PM","68060004142","2025 Dec 15 04:26:00 PM","BELLTOWN","REDACTED","ALL OTHER","D"
"2025-366928","2025 Dec 15 06:13:35 PM","67818420968","2025 Dec 15 04:26:00 PM","BELLTOWN","REDACTED","VIOLENT CRIME","D"
"2025-369944","2025 Dec 18 11:24:46 PM","67860080575","2025 Dec 15 04:30:00 PM","FREMONT","6068","VIOLENT CRIME","B"
"2025-367208","2025 Dec 16 07:26:12 AM","67824410554","2025 Dec 15 05:00:00 PM","ROOSEVELT/RAVENNA","8855","ALL OTHER","J"
"2025-923156","2025 Dec 24 10:09:30 AM","67923547047","2025 Dec 15 05:00:00 PM","RAINIER BEACH","8556","PROPERTY CRIME","S"
"2025-368170","2025 Dec 16 10:40:53 PM","67832085350","2025 Dec 15 05:00:00 PM","SLU/CASCADE","3930","ALL OTHER","D"
"2025-922859","2025 Dec 18 10:51:47 AM","67852279772","2025 Dec 15 05:05:00 PM","MADRONA/LESCHI","11203","PROPERTY CRIME","G"
"2025-367048","2025 Dec 15 08:16:49 PM","67819198356","2025 Dec 15 05:06:00 PM","CAPITOL HILL","REDACTED","ALL OTHER","E"
"2025-367048","2025 Dec 15 08:16:49 PM","67819130720","2025 Dec 15 05:06:00 PM","CAPITOL HILL","REDACTED","VIOLENT CRIME","E"
"2025-367048","2025 Dec 15 08:16:49 PM","67830057579","2025 Dec 15 05:06:00 PM","CAPITOL HILL","REDACTED","ALL OTHER","E"
"2025-366985","2025 Dec 15 07:24:39 PM","67818907980","2025 Dec 15 05:30:00 PM","QUEEN ANNE","7690","VIOLENT CRIME","Q"
"2025-367839","2025 Dec 16 03:33:46 PM","67829597430","2025 Dec 15 05:30:00 PM","MOUNT BAKER","6589","PROPERTY CRIME","R"
"2025-367465","2025 Dec 16 08:47:36 AM","67825492911","2025 Dec 15 06:00:00 PM","NORTH BEACON HILL","8654","PROPERTY CRIME","R"
"2025-923456","2025 Dec 29 09:47:29 AM","67973679754","2025 Dec 15 06:00:00 PM","PHINNEY RIDGE","1227","PROPERTY CRIME","J"
"2025-922925","2025 Dec 19 11:07:51 AM","67869836069","2025 Dec 15 06:00:00 PM","SANDPOINT","494","PROPERTY CRIME","U"
"2025-922873","2025 Dec 18 10:59:03 AM","67852486419","2025 Dec 15 06:00:00 PM","SODO","5626","PROPERTY CRIME","O"
"2025-367465","2025 Dec 16 08:47:36 AM","67956240432","2025 Dec 15 06:00:00 PM","NORTH BEACON HILL","8654","PROPERTY CRIME","R"
"2026-700054","2026 Jan 26 02:31:37 PM","68314681498","2025 Dec 15 06:10:00 PM","BALLARD SOUTH","10118","PROPERTY CRIME","B"
"2025-368264","2025 Dec 17 02:01:31 AM","67834089613","2025 Dec 15 06:15:00 PM","ROOSEVELT/RAVENNA","4920","PROPERTY CRIME","L"
"2025-922912","2025 Dec 19 10:03:32 AM","67868626549","2025 Dec 15 06:30:00 PM","CAPITOL HILL","4888","PROPERTY CRIME","C"
"2025-367424","2025 Dec 16 08:11:18 AM","67824952935","2025 Dec 15 06:40:00 PM","PIONEER SQUARE","4074","PROPERTY CRIME","K"
"2025-367031","2025 Dec 15 07:17:07 PM","67818815162","2025 Dec 15 06:50:00 PM","SLU/CASCADE","6019","PROPERTY CRIME","D"
"2025-922905","2025 Dec 19 09:11:39 AM","67867266588","2025 Dec 15 07:00:00 PM","NORTH BEACON HILL","10159","PROPERTY CRIME","R"
"2025-922871","2025 Dec 18 10:57:41 AM","67852448527","2025 Dec 15 07:00:00 PM","SODO","4008","PROPERTY CRIME","O"
"2025-922890","2025 Dec 19 08:03:16 AM","67866484456","2025 Dec 15 07:00:00 PM","SLU/CASCADE","2934","PROPERTY CRIME","D"
"2025-923016","2025 Dec 23 09:41:49 AM","67913545601","2025 Dec 15 07:00:00 PM","SANDPOINT","6325","PROPERTY CRIME","U"
"2025-367060","2025 Dec 15 08:38:45 PM","67819370240","2025 Dec 15 07:12:00 PM","HIGHLAND PARK","883","ALL OTHER","F"
"2025-922878","2025 Dec 18 01:53:07 PM","67855244027","2025 Dec 15 07:30:00 PM","SODO","814","PROPERTY CRIME","O"
"2025-367089","2025 Dec 15 08:15:44 PM","67819155887","2025 Dec 15 07:47:00 PM","ROOSEVELT/RAVENNA","2056","PROPERTY CRIME","U"
"2025-367094","2025 Dec 15 09:25:20 PM","67819462322","2025 Dec 15 07:52:00 PM","BITTERLAKE","12160","PROPERTY CRIME","N"
"2025-923333","2025 Dec 28 11:26:19 AM","67966304741","2025 Dec 15 08:00:00 PM","ROOSEVELT/RAVENNA","257","ALL OTHER","U"
"2025-922907","2025 Dec 19 09:12:52 AM","67867301386","2025 Dec 15 08:00:00 PM","SANDPOINT","8379","PROPERTY CRIME","U"
"2025-922911","2025 Dec 19 10:02:51 AM","67868620894","2025 Dec 15 08:00:00 PM","SODO","1235","PROPERTY CRIME","O"
"2025-923058","2025 Dec 23 11:26:18 AM","67914466383","2025 Dec 15 08:11:00 PM","BITTERLAKE","3000","PROPERTY CRIME","N"
"2025-367124","2025 Dec 15 09:33:56 PM","67819519026","2025 Dec 15 08:36:00 PM","QUEEN ANNE","7690","ALL OTHER","Q"
"2025-367124","2025 Dec 15 09:33:56 PM","67819515389","2025 Dec 15 08:36:00 PM","QUEEN ANNE","7690","VIOLENT CRIME","Q"
"2025-367127","2025 Dec 15 10:14:36 PM","67819678571","2025 Dec 15 08:42:00 PM","LAKECITY","4285","ALL OTHER","L"
"2025-922882","2025 Dec 18 01:56:00 PM","67855266144","2025 Dec 15 09:00:00 PM","MILLER PARK","529","PROPERTY CRIME","C"
"2025-923043","2025 Dec 23 11:18:58 AM","67914408224","2025 Dec 15 09:00:00 PM","NORTH ADMIRAL","11224","PROPERTY CRIME","W"
"2025-367163","2025 Dec 16 12:02:40 AM","67821215059","2025 Dec 15 09:50:00 PM","MILLER PARK","REDACTED","ALL OTHER","C"
"2025-367163","2025 Dec 16 12:02:40 AM","67821232291","2025 Dec 15 09:50:00 PM","MILLER PARK","REDACTED","ALL OTHER","C"
"2025-367163","2025 Dec 16 12:02:40 AM","67821235639","2025 Dec 15 09:50:00 PM","MILLER PARK","REDACTED","ALL OTHER","C"
"2025-367166","2025 Dec 15 11:37:01 PM","67820863975","2025 Dec 15 09:52:00 PM","MAGNOLIA","4109","VIOLENT CRIME","Q"
"2025-367367","2025 Dec 16 06:43:30 AM","67823855902","2025 Dec 15 10:00:00 PM","FREMONT","1871","PROPERTY CRIME","B"
"2025-367505","2025 Dec 16 10:55:18 AM","67826898589","2025 Dec 15 10:00:00 PM","CAPITOL HILL","3513","PROPERTY CRIME","E"
"2025-367367","2025 Dec 16 06:43:30 AM","67867968084","2025 Dec 15 10:00:00 PM","FREMONT","1871","ALL OTHER","B"
"2025-923038","2025 Dec 23 11:14:28 AM","67914348148","2025 Dec 15 10:00:00 PM","MORGAN","10678","PROPERTY CRIME","W"
"2025-367698","2025 Dec 16 03:40:49 PM","67829678177","2025 Dec 15 10:00:00 PM","PHINNEY RIDGE","6668","PROPERTY CRIME","J"
"2025-367157","2025 Dec 16 03:05:14 AM","67822437430","2025 Dec 15 10:21:00 PM","RAINIER BEACH","10537","ALL OTHER","S"
"2025-367191","2025 Dec 17 06:03:54 AM","68060130692","2025 Dec 15 10:29:00 PM","SLU/CASCADE","6085","ALL OTHER","D"
"2025-367772","2025 Dec 16 01:32:32 PM","67828505935","2025 Dec 15 10:30:00 PM","NEW HOLLY","12002","PROPERTY CRIME","S"
"2025-367205","2025 Dec 16 01:31:55 AM","67821605053","2025 Dec 15 10:54:00 PM","DOWNTOWN COMMERCIAL","7090","ALL OTHER","M"
"2025-367498","2025 Dec 16 09:15:40 AM","67825952426","2025 Dec 15 11:00:00 PM","UNIVERSITY","8507","PROPERTY CRIME","U"
"2025-367216","2025 Dec 16 04:22:25 AM","67823183755","2025 Dec 15 11:13:00 PM","CHINATOWN/INTERNATIONAL DISTRICT","4579","PROPERTY CRIME","K"
"2025-367241","2025 Dec 16 01:45:13 AM","67821630510","2025 Dec 15 11:48:00 PM","SANDPOINT","REDACTED","ALL OTHER","U"
"2025-922889","2025 Dec 19 08:02:11 AM","67866476428","2025 Dec 15 11:59:00 PM","MAGNOLIA","7641","ALL OTHER","Q"
"2025-367354","2025 Dec 16 01:34:16 PM","67828514738","2025 Dec 16 12:00:00 AM","BITTERLAKE","6409","ALL OTHER","N"
"2025-370635","2025 Dec 19 11:44:39 AM","67870598857","2025 Dec 16 12:00:00 AM","CAPITOL HILL","6957","ALL OTHER","E"
"2025-367981","2025 Dec 16 07:34:55 PM","67831216737","2025 Dec 16 12:00:00 AM","BALLARD SOUTH","7094","PROPERTY CRIME","B"
"2025-368485","2025 Dec 17 08:58:41 AM","67837860601","2025 Dec 16 12:00:00 AM","BELLTOWN","4141","PROPERTY CRIME","D"
"2026-018869","2026 Jan 20 12:51:02 PM","68245960509","2025 Dec 16 12:00:00 AM","QUEEN ANNE","5202","PROPERTY CRIME","D"
"2026-002589","2026 Jan 03 07:42:23 PM","68036921621","2025 Dec 16 12:00:00 AM","UNIVERSITY","8127","PROPERTY CRIME","U"
"2025-371093","2025 Dec 19 10:19:38 PM","67876239668","2025 Dec 16 12:00:00 AM","LAKECITY","REDACTED","ALL OTHER","L"
"2025-368584","2025 Dec 17 12:15:12 PM","67839643892","2025 Dec 16 12:00:00 AM","LAKECITY","REDACTED","ALL OTHER","L"
"2025-367423","2025 Dec 16 08:05:06 AM","67824883555","2025 Dec 16 12:00:00 AM","NORTH DELRIDGE","10103","PROPERTY CRIME","W"
"2025-368850","2025 Dec 17 09:57:53 PM","67845049135","2025 Dec 16 12:00:00 AM","MONTLAKE/PORTAGE BAY","REDACTED","ALL OTHER","C"
"2025-368850","2025 Dec 17 09:57:53 PM","67843784451","2025 Dec 16 12:00:00 AM","MONTLAKE/PORTAGE BAY","REDACTED","ALL OTHER","C"
"2026-018782","2026 Jan 20 07:28:22 PM","68248929515","2025 Dec 16 12:00:00 AM","BALLARD SOUTH","10119","PROPERTY CRIME","B"
"2026-015949","2026 Jan 17 05:44:43 PM","68215100940","2025 Dec 16 12:00:00 AM","BALLARD SOUTH","5210","ALL OTHER","B"
"2025-368543","2025 Dec 17 10:45:58 AM","67838807404","2025 Dec 16 12:00:00 AM","BELLTOWN","4709","ALL OTHER","D"
"2026-019042","2026 Jan 20 03:14:23 PM","68247294486","2025 Dec 16 12:00:00 AM","GREENWOOD","1825","PROPERTY CRIME","J"
"2025-369479","2025 Dec 18 07:56:54 AM","67849742744","2025 Dec 16 12:00:00 AM","MONTLAKE/PORTAGE BAY","12441","PROPERTY CRIME","C"
"2025-369019","2025 Dec 18 01:08:36 AM","67846082529","2025 Dec 16 12:00:00 AM","RAINIER VIEW","8667","PROPERTY CRIME","S"
"2026-900640","2026 Jan 10 08:50:33 AM","68124829987","2025 Dec 16 12:00:00 AM","CAPITOL HILL","4889","PROPERTY CRIME","C"
"2025-367781","2025 Dec 16 05:27:56 PM","67830604805","2025 Dec 16 12:00:00 AM","RAINIER BEACH","3954","PROPERTY CRIME","S"
"2025-367692","2025 Dec 16 12:41:26 PM","67828259308","2025 Dec 16 12:00:00 AM","HIGHLAND PARK","REDACTED","ALL OTHER","F"
"2025-367252","2025 Dec 16 01:24:58 AM","67821567378","2025 Dec 16 12:08:00 AM","BITTERLAKE","REDACTED","ALL OTHER","N"
"2025-922897","2025 Dec 19 08:29:21 AM","67866705390","2025 Dec 16 12:30:00 AM","SANDPOINT","10850","PROPERTY CRIME","L"
"2025-367275","2025 Dec 16 01:48:37 AM","67821631651","2025 Dec 16 12:46:00 AM","GREENWOOD","2827","ALL OTHER","J"
"2025-368306","2025 Dec 17 02:02:22 AM","67834032395","2025 Dec 16 01:00:00 AM","HILLMAN CITY","2723","PROPERTY CRIME","R"
"2025-367309","2025 Dec 16 06:59:07 AM","67824429423","2025 Dec 16 01:00:00 AM","BALLARD SOUTH","433","ALL OTHER","B"
"2025-923150","2025 Dec 24 10:04:44 AM","67923516896","2025 Dec 16 01:00:00 AM","HIGHLAND PARK","643","ALL OTHER","F"
"2026-900509","2026 Jan 07 02:02:23 PM","68089077326","2025 Dec 16 01:00:00 AM","CAPITOL HILL","661","PROPERTY CRIME","E"
"2025-923128","2025 Dec 24 09:05:05 AM","67923026637","2025 Dec 16 01:40:00 AM","CENTRAL AREA/SQUIRE PARK","5347","ALL OTHER","C"
"2025-923140","2025 Dec 24 09:14:18 AM","67923133286","2025 Dec 16 02:00:00 AM","MOUNT BAKER","831","ALL OTHER","R"
"2025-922941","2025 Dec 23 07:15:01 AM","67912405280","2025 Dec 16 02:00:00 AM","MOUNT BAKER","3802","PROPERTY CRIME","R"
"2025-922884","2025 Dec 19 07:58:41 AM","67866447604","2025 Dec 16 02:00:00 AM","DOWNTOWN COMMERCIAL","8488","PROPERTY CRIME","K"
"2025-923057","2025 Dec 23 11:25:57 AM","67914463200","2025 Dec 16 02:01:00 AM","GREENWOOD","12190","PROPERTY CRIME","N"
"2025-367306","2025 Dec 16 11:21:13 AM","67827747959","2025 Dec 16 02:39:00 AM","BALLARD NORTH","1201","PROPERTY CRIME","J"
"2025-923036","2025 Dec 23 10:03:51 AM","67913718320","2025 Dec 16 03:00:00 AM","LAKECITY","3540","PROPERTY CRIME","L"
"2025-922908","2025 Dec 19 09:13:39 AM","67867325156","2025 Dec 16 03:00:00 AM","UNIVERSITY","1103","PROPERTY CRIME","U"
"2025-367309","2025 Dec 16 06:59:07 AM","67824626787","2025 Dec 16 03:15:00 AM","BALLARD SOUTH","433","ALL OTHER","B"
"2025-367355","2025 Dec 16 06:45:20 AM","67823885545","2025 Dec 16 03:30:00 AM","MADRONA/LESCHI","12282","PROPERTY CRIME","G"
"2025-367325","2025 Dec 16 10:39:56 AM","67827505748","2025 Dec 16 04:04:00 AM","BALLARD SOUTH","853","PROPERTY CRIME","B"
"2025-922893","2025 Dec 19 08:26:37 AM","67866683681","2025 Dec 16 04:25:00 AM","NORTH ADMIRAL","10588","PROPERTY CRIME","W"
"2025-367331","2025 Dec 16 12:49:44 PM","67828028947","2025 Dec 16 04:30:00 AM","FREMONT","6856","PROPERTY CRIME","B"
"2025-367352","2025 Dec 16 08:03:43 AM","67824865594","2025 Dec 16 04:30:00 AM","FIRST HILL","10148","VIOLENT CRIME","E"
"2025-367332","2025 Dec 16 08:45:08 AM","67825438476","2025 Dec 16 04:31:00 AM","MADRONA/LESCHI","2364","ALL OTHER","G"
"2025-367333","2025 Dec 16 06:57:58 AM","67823941089","2025 Dec 16 04:49:00 AM","SLU/CASCADE","3698","VIOLENT CRIME","D"
"2025-922898","2025 Dec 19 08:29:57 AM","67866708831","2025 Dec 16 04:53:00 AM","FIRST HILL","6966","PROPERTY CRIME","E"
"2025-922887","2025 Dec 19 08:01:00 AM","67866465070","2025 Dec 16 05:39:00 AM","WALLINGFORD","4828","ALL OTHER","B"
"2025-367394","2025 Dec 16 07:16:14 AM","67824265450","2025 Dec 16 05:45:00 AM","MOUNT BAKER","2948","PROPERTY CRIME","R"
"2025-923063","2025 Dec 23 11:29:17 AM","67914489743","2025 Dec 16 06:00:00 AM","FIRST HILL","4211","PROPERTY CRIME","E"
"2025-923008","2025 Dec 23 09:31:57 AM","67913464710","2025 Dec 16 06:00:00 AM","CAPITOL HILL","3512","PROPERTY CRIME","E"
"2025-367478","2025 Dec 16 04:25:08 PM","67868506130","2025 Dec 16 06:00:00 AM","BALLARD SOUTH","3346","ALL OTHER","B"
"2025-367478","2025 Dec 16 04:25:08 PM","67830005034","2025 Dec 16 06:00:00 AM","BALLARD SOUTH","3346","PROPERTY CRIME","B"
"2025-923032","2025 Dec 23 10:00:45 AM","67913687005","2025 Dec 16 06:45:00 AM","NORTH ADMIRAL","2021","PROPERTY CRIME","W"
"2025-922913","2025 Dec 19 10:05:27 AM","67868640452","2025 Dec 16 06:50:00 AM","CAPITOL HILL","7629","PROPERTY CRIME","E"
"2025-367389","2025 Dec 16 10:20:21 AM","67826766943","2025 Dec 16 06:52:00 AM","BITTERLAKE","7721","ALL OTHER","N"
"2025-367389","2025 Dec 16 10:20:21 AM","67826728567","2025 Dec 16 06:52:00 AM","BITTERLAKE","7721","ALL OTHER","N"
"2025-922906","2025 Dec 19 09:12:16 AM","67867286598","2025 Dec 16 07:00:00 AM","UNIVERSITY","7188","PROPERTY CRIME","U"
"2025-367515","2025 Dec 16 12:08:08 PM","67827634246","2025 Dec 16 07:30:00 AM","QUEEN ANNE","1514","ALL OTHER","Q"
"2025-367503","2025 Dec 16 10:19:04 AM","67826551016","2025 Dec 16 08:00:00 AM","MILLER PARK","5146","PROPERTY CRIME","C"
"2025-922902","2025 Dec 19 09:09:35 AM","67867204653","2025 Dec 16 08:00:00 AM","BELLTOWN","12716","ALL OTHER","M"
"2025-371093","2025 Dec 19 10:19:38 PM","67876224537","2025 Dec 16 08:00:00 AM","LAKECITY","REDACTED","VIOLENT CRIME","L"
"2026-006011","2026 Jan 07 11:12:19 AM","68087453636","2025 Dec 16 08:00:00 AM","GEORGETOWN","10536","ALL OTHER","O"
"2025-367452","2025 Dec 16 09:17:08 AM","67826159239","2025 Dec 16 08:11:00 AM","HIGH POINT","11076","ALL OTHER","F"
"2025-922942","2025 Dec 23 07:15:41 AM","67912408501","2025 Dec 16 08:30:00 AM","DOWNTOWN COMMERCIAL","10333","PROPERTY CRIME","K"
"2025-367477","2025 Dec 16 09:43:24 AM","67826215198","2025 Dec 16 08:34:00 AM","PIONEER SQUARE","3642","VIOLENT CRIME","K"
"2025-367482","2025 Dec 16 01:09:28 PM","67828301212","2025 Dec 16 08:40:00 AM","UNIVERSITY","REDACTED","ALL OTHER","U"
"2025-922957","2025 Dec 23 07:22:17 AM","67912458444","2025 Dec 16 09:00:00 AM","EASTLAKE - WEST","5104","PROPERTY CRIME","D"
"2025-922919","2025 Dec 19 10:55:34 AM","67869661731","2025 Dec 16 09:00:00 AM","BALLARD SOUTH","4598","PROPERTY CRIME","B"
"2025-922923","2025 Dec 19 11:03:12 AM","67869743403","2025 Dec 16 09:00:00 AM","BALLARD SOUTH","4598","ALL OTHER","B"
"2025-367516","2025 Dec 16 11:49:23 AM","67827456088","2025 Dec 16 09:04:00 AM","NORTH BEACON HILL","REDACTED","ALL OTHER","R"
"2025-367517","2025 Dec 16 10:19:37 AM","67826559057","2025 Dec 16 09:06:00 AM","PIONEER SQUARE","3642","ALL OTHER","K"
"2025-367520","2025 Dec 16 10:58:44 AM","67826948694","2025 Dec 16 09:11:00 AM","MID BEACON HILL","2982","ALL OTHER","S"
"2025-367544","2025 Dec 16 11:17:37 AM","67827116665","2025 Dec 16 09:33:00 AM","BELLTOWN","12579","ALL OTHER","D"
"2025-367544","2025 Dec 16 11:17:37 AM","67827107309","2025 Dec 16 09:33:00 AM","BELLTOWN","12579","ALL OTHER","D"
"2025-367935","2025 Dec 16 04:35:37 PM","67830148733","2025 Dec 16 10:00:00 AM","CHINATOWN/INTERNATIONAL DISTRICT","4115","PROPERTY CRIME","K"
"2025-367764","2025 Dec 16 11:15:39 PM","67832833628","2025 Dec 16 10:00:00 AM","NORTHGATE","REDACTED","ALL OTHER","N"
"2025-923146","2025 Dec 24 09:22:41 AM","67923190077","2025 Dec 16 10:15:00 AM","SLU/CASCADE","12493","PROPERTY CRIME","Q"
"2025-367580","2025 Dec 16 11:02:47 AM","67827140024","2025 Dec 16 10:16:00 AM","ROXHILL/WESTWOOD/ARBOR HEIGHTS","10484","PROPERTY CRIME","F"
"2025-367580","2025 Dec 16 11:02:47 AM","67827058591","2025 Dec 16 10:16:00 AM","ROXHILL/WESTWOOD/ARBOR HEIGHTS","10484","PROPERTY CRIME","F"
"2025-367609","2025 Dec 16 11:11:31 AM","67827102496","2025 Dec 16 10:41:00 AM","HIGH POINT","4376","PROPERTY CRIME","F"
"2025-367636","2025 Dec 16 11:31:42 AM","67827267616","2025 Dec 16 10:50:00 AM","BRIGHTON/DUNLAP","346","VIOLENT CRIME","S"
"2025-367633","2025 Dec 16 03:29:08 PM","67830361872","2025 Dec 16 10:58:00 AM","CAPITOL HILL","REDACTED","ALL OTHER","E"
"2025-923082","2025 Dec 23 12:30:48 PM","67914985948","2025 Dec 16 11:00:00 AM","CAPITOL HILL","4213","PROPERTY CRIME","E"
"2025-367884","2025 Dec 16 04:50:50 PM","67830184028","2025 Dec 16 11:17:00 AM","NORTH DELRIDGE","3187","PROPERTY CRIME","W"
"2025-922916","2025 Dec 19 10:53:13 AM","67869599954","2025 Dec 16 11:30:00 AM","QUEEN ANNE","1029","PROPERTY CRIME","Q"
"2025-923142","2025 Dec 24 09:15:37 AM","67923145485","2025 Dec 16 11:34:00 AM","UNIVERSITY","1103","PROPERTY CRIME","U"
"2025-367671","2025 Dec 16 12:18:29 PM","67827908911","2025 Dec 16 11:34:00 AM","SLU/CASCADE","REDACTED","ALL OTHER","M"
"2025-367671","2025 Dec 16 12:18:29 PM","67827852652","2025 Dec 16 11:34:00 AM","SLU/CASCADE","REDACTED","ALL OTHER","M"
"2025-923250","2025 Dec 28 09:04:17 AM","67965655800","2025 Dec 16 12:00:00 PM","CHINATOWN/INTERNATIONAL DISTRICT","822","PROPERTY CRIME","K"
"2025-922914","2025 Dec 19 10:06:08 AM","67868645438","2025 Dec 16 12:00:00 PM","NORTH BEACON HILL","3460","PROPERTY CRIME","R"
"2025-922921","2025 Dec 19 11:00:33 AM","67869718435","2025 Dec 16 12:00:00 PM","SLU/CASCADE","12989","PROPERTY CRIME","D"
"2025-923029","2025 Dec 23 09:48:15 AM","67913588941","2025 Dec 16 12:24:00 PM","GREENWOOD","6170","PROPERTY CRIME","J"
"2025-922926","2025 Dec 19 12:54:57 PM","67871616303","2025 Dec 16 12:30:00 PM","BELLTOWN","1894","PROPERTY CRIME","D"
"2025-922917","2025 Dec 19 10:54:21 AM","67869625719","2025 Dec 16 12:33:00 PM","BALLARD SOUTH","12464","ALL OTHER","B"
"2025-367753","2025 Dec 16 02:09:30 PM","67828873772","2025 Dec 16 12:45:00 PM","ALASKA JUNCTION","691","ALL OTHER","W"
"2025-367762","2025 Dec 16 02:16:53 PM","67829574234","2025 Dec 16 12:51:00 PM","EASTLAKE - WEST","3064","PROPERTY CRIME","D"
"2025-922927","2025 Dec 19 12:55:38 PM","67871623318","2025 Dec 16 01:00:00 PM","BELLTOWN","1893","PROPERTY CRIME","D"
"2025-700609","2025 Dec 17 02:05:42 PM","67840627957","2025 Dec 16 01:03:00 PM","ROOSEVELT/RAVENNA","8593","PROPERTY CRIME","U"
"2025-367770","2025 Dec 16 04:43:32 PM","67830116466","2025 Dec 16 01:07:00 PM","DOWNTOWN COMMERCIAL","REDACTED","ALL OTHER","K"
"2025-922944","2025 Dec 23 07:16:29 AM","67912414227","2025 Dec 16 01:12:00 PM","SANDPOINT","4644","PROPERTY CRIME","U"
"2025-367781","2025 Dec 16 05:27:56 PM","67830885298","2025 Dec 16 01:18:00 PM","RAINIER BEACH","3954","ALL OTHER","S"
"2025-922962","2025 Dec 23 07:53:07 AM","67912678609","2025 Dec 16 01:18:00 PM","EASTLAKE - WEST","5104","PROPERTY CRIME","D"
"2025-367805","2025 Dec 16 06:32:53 PM","67830806050","2025 Dec 16 01:35:00 PM","MOUNT BAKER","4899","PROPERTY CRIME","R"
"2025-367943","2025 Dec 16 05:19:28 PM","67830368244","2025 Dec 16 02:00:00 PM","BITTERLAKE","12160","PROPERTY CRIME","N"
"2025-367857","2025 Dec 16 05:52:13 PM","67830590505","2025 Dec 16 02:10:00 PM","LAKECITY","13043","ALL OTHER","L"
"2025-367851","2025 Dec 16 04:16:30 PM","67829979684","2025 Dec 16 02:15:00 PM","SANDPOINT","10850","ALL OTHER","L"
"2025-367858","2025 Dec 16 03:33:49 PM","67829708916","2025 Dec 16 02:28:00 PM","CAPITOL HILL","7708","ALL OTHER","E"
"2025-367865","2025 Dec 16 04:26:24 PM","67830003400","2025 Dec 16 02:36:00 PM","MOUNT BAKER","REDACTED","PROPERTY CRIME","R"
"2025-367865","2025 Dec 16 04:26:24 PM","68099356413","2025 Dec 16 02:36:00 PM","MOUNT BAKER","REDACTED","ALL OTHER","R"
"2025-367865","2025 Dec 16 04:26:24 PM","68099437520","2025 Dec 16 02:36:00 PM","MOUNT BAKER","REDACTED","ALL OTHER","R"
"2025-367862","2025 Dec 16 04:27:38 PM","67831489297","2025 Dec 16 02:39:00 PM","GREENWOOD","11338","PROPERTY CRIME","J"
"2025-922951","2025 Dec 23 07:20:16 AM","67912439619","2025 Dec 16 02:40:00 PM","ROXHILL/WESTWOOD/ARBOR HEIGHTS","2325","PROPERTY CRIME","F"
"2025-923210","2025 Dec 28 08:18:59 AM","67965479880","2025 Dec 16 02:50:00 PM","DOWNTOWN COMMERCIAL","4072","ALL OTHER","K"
"2025-923175","2025 Dec 24 11:22:24 AM","67923996899","2025 Dec 16 02:56:00 PM","BALLARD SOUTH","10115","PROPERTY CRIME","B"
"2025-923145","2025 Dec 24 09:16:32 AM","67923153052","2025 Dec 16 03:00:00 PM","UNKNOWN","9986","PROPERTY CRIME","99"
"2025-368695","2025 Dec 17 06:32:22 PM","67842664229","2025 Dec 16 03:00:00 PM","QUEEN ANNE","1095","PROPERTY CRIME","Q"
"2025-368094","2025 Dec 16 07:50:58 PM","67831421179","2025 Dec 16 03:00:00 PM","UNIVERSITY","8131","PROPERTY CRIME","U"
"2025-368784","2025 Dec 17 06:06:10 PM","67842502955","2025 Dec 16 03:00:00 PM","QUEEN ANNE","1514","PROPERTY CRIME","Q"
"2025-922936","2025 Dec 23 06:01:46 AM","67910028613","2025 Dec 16 03:10:00 PM","GEORGETOWN","6148","ALL OTHER","O"
"2025-922949","2025 Dec 23 07:19:14 AM","67912433274","2025 Dec 16 03:15:00 PM","SANDPOINT","8418","PROPERTY CRIME","U"
"2025-922963","2025 Dec 23 08:12:46 AM","67912821768","2025 Dec 16 03:40:00 PM","BELLTOWN","12153","PROPERTY CRIME","D"
"2025-369901","2025 Dec 18 04:13:13 PM","67856475184","2025 Dec 16 04:00:00 PM","QUEEN ANNE","16","PROPERTY CRIME","D"
"2025-923204","2025 Dec 24 01:59:25 PM","67924943892","2025 Dec 16 04:05:00 PM","UNIVERSITY","3510","PROPERTY CRIME","U"
"2025-367953","2025 Dec 16 05:24:45 PM","67830443018","2025 Dec 16 04:19:00 PM","MADRONA/LESCHI","REDACTED","ALL OTHER","G"
"2025-367953","2025 Dec 16 05:24:45 PM","67830390408","2025 Dec 16 04:19:00 PM","MADRONA/LESCHI","REDACTED","ALL OTHER","G"
"2025-368549","2025 Dec 17 11:17:43 AM","67839098157","2025 Dec 16 04:30:00 PM","BELLTOWN","5914","PROPERTY CRIME","M"
"2025-923026","2025 Dec 23 09:47:12 AM","67913581875","2025 Dec 16 04:30:00 PM","DOWNTOWN COMMERCIAL","864","ALL OTHER","M"
"2025-923136","2025 Dec 24 09:11:18 AM","67923114198","2025 Dec 16 04:30:00 PM","BELLTOWN","3447","PROPERTY CRIME","D"
"2025-700610","2025 Dec 17 02:05:57 PM","67840630448","2025 Dec 16 04:40:00 PM","ROOSEVELT/RAVENNA","8593","PROPERTY CRIME","U"
"2026-007382","2026 Jan 08 09:56:27 PM","68107974425","2025 Dec 16 04:40:00 PM","FIRST HILL","REDACTED","VIOLENT CRIME","E"
"2025-367971","2025 Dec 16 06:03:45 PM","67830666131","2025 Dec 16 04:42:00 PM","CENTRAL AREA/SQUIRE PARK","3174","ALL OTHER","C"
"2025-368760","2025 Dec 17 06:11:54 PM","67842536051","2025 Dec 16 05:00:00 PM","QUEEN ANNE","12020","PROPERTY CRIME","Q"
"2025-369644","2025 Dec 18 11:00:45 AM","67852613716","2025 Dec 16 05:00:00 PM","-","5617","PROPERTY CRIME","C"
"2025-370753","2025 Dec 19 01:09:50 PM","67871847150","2025 Dec 16 05:00:00 PM","JUDKINS PARK/NORTH BEACON HILL","3312","PROPERTY CRIME","G"
"2025-368421","2025 Dec 17 07:22:37 AM","67836784402","2025 Dec 16 05:00:00 PM","SOUTH PARK","11162","ALL OTHER","F"
"2025-923095","2025 Dec 23 12:39:24 PM","67915055369","2025 Dec 16 05:00:00 PM","UNIVERSITY","8132","PROPERTY CRIME","U"
"2025-368421","2025 Dec 17 07:22:37 AM","67836696590","2025 Dec 16 05:00:00 PM","SOUTH PARK","11162","PROPERTY CRIME","F"
"2025-368499","2025 Dec 17 09:19:33 AM","67838031380","2025 Dec 16 05:00:00 PM","MORGAN","3813","PROPERTY CRIME","W"
"2025-368562","2025 Dec 17 09:15:24 PM","67843555992","2025 Dec 16 05:00:00 PM","NORTHGATE","6113","PROPERTY CRIME","N"
"2025-922959","2025 Dec 23 07:45:31 AM","67912623936","2025 Dec 16 05:02:00 PM","MOUNT BAKER","8657","PROPERTY CRIME","R"
"2025-368042","2025 Dec 16 07:09:37 PM","67831021419","2025 Dec 16 05:20:00 PM","HIGH POINT","8483","PROPERTY CRIME","F"
"2025-368117","2025 Dec 16 08:34:50 PM","67831567130","2025 Dec 16 05:30:00 PM","UNIVERSITY","8131","PROPERTY CRIME","U"
"2025-368221","2025 Dec 17 07:38:54 AM","67836867472","2025 Dec 16 05:30:00 PM","QUEEN ANNE","6553","PROPERTY CRIME","Q"
"2025-368032","2025 Dec 16 08:20:04 PM","67831425337","2025 Dec 16 05:52:00 PM","SLU/CASCADE","3164","PROPERTY CRIME","D"
"2025-923055","2025 Dec 23 11:25:08 AM","67914456649","2025 Dec 16 06:00:00 PM","CAPITOL HILL","674","PROPERTY CRIME","E"
"2025-923045","2025 Dec 23 11:20:21 AM","67914418561","2025 Dec 16 06:10:00 PM","NORTH ADMIRAL","11477","PROPERTY CRIME","W"
"2025-923050","2025 Dec 23 11:22:25 AM","67914436855","2025 Dec 16 06:15:00 PM","DOWNTOWN COMMERCIAL","208","PROPERTY CRIME","M"
"2025-368057","2025 Dec 17 12:01:26 AM","67833534620","2025 Dec 16 06:20:00 PM","GENESEE","4893","VIOLENT CRIME","R"
"2025-368067","2025 Dec 16 07:21:00 PM","67831108062","2025 Dec 16 06:37:00 PM","DOWNTOWN COMMERCIAL","2359","VIOLENT CRIME","M"
"2025-368173","2025 Dec 16 09:43:46 PM","67831849331","2025 Dec 16 06:40:00 PM","CAPITOL HILL","640","ALL OTHER","C"
"2025-922955","2025 Dec 23 07:21:36 AM","67912450738","2025 Dec 16 06:45:00 PM","PIONEER SQUARE","6097","PROPERTY CRIME","K"
"2025-923138","2025 Dec 24 09:12:33 AM","67923121686","2025 Dec 16 06:59:00 PM","QUEEN ANNE","4706","PROPERTY CRIME","Q"
"2025-368085","2025 Dec 16 10:08:08 PM","67831951084","2025 Dec 16 06:59:00 PM","BALLARD SOUTH","6454","PROPERTY CRIME","B"
"2025-922722","2025 Dec 17 09:52:56 AM","67838329447","2025 Dec 16 07:00:00 PM","CENTRAL AREA/SQUIRE PARK","10583","PROPERTY CRIME","C"
"2025-923020","2025 Dec 23 09:43:35 AM","67913556990","2025 Dec 16 07:00:00 PM","SLU/CASCADE","11431","ALL OTHER","M"
"2025-922956","2025 Dec 23 07:21:59 AM","67912455008","2025 Dec 16 07:15:00 PM","GREENWOOD","871","PROPERTY CRIME","J"
"2025-368800","2025 Dec 17 01:47:13 PM","67840476585","2025 Dec 16 07:30:00 PM","BALLARD NORTH","1601","PROPERTY CRIME","J"
"2025-368589","2025 Dec 17 10:42:34 AM","67838792363","2025 Dec 16 07:30:00 PM","QUEEN ANNE","10664","PROPERTY CRIME","Q"
"2025-368282","2025 Dec 17 02:40:33 AM","67834131549","2025 Dec 16 07:30:00 PM","SLU/CASCADE","8728","PROPERTY CRIME","Q"
"2025-368115","2025 Dec 16 10:54:54 PM","67832147329","2025 Dec 16 07:44:00 PM","UNIVERSITY","8127","ALL OTHER","U"
"2025-368123","2025 Dec 16 10:33:53 PM","67833594221","2025 Dec 16 07:51:00 PM","JUDKINS PARK/NORTH BEACON HILL","REDACTED","ALL OTHER","G"
"2025-368123","2025 Dec 16 10:33:53 PM","67833559836","2025 Dec 16 07:51:00 PM","JUDKINS PARK/NORTH BEACON HILL","REDACTED","ALL OTHER","G"
"2025-368144","2025 Dec 16 10:03:03 PM","67833155470","2025 Dec 16 08:00:00 PM","DOWNTOWN COMMERCIAL","6612","PROPERTY CRIME","M"
"2025-368610","2025 Dec 17 04:02:48 PM","67841644926","2025 Dec 16 08:00:00 PM","BELLTOWN","12716","PROPERTY CRIME","M"
"2025-700621","2025 Dec 23 12:33:32 PM","67915006880","2025 Dec 16 08:00:00 PM","BITTERLAKE","12160","PROPERTY CRIME","N"
"2025-923004","2025 Dec 23 09:23:06 AM","67913396799","2025 Dec 16 08:01:00 PM","MAGNOLIA","5425","ALL OTHER","Q"
"2025-368148","2025 Dec 16 11:48:43 PM","67833485014","2025 Dec 16 08:18:00 PM","UNIVERSITY","REDACTED","ALL OTHER","U"
"2026-900046","2026 Jan 02 10:58:36 AM","68019591305","2025 Dec 16 08:25:00 PM","UNIVERSITY","6403","ALL OTHER","U"
"2025-368748","2025 Dec 17 06:36:36 PM","67842694301","2025 Dec 16 08:44:00 PM","LAKECITY","5659","PROPERTY CRIME","L"
"2026-900100","2026 Jan 03 08:14:03 AM","68032430171","2025 Dec 16 09:00:00 PM","DOWNTOWN COMMERCIAL","10393","PROPERTY CRIME","M"
"2025-923027","2025 Dec 23 09:47:35 AM","67913585085","2025 Dec 16 09:00:00 PM","ROOSEVELT/RAVENNA","8700","PROPERTY CRIME","J"
"2025-923017","2025 Dec 23 09:42:14 AM","67913548137","2025 Dec 16 09:00:00 PM","BELLTOWN","8889","PROPERTY CRIME","D"
"2025-923013","2025 Dec 23 09:36:40 AM","67913506040","2025 Dec 16 09:00:00 PM","BALLARD NORTH","292","PROPERTY CRIME","J"
"2025-368532","2025 Dec 17 10:05:31 AM","67838448835","2025 Dec 16 09:00:00 PM","NORTHGATE","3601","PROPERTY CRIME","L"
"2025-368185","2025 Dec 16 10:26:35 PM","67832026679","2025 Dec 16 09:16:00 PM","JUDKINS PARK/NORTH BEACON HILL","REDACTED","VIOLENT CRIME","G"
"2025-368189","2025 Dec 16 11:50:43 PM","67833473507","2025 Dec 16 09:21:00 PM","HIGHLAND PARK","7337","ALL OTHER","F"
"2025-368193","2025 Dec 16 11:43:20 PM","67833476559","2025 Dec 16 09:28:00 PM","LAKECITY","13044","VIOLENT CRIME","L"
"2025-368193","2025 Dec 16 11:43:20 PM","67833200217","2025 Dec 16 09:28:00 PM","LAKECITY","13044","ALL OTHER","L"
"2025-368868","2025 Dec 17 03:49:08 PM","67841517514","2025 Dec 16 09:30:00 PM","QUEEN ANNE","8200","ALL OTHER","Q"
"2025-368197","2025 Dec 16 10:38:05 PM","67832078722","2025 Dec 16 09:31:00 PM","UNIVERSITY","2047","VIOLENT CRIME","U"
"2025-922970","2025 Dec 23 08:15:50 AM","67912851812","2025 Dec 16 10:00:00 PM","UNIVERSITY","7086","ALL OTHER","U"
"2025-923259","2025 Dec 28 10:18:09 AM","67965972509","2025 Dec 16 10:00:00 PM","CAPITOL HILL","4888","PROPERTY CRIME","C"
"2025-923019","2025 Dec 23 09:43:06 AM","67913554289","2025 Dec 16 10:00:00 PM","NORTH ADMIRAL","8663","PROPERTY CRIME","W"
"2025-922999","2025 Dec 23 09:19:06 AM","67913369432","2025 Dec 16 10:00:00 PM","BELLTOWN","12712","PROPERTY CRIME","D"
"2025-923059","2025 Dec 23 11:26:37 AM","67914468716","2025 Dec 16 10:00:00 PM","NORTHGATE","7925","PROPERTY CRIME","L"
"2025-368501","2025 Dec 17 08:33:52 AM","67837642296","2025 Dec 16 10:00:00 PM","SANDPOINT","5059","PROPERTY CRIME","U"
"2025-923035","2025 Dec 23 10:02:41 AM","67913706791","2025 Dec 16 10:30:00 PM","ROOSEVELT/RAVENNA","11154","PROPERTY CRIME","U"
"2025-923011","2025 Dec 23 09:35:47 AM","67913498044","2025 Dec 16 10:52:00 PM","QUEEN ANNE","5401","ALL OTHER","Q"
"2025-922961","2025 Dec 23 07:51:17 AM","67912665097","2025 Dec 16 11:00:00 PM","FREMONT","4067","PROPERTY CRIME","B"
"2025-922968","2025 Dec 23 08:14:57 AM","67912845467","2025 Dec 16 11:00:00 PM","FREMONT","486","PROPERTY CRIME","B"
"2025-368273","2025 Dec 17 01:25:53 AM","67833922587","2025 Dec 16 11:28:00 PM","DOWNTOWN COMMERCIAL","12793","ALL OTHER","K"
"2025-923657","2025 Dec 30 01:54:18 PM","67986755945","2025 Dec 16 11:30:00 PM","MAGNOLIA","1673","PROPERTY CRIME","Q"
"2025-368280","2025 Dec 17 12:35:31 AM","67833623012","2025 Dec 16 11:47:00 PM","CAPITOL HILL","REDACTED","ALL OTHER","E"
"2025-368280","2025 Dec 17 12:35:31 AM","67833623951","2025 Dec 16 11:47:00 PM","CAPITOL HILL","REDACTED","ALL OTHER","E"
"2025-368280","2025 Dec 17 12:35:31 AM","67836807735","2025 Dec 16 11:47:00 PM","CAPITOL HILL","REDACTED","ALL OTHER","E"
"2025-369208","2025 Dec 17 09:30:22 PM","67843614602","2025 Dec 16 11:51:00 PM","SLU/CASCADE","REDACTED","ALL OTHER","D"
"2025-368284","2025 Dec 17 03:32:34 AM","67835486407","2025 Dec 16 11:51:00 PM","SLU/CASCADE","6014","ALL OTHER","D"
"2025-369812","2025 Dec 18 03:43:54 PM","67856269057","2025 Dec 17 12:00:00 AM","PIONEER SQUARE","6104","ALL OTHER","K"
"2025-370876","2025 Dec 19 03:36:32 PM","67873434605","2025 Dec 17 12:00:00 AM","WALLINGFORD","8338","PROPERTY CRIME","B"
"2025-369081","2025 Dec 17 10:23:17 PM","67843877431","2025 Dec 17 12:00:00 AM","ROXHILL/WESTWOOD/ARBOR HEIGHTS","10484","PROPERTY CRIME","F"
"2026-020572","2026 Jan 22 06:29:29 AM","68268670855","2025 Dec 17 12:00:00 AM","NORTHGATE","4712","PROPERTY CRIME","L"
"2025-923368","2025 Dec 28 01:02:51 PM","67966787328","2025 Dec 17 12:00:00 AM","ROOSEVELT/RAVENNA","8498","ALL OTHER","J"
"2025-923033","2025 Dec 23 10:01:12 AM","67913695708","2025 Dec 17 12:00:00 AM","QUEEN ANNE","4375","PROPERTY CRIME","Q"
"2025-369150","2025 Dec 17 08:24:57 PM","67843280783","2025 Dec 17 12:00:00 AM","MORGAN","3813","PROPERTY CRIME","W"
"2025-369224","2025 Dec 17 11:00:11 PM","67844027128","2025 Dec 17 12:00:00 AM","ALASKA JUNCTION","REDACTED","VIOLENT CRIME","W"
"2026-006330","2026 Jan 07 11:20:34 PM","68093057521","2025 Dec 17 12:00:00 AM","CHINATOWN/INTERNATIONAL DISTRICT","6357","PROPERTY CRIME","K"
"2025-371693","2025 Dec 20 01:44:50 PM","67883935855","2025 Dec 17 12:00:00 AM","NORTH DELRIDGE","8244","PROPERTY CRIME","W"
"2025-923062","2025 Dec 23 11:28:54 AM","67914486706","2025 Dec 17 12:00:00 AM","HIGHLAND PARK","4150","PROPERTY CRIME","F"
"2025-368511","2025 Dec 17 11:34:14 AM","67840273561","2025 Dec 17 12:00:00 AM","FIRST HILL","REDACTED","ALL OTHER","E"
"2025-370537","2025 Dec 19 08:27:07 AM","67866702694","2025 Dec 17 12:00:00 AM","COLUMBIA CITY","7835","PROPERTY CRIME","R"
"2026-006842","2026 Jan 08 09:37:23 AM","68101609949","2025 Dec 17 12:00:00 AM","SANDPOINT","740","PROPERTY CRIME","U"
"2026-006947","2026 Jan 08 10:58:01 AM","68102579438","2025 Dec 17 12:00:00 AM","SLU/CASCADE","2353","ALL OTHER","D"
"2025-368511","2025 Dec 17 11:34:14 AM","67839271434","2025 Dec 17 12:00:00 AM","FIRST HILL","REDACTED","VIOLENT CRIME","E"
"2025-923099","2025 Dec 23 01:27:18 PM","67915556082","2025 Dec 17 12:00:00 AM","MAGNOLIA","3971","ALL OTHER","Q"
"2025-370955","2025 Dec 19 04:11:41 PM","67873741353","2025 Dec 17 12:00:00 AM","UNIVERSITY","5035","ALL OTHER","U"
"2025-374435","2025 Dec 23 01:18:59 PM","67915514738","2025 Dec 17 12:00:00 AM","MILLER PARK","1687","PROPERTY CRIME","C"
"2026-001467","2026 Jan 02 04:29:57 PM","68117402446","2025 Dec 17 12:00:00 AM","BALLARD SOUTH","3346","ALL OTHER","B"
"2026-900429","2026 Jan 06 07:54:03 AM","68077006302","2025 Dec 17 12:00:00 AM","CAPITOL HILL","7629","PROPERTY CRIME","E"
"2026-900429","2026 Jan 06 07:54:03 AM","68070708986","2025 Dec 17 12:00:00 AM","CAPITOL HILL","7629","PROPERTY CRIME","E"
"2025-369088","2025 Dec 18 09:17:27 AM","67852484881","2025 Dec 17 12:30:00 AM","PIONEER SQUARE","REDACTED","ALL OTHER","K"
"2025-923002","2025 Dec 23 09:21:37 AM","67913385717","2025 Dec 17 12:45:00 AM","NORTHGATE","3861","ALL OTHER","L"
"2025-923028","2025 Dec 23 09:47:55 AM","67913587055","2025 Dec 17 01:00:00 AM","MOUNT BAKER","10156","ALL OTHER","R"
"2025-923349","2025 Dec 28 12:53:31 PM","67966736122","2025 Dec 17 01:00:00 AM","GREENWOOD","8236","PROPERTY CRIME","J"
"2025-923005","2025 Dec 23 09:24:01 AM","67913401713","2025 Dec 17 01:00:00 AM","PHINNEY RIDGE","3058","PROPERTY CRIME","B"
"2025-923024","2025 Dec 23 09:46:29 AM","67913575705","2025 Dec 17 01:00:00 AM","BELLTOWN","3446","PROPERTY CRIME","D"
"2025-368321","2025 Dec 17 03:55:41 AM","67835572380","2025 Dec 17 01:09:00 AM","GREENWOOD","5531","ALL OTHER","N"
"2025-368327","2025 Dec 17 02:02:33 AM","67834025289","2025 Dec 17 01:20:00 AM","FIRST HILL","6356","VIOLENT CRIME","G"
"2025-368327","2025 Dec 17 02:02:33 AM","67834034107","2025 Dec 17 01:20:00 AM","FIRST HILL","6356","ALL OTHER","G"
"2025-369565","2025 Dec 18 10:17:33 PM","67858906922","2025 Dec 17 02:00:00 AM","BALLARD NORTH","1391","VIOLENT CRIME","J"
"2025-368349","2025 Dec 17 03:12:42 AM","67834779714","2025 Dec 17 02:15:00 AM","RAINIER BEACH","4661","ALL OTHER","S"
"2025-368352","2025 Dec 19 01:12:25 AM","67861523623","2025 Dec 17 02:21:00 AM","BELLTOWN","3446","PROPERTY CRIME","D"
"2025-923054","2025 Dec 23 11:24:42 AM","67914452347","2025 Dec 17 03:00:00 AM","MONTLAKE/PORTAGE BAY","8387","PROPERTY CRIME","C"
"2025-922997","2025 Dec 23 08:50:19 AM","67913138526","2025 Dec 17 03:00:00 AM","WALLINGFORD","8090","PROPERTY CRIME","B"
"2025-368595","2025 Dec 17 03:33:37 PM","67841439017","2025 Dec 17 04:00:00 AM","BALLARD SOUTH","6056","ALL OTHER","B"
"2025-368595","2025 Dec 17 03:33:37 PM","67841412219","2025 Dec 17 04:00:00 AM","BALLARD SOUTH","6056","PROPERTY CRIME","B"
"2025-368400","2025 Dec 17 06:13:32 AM","67838520024","2025 Dec 17 04:30:00 AM","LAKECITY","5660","ALL OTHER","L"
"2025-368400","2025 Dec 17 06:13:32 AM","67836271147","2025 Dec 17 04:30:00 AM","LAKECITY","5660","VIOLENT CRIME","L"
"2025-368683","2025 Dec 17 05:48:47 PM","67858157560","2025 Dec 17 05:22:00 AM","BALLARD SOUTH","5634","ALL OTHER","B"
"2025-368683","2025 Dec 17 05:48:47 PM","67842387241","2025 Dec 17 05:22:00 AM","BALLARD SOUTH","5634","PROPERTY CRIME","B"
"2025-368413","2025 Dec 17 12:51:16 PM","67848816584","2025 Dec 17 05:43:00 AM","MID BEACON HILL","5466","PROPERTY CRIME","S"
"2025-369045","2025 Dec 17 05:35:53 PM","67842300278","2025 Dec 17 06:00:00 AM","SLU/CASCADE","REDACTED","VIOLENT CRIME","D"
"2025-368429","2025 Dec 17 07:03:54 AM","67836601545","2025 Dec 17 06:27:00 AM","SLU/CASCADE","1009","ALL OTHER","D"
"2025-923061","2025 Dec 23 11:28:35 AM","67914484317","2025 Dec 17 06:30:00 AM","WALLINGFORD","2409","PROPERTY CRIME","B"
"2025-368430","2025 Dec 17 08:13:05 AM","67837492677","2025 Dec 17 06:33:00 AM","CAPITOL HILL","10576","PROPERTY CRIME","E"
"2025-923064","2025 Dec 23 11:29:40 AM","67914492704","2025 Dec 17 06:57:00 AM","GREENWOOD","2198","PROPERTY CRIME","N"
"2026-024022","2026 Jan 26 03:33:38 AM","68309197701","2025 Dec 17 07:00:00 AM","NEW HOLLY","1460","ALL OTHER","S"
"2025-923107","2025 Dec 23 01:30:17 PM","67915578542","2025 Dec 17 07:00:00 AM","GEORGETOWN","10057","PROPERTY CRIME","O"
"2025-372069","2025 Dec 20 07:39:39 PM","67885929641","2025 Dec 17 07:30:00 AM","ROOSEVELT/RAVENNA","1973","PROPERTY CRIME","J"
"2025-368481","2025 Dec 17 08:13:11 AM","67837397317","2025 Dec 17 08:08:00 AM","MOUNT BAKER","11407","ALL OTHER","R"
"2025-368486","2025 Dec 17 12:13:22 PM","67839612468","2025 Dec 17 08:10:00 AM","NORTH BEACON HILL","1815","ALL OTHER","R"
"2025-368524","2025 Dec 17 09:21:36 AM","67838059516","2025 Dec 17 08:15:00 AM","NORTHGATE","600","PROPERTY CRIME","L"
"2025-369736","2025 Dec 18 06:27:52 PM","67857666038","2025 Dec 17 08:30:00 AM","SLU/CASCADE","12492","PROPERTY CRIME","D"
"2025-368512","2025 Dec 17 11:16:47 AM","67839395053","2025 Dec 17 08:39:00 AM","GREENWOOD","2831","PROPERTY CRIME","N"
"2025-368528","2025 Dec 17 10:47:26 AM","67838850021","2025 Dec 17 08:59:00 AM","SLU/CASCADE","3164","ALL OTHER","D"
"2025-368841","2025 Dec 17 03:15:05 PM","67841252219","2025 Dec 17 09:00:00 AM","BELLTOWN","10196","PROPERTY CRIME","D"
"2025-369594","2025 Dec 18 06:05:31 PM","67857480610","2025 Dec 17 09:00:00 AM","QUEEN ANNE","8487","PROPERTY CRIME","Q"
"2025-923375","2025 Dec 28 01:05:31 PM","67966801651","2025 Dec 17 09:15:00 AM","FREMONT","6211","ALL OTHER","B"
"2025-923091","2025 Dec 23 12:37:47 PM","67915041731","2025 Dec 17 09:40:00 AM","BELLTOWN","4326","PROPERTY CRIME","D"
"2025-923111","2025 Dec 24 07:58:53 AM","67922593528","2025 Dec 17 10:00:00 AM","NORTHGATE","4588","PROPERTY CRIME","L"
"2025-923003","2025 Dec 23 09:22:13 AM","67913390371","2025 Dec 17 10:00:00 AM","UNKNOWN","-","PROPERTY CRIME","N"
"2025-368914","2025 Dec 17 07:48:48 PM","67843098777","2025 Dec 17 10:00:00 AM","FIRST HILL","8140","PROPERTY CRIME","G"
"2025-922998","2025 Dec 23 09:08:29 AM","67913290426","2025 Dec 17 10:08:00 AM","BALLARD NORTH","5611","PROPERTY CRIME","J"
"2025-923040","2025 Dec 23 11:15:41 AM","67914361402","2025 Dec 17 10:08:00 AM","BALLARD NORTH","5611","PROPERTY CRIME","J"
"2025-368594","2025 Dec 17 12:15:53 PM","67839631850","2025 Dec 17 10:17:00 AM","SLU/CASCADE","6019","PROPERTY CRIME","D"
"2025-368602","2025 Dec 17 01:05:59 PM","67840092530","2025 Dec 17 10:25:00 AM","FREMONT","7385","ALL OTHER","B"
"2025-368616","2025 Dec 17 11:39:01 AM","67839381246","2025 Dec 17 10:34:00 AM","ROOSEVELT/RAVENNA","1178","ALL OTHER","U"
"2025-368623","2025 Dec 17 11:36:38 PM","67917254215","2025 Dec 17 10:41:00 AM","FREMONT","3498","ALL OTHER","B"
"2025-369462","2025 Dec 18 10:23:05 AM","67852287781","2025 Dec 17 10:49:00 AM","QUEEN ANNE","6044","PROPERTY CRIME","Q"
"2025-923042","2025 Dec 23 11:18:30 AM","67914404452","2025 Dec 17 11:00:00 AM","ROXHILL/WESTWOOD/ARBOR HEIGHTS","7763","PROPERTY CRIME","W"
"2025-923434","2025 Dec 29 08:02:50 AM","67972791063","2025 Dec 17 11:00:00 AM","BITTERLAKE","12160","PROPERTY CRIME","N"
"2025-923123","2025 Dec 24 08:59:09 AM","67922987048","2025 Dec 17 11:00:00 AM","PIONEER SQUARE","3642","ALL OTHER","K"
"2025-368649","2025 Dec 17 12:18:06 PM","67839653827","2025 Dec 17 11:01:00 AM","UNKNOWN","99","ALL OTHER","99"
"2025-369819","2025 Dec 18 03:53:50 PM","67856345759","2025 Dec 17 11:12:00 AM","NORTH ADMIRAL","398","PROPERTY CRIME","W"
"2025-368768","2025 Dec 17 07:50:00 PM","67843116889","2025 Dec 17 11:20:00 AM","ROOSEVELT/RAVENNA","8592","ALL OTHER","U"
"2025-368679","2025 Dec 17 02:46:33 PM","67842936406","2025 Dec 17 11:26:00 AM","UNIVERSITY","8129","ALL OTHER","U"
"2025-368686","2025 Dec 17 12:27:23 PM","67839742517","2025 Dec 17 11:29:00 AM","ROXHILL/WESTWOOD/ARBOR HEIGHTS","10484","PROPERTY CRIME","F"
"2025-923078","2025 Dec 23 11:38:52 AM","67914566757","2025 Dec 17 11:38:00 AM","QUEEN ANNE","1610","PROPERTY CRIME","Q"
"2025-368703","2025 Dec 17 04:52:38 PM","68060040985","2025 Dec 17 11:42:00 AM","QUEEN ANNE","502","ALL OTHER","Q"
"2025-368701","2025 Dec 17 12:28:25 PM","67839771934","2025 Dec 17 11:48:00 AM","FIRST HILL","REDACTED","VIOLENT CRIME","G"
"2025-368692","2025 Dec 17 04:56:27 PM","67842010796","2025 Dec 17 11:51:00 AM","GENESEE","4893","PROPERTY CRIME","R"
"2025-368850","2025 Dec 17 09:57:53 PM","67844540897","2025 Dec 17 12:00:00 PM","MONTLAKE/PORTAGE BAY","REDACTED","ALL OTHER","C"
"2025-368715","2025 Dec 17 04:09:23 PM","67841887232","2025 Dec 17 12:03:00 PM","ROOSEVELT/RAVENNA","REDACTED","ALL OTHER","J"
"2025-369462","2025 Dec 18 10:23:05 AM","67852325738","2025 Dec 17 12:30:00 PM","QUEEN ANNE","6044","ALL OTHER","Q"
"2025-923127","2025 Dec 24 09:04:06 AM","67923018951","2025 Dec 17 12:30:00 PM","HIGH POINT","10172","ALL OTHER","F"
"2025-368758","2025 Dec 17 01:29:41 PM","67840329647","2025 Dec 17 12:51:00 PM","CHINATOWN/INTERNATIONAL DISTRICT","REDACTED","ALL OTHER","K"
"2025-368756","2025 Dec 17 04:00:55 PM","67841802630","2025 Dec 17 12:57:00 PM","MOUNT BAKER","REDACTED","VIOLENT CRIME","R"
"2025-368756","2025 Dec 17 04:00:55 PM","67988921356","2025 Dec 17 12:57:00 PM","MOUNT BAKER","REDACTED","ALL OTHER","R"
"2025-923087","2025 Dec 23 12:32:42 PM","67915000420","2025 Dec 17 01:00:00 PM","GEORGETOWN","11067","ALL OTHER","O"
"2026-900129","2026 Jan 03 09:59:22 AM","68032975799","2025 Dec 17 01:00:00 PM","SLU/CASCADE","11225","PROPERTY CRIME","D"
"2025-922965","2025 Dec 23 08:13:48 AM","67912831489","2025 Dec 17 01:12:00 PM","ROOSEVELT/RAVENNA","5234","ALL OTHER","J"
"2026-900689","2026 Jan 10 12:22:33 PM","68125916503","2025 Dec 17 01:15:00 PM","CAPITOL HILL","6965","PROPERTY CRIME","E"
"2025-368812","2025 Dec 17 06:12:11 PM","67842576201","2025 Dec 17 01:36:00 PM","FAUNTLEROY SW","7762","ALL OTHER","W"
"2025-923112","2025 Dec 24 07:59:18 AM","67922597124","2025 Dec 17 01:40:00 PM","SOUTH DELRIDGE","12178","PROPERTY CRIME","F"
"2025-368988","2025 Dec 17 05:09:28 PM","67842112019","2025 Dec 17 01:45:00 PM","SANDPOINT","3358","PROPERTY CRIME","U"
"2025-368824","2025 Dec 17 03:33:22 PM","67841425203","2025 Dec 17 01:49:00 PM","CAPITOL HILL","REDACTED","ALL OTHER","E"
"2025-368830","2025 Dec 17 06:24:00 PM","67842579520","2025 Dec 17 01:59:00 PM","CHINATOWN/INTERNATIONAL DISTRICT","1947","ALL OTHER","K"
"2025-368834","2025 Dec 17 04:52:11 PM","67843287719","2025 Dec 17 01:59:00 PM","MAGNOLIA","1477","PROPERTY CRIME","Q"
"2025-368830","2025 Dec 17 06:24:00 PM","67905802685","2025 Dec 17 01:59:00 PM","CHINATOWN/INTERNATIONAL DISTRICT","1947","ALL OTHER","K"
"2025-368830","2025 Dec 17 06:24:00 PM","67905802779","2025 Dec 17 01:59:00 PM","CHINATOWN/INTERNATIONAL DISTRICT","1947","ALL OTHER","K"
"2025-923074","2025 Dec 23 11:33:24 AM","67914524383","2025 Dec 17 02:00:00 PM","FREMONT","3404","PROPERTY CRIME","B"
"2025-376794","2025 Dec 26 08:15:54 PM","67945115737","2025 Dec 17 02:00:00 PM","MADRONA/LESCHI","5501","ALL OTHER","G"
"2025-376794","2025 Dec 26 08:15:54 PM","67945102882","2025 Dec 17 02:00:00 PM","MADRONA/LESCHI","5501","PROPERTY CRIME","G"
"2025-368973","2025 Dec 17 05:37:59 PM","67842343331","2025 Dec 17 02:14:00 PM","FAUNTLEROY SW","7761","ALL OTHER","W"
"2025-368851","2025 Dec 17 03:03:36 PM","67841184050","2025 Dec 17 02:18:00 PM","ROOSEVELT/RAVENNA","6568","PROPERTY CRIME","U"
"2026-900347","2026 Jan 05 10:02:34 AM","68058320814","2025 Dec 17 03:00:00 PM","MADRONA/LESCHI","2593","PROPERTY CRIME","G"
"2025-368908","2025 Dec 17 04:12:54 PM","67841695947","2025 Dec 17 03:07:00 PM","CHINATOWN/INTERNATIONAL DISTRICT","REDACTED","ALL OTHER","K"
"2025-368925","2025 Dec 17 04:48:01 PM","67841949355","2025 Dec 17 03:21:00 PM","SLU/CASCADE","719","PROPERTY CRIME","D"
"2025-923044","2025 Dec 23 11:19:49 AM","67914414632","2025 Dec 17 03:30:00 PM","ROXHILL/WESTWOOD/ARBOR HEIGHTS","12667","PROPERTY CRIME","F"
"2025-923126","2025 Dec 24 09:03:21 AM","67923014935","2025 Dec 17 03:30:00 PM","BELLTOWN","3447","PROPERTY CRIME","D"
"2025-923433","2025 Dec 29 08:02:22 AM","67972786796","2025 Dec 17 04:00:00 PM","NORTH BEACON HILL","5641","PROPERTY CRIME","R"
"2025-368970","2025 Dec 19 05:43:20 PM","67874334696","2025 Dec 17 04:00:00 PM","UNIVERSITY","REDACTED","ALL OTHER","U"
"2025-368975","2025 Dec 17 05:26:13 PM","67842240109","2025 Dec 17 04:20:00 PM","NORTH ADMIRAL","8663","ALL OTHER","W"
"2025-923076","2025 Dec 23 11:37:12 AM","67914554946","2025 Dec 17 04:30:00 PM","BALLARD SOUTH","2582","PROPERTY CRIME","B"
"2025-923072","2025 Dec 23 11:32:44 AM","67914518162","2025 Dec 17 04:45:00 PM","CAPITOL HILL","7629","PROPERTY CRIME","E"
"2025-369015","2025 Dec 17 10:41:32 PM","67843976631","2025 Dec 17 04:55:00 PM","QUEEN ANNE","7185","PROPERTY CRIME","Q"
"2025-923139","2025 Dec 24 09:12:59 AM","67923124682","2025 Dec 17 05:00:00 PM","ALKI","10589","PROPERTY CRIME","W"
"2025-923152","2025 Dec 24 10:05:24 AM","67923521458","2025 Dec 17 05:00:00 PM","ROOSEVELT/RAVENNA","12959","PROPERTY CRIME","U"
"2026-900262","2026 Jan 04 09:43:43 AM","68045961999","2025 Dec 17 05:00:00 PM","CAPITOL HILL","4888","PROPERTY CRIME","C"
"2025-369461","2025 Dec 18 08:09:57 AM","67849845189","2025 Dec 17 05:30:00 PM","SODO","3790","PROPERTY CRIME","O"
"2025-923137","2025 Dec 24 09:11:41 AM","67923116027","2025 Dec 17 05:30:00 PM","BALLARD SOUTH","10930","PROPERTY CRIME","B"
"2025-923071","2025 Dec 23 11:32:16 AM","67914514633","2025 Dec 17 05:30:00 PM","QUEEN ANNE","7691","PROPERTY CRIME","Q"
"2025-923060","2025 Dec 23 11:26:59 AM","67914472174","2025 Dec 17 05:35:00 PM","BELLTOWN","8884","PROPERTY CRIME","D"
"2025-700636","2026 Jan 12 04:02:12 PM","68153218311","2025 Dec 17 05:39:00 PM","ROXHILL/WESTWOOD/ARBOR HEIGHTS","10484","PROPERTY CRIME","F"
"2025-923251","2025 Dec 28 09:04:36 AM","67965657251","2025 Dec 17 06:00:00 PM","NORTH BEACON HILL","12209","PROPERTY CRIME","R"
"2025-369229","2025 Dec 17 11:08:02 PM","67844257261","2025 Dec 17 06:00:00 PM","ROOSEVELT/RAVENNA","REDACTED","ALL OTHER","J"
"2025-923192","2025 Dec 24 01:12:22 PM","67924679159","2025 Dec 17 06:00:00 PM","NORTH BEACON HILL","8025","ALL OTHER","R"
"2025-369079","2025 Dec 17 11:33:15 PM","67845029282","2025 Dec 17 06:05:00 PM","MID BEACON HILL","11164","ALL OTHER","R"
"2025-369074","2025 Dec 17 06:46:02 PM","67842739800","2025 Dec 17 06:08:00 PM","LAKECITY","10405","PROPERTY CRIME","L"
"2026-900647","2026 Jan 10 08:54:27 AM","68124848432","2025 Dec 17 06:25:00 PM","BALLARD SOUTH","5063","PROPERTY CRIME","B"
"2026-900714","2026 Jan 10 01:40:52 PM","68126339634","2025 Dec 17 06:30:00 PM","QUEEN ANNE","4841","PROPERTY CRIME","Q"
"2025-923069","2025 Dec 23 11:31:29 AM","67914509282","2025 Dec 17 06:40:00 PM","QUEEN ANNE","8943","PROPERTY CRIME","Q"
"2025-369114","2025 Dec 17 08:09:30 PM","67843189629","2025 Dec 17 06:57:00 PM","ROXHILL/WESTWOOD/ARBOR HEIGHTS","10484","PROPERTY CRIME","F"
"2025-923094","2025 Dec 23 12:39:04 PM","67915052733","2025 Dec 17 07:00:00 PM","QUEEN ANNE","12022","PROPERTY CRIME","Q"
"2025-369115","2025 Dec 17 10:00:41 PM","67856913469","2025 Dec 17 07:00:00 PM","NEW HOLLY","1629","ALL OTHER","S"
"2025-923660","2025 Dec 30 01:55:44 PM","67986770743","2025 Dec 17 07:00:00 PM","DOWNTOWN COMMERCIAL","658","PROPERTY CRIME","M"
"2025-923157","2025 Dec 24 10:10:49 AM","67923554702","2025 Dec 17 07:00:00 PM","HILLMAN CITY","2120","PROPERTY CRIME","R"
"2025-923067","2025 Dec 23 11:30:52 AM","67914502663","2025 Dec 17 07:00:00 PM","PIONEER SQUARE","6097","PROPERTY CRIME","K"
"2025-369115","2025 Dec 17 10:00:41 PM","67843861608","2025 Dec 17 07:00:00 PM","NEW HOLLY","1629","VIOLENT CRIME","S"
"2025-923108","2025 Dec 24 06:02:13 AM","67921946123","2025 Dec 17 07:00:00 PM","DOWNTOWN COMMERCIAL","2645","PROPERTY CRIME","M"
"2025-369790","2025 Dec 18 01:42:12 PM","67855178979","2025 Dec 17 07:05:00 PM","FIRST HILL","11480","VIOLENT CRIME","E"
"2025-369123","2025 Dec 17 11:36:18 PM","67845033082","2025 Dec 17 07:09:00 PM","FIRST HILL","REDACTED","ALL OTHER","G"
"2025-369124","2025 Dec 17 11:04:21 PM","67844492145","2025 Dec 17 07:12:00 PM","CAPITOL HILL","REDACTED","ALL OTHER","E"
"2025-369139","2025 Dec 17 10:11:12 PM","67843873683","2025 Dec 17 07:28:00 PM","SANDPOINT","7528","ALL OTHER","U"
"2025-923075","2025 Dec 23 11:34:59 AM","67914537491","2025 Dec 17 07:40:00 PM","DOWNTOWN COMMERCIAL","10909","PROPERTY CRIME","M"
"2025-369142","2025 Dec 17 09:04:31 PM","67917301784","2025 Dec 17 07:41:00 PM","CLAREMONT/RAINIER VISTA","7469","ALL OTHER","R"
"2025-369145","2025 Dec 17 09:17:09 PM","67843552876","2025 Dec 17 07:47:00 PM","QUEEN ANNE","REDACTED","ALL OTHER","Q"
"2025-369231","2025 Dec 18 12:11:39 AM","67845426683","2025 Dec 17 08:00:00 PM","BITTERLAKE","12160","PROPERTY CRIME","N"
"2025-923113","2025 Dec 24 07:59:38 AM","67922598786","2025 Dec 17 08:37:00 PM","NORTHGATE","2055","PROPERTY CRIME","L"
"2025-369179","2025 Dec 17 11:18:36 PM","67844914251","2025 Dec 17 08:53:00 PM","ROXHILL/WESTWOOD/ARBOR HEIGHTS","2993","ALL OTHER","W"
"2025-369179","2025 Dec 17 11:18:36 PM","67844912383","2025 Dec 17 08:53:00 PM","ROXHILL/WESTWOOD/ARBOR HEIGHTS","2993","ALL OTHER","W"
"2025-923103","2025 Dec 23 01:28:49 PM","67915567996","2025 Dec 17 09:00:00 PM","QUEEN ANNE","7691","PROPERTY CRIME","Q"
"2025-373766","2025 Dec 22 06:11:06 PM","67903386496","2025 Dec 17 09:00:00 PM","ROOSEVELT/RAVENNA","10644","PROPERTY CRIME","U"
"2025-923102","2025 Dec 23 01:28:31 PM","67915565249","2025 Dec 17 09:00:00 PM","MAGNOLIA","8905","PROPERTY CRIME","Q"
"2025-923129","2025 Dec 24 09:05:24 AM","67923028475","2025 Dec 17 09:00:00 PM","MAGNOLIA","2637","PROPERTY CRIME","Q"
"2025-923118","2025 Dec 24 08:54:55 AM","67922959471","2025 Dec 17 09:00:00 PM","NORTHGATE","1063","PROPERTY CRIME","L"
"2025-369912","2025 Dec 18 11:05:28 PM","67873180110","2025 Dec 17 09:10:00 PM","UNIVERSITY","5035","ALL OTHER","U"
"2025-369912","2025 Dec 18 11:05:28 PM","67859571601","2025 Dec 17 09:10:00 PM","UNIVERSITY","5035","ALL OTHER","U"
"2025-369191","2025 Dec 17 09:38:02 PM","67843675361","2025 Dec 17 09:13:00 PM","MID BEACON HILL","10514","PROPERTY CRIME","S"
"2026-900571","2026 Jan 09 10:11:52 AM","68112282898","2025 Dec 17 10:00:00 PM","DOWNTOWN COMMERCIAL","12790","PROPERTY CRIME","M"
"2025-369517","2025 Dec 18 08:44:28 AM","67850120461","2025 Dec 17 10:00:00 PM","MAGNOLIA","2569","PROPERTY CRIME","Q"
"2025-923068","2025 Dec 23 11:31:12 AM","67914506806","2025 Dec 17 10:13:00 PM","NORTH DELRIDGE","2028","PROPERTY CRIME","W"
"2025-369245","2025 Dec 18 12:52:05 AM","67845537519","2025 Dec 17 10:15:00 PM","UNIVERSITY","REDACTED","VIOLENT CRIME","U"
"2025-923114","2025 Dec 24 08:00:02 AM","67922600553","2025 Dec 17 10:30:00 PM","WALLINGFORD","8343","PROPERTY CRIME","B"
"2025-369643","2025 Dec 18 11:12:46 AM","67852816340","2025 Dec 17 10:33:00 PM","MONTLAKE/PORTAGE BAY","1932","PROPERTY CRIME","C"
"2025-923097","2025 Dec 23 12:40:11 PM","67915061128","2025 Dec 17 11:00:00 PM","BELLTOWN","1893","PROPERTY CRIME","D"
"2025-369274","2025 Dec 17 11:53:12 PM","67845347439","2025 Dec 17 11:02:00 PM","BITTERLAKE","7450","ALL OTHER","N"
"2025-923130","2025 Dec 24 09:07:21 AM","67923084876","2025 Dec 17 11:14:00 PM","NORTH ADMIRAL","398","PROPERTY CRIME","W"
"2025-369283","2025 Dec 18 08:43:43 AM","67850237867","2025 Dec 17 11:15:00 PM","LAKECITY","12679","ALL OTHER","L"
"2025-369284","2025 Dec 18 12:52:27 AM","67845546654","2025 Dec 17 11:21:00 PM","MADRONA/LESCHI","1937","ALL OTHER","C"
"2025-370645","2025 Dec 19 12:26:39 PM","67871140257","2025 Dec 18 12:00:00 AM","JUDKINS PARK/NORTH BEACON HILL","4974","PROPERTY CRIME","G"
"2025-373303","2025 Dec 22 11:34:28 AM","67900260139","2025 Dec 18 12:00:00 AM","RAINIER VIEW","7019","ALL OTHER","S"
"2026-900682","2026 Jan 10 12:19:18 PM","68125899779","2025 Dec 18 12:00:00 AM","PHINNEY RIDGE","1474","PROPERTY CRIME","J"
"2025-370791","2025 Dec 19 01:17:23 PM","67871865981","2025 Dec 18 12:00:00 AM","GREENWOOD","2828","PROPERTY CRIME","J"
"2025-377488","2025 Dec 27 11:34:28 AM","67954348706","2025 Dec 18 12:00:00 AM","QUEEN ANNE","1163","PROPERTY CRIME","Q"
"2025-923161","2025 Dec 24 10:14:06 AM","67923576560","2025 Dec 18 12:00:00 AM","SLU/CASCADE","3930","PROPERTY CRIME","D"
"2025-370428","2025 Dec 19 12:41:26 PM","67871677339","2025 Dec 18 12:00:00 AM","UNIVERSITY","610","ALL OTHER","U"
"2025-369569","2025 Dec 18 09:49:37 AM","67851481724","2025 Dec 18 12:00:00 AM","MAGNOLIA","31","PROPERTY CRIME","Q"
"2025-371752","2025 Dec 20 05:11:16 PM","67885098832","2025 Dec 18 12:00:00 AM","SANDPOINT","60","PROPERTY CRIME","U"
"2026-900428","2026 Jan 06 07:53:25 AM","68070704434","2025 Dec 18 12:00:00 AM","SLU/CASCADE","2933","ALL OTHER","D"
"2025-370893","2025 Dec 19 03:24:11 PM","67873352189","2025 Dec 18 12:00:00 AM","MONTLAKE/PORTAGE BAY","4882","PROPERTY CRIME","C"
"2025-370309","2025 Dec 19 12:38:06 AM","67860647350","2025 Dec 18 12:00:00 AM","DOWNTOWN COMMERCIAL","3166","ALL OTHER","M"
"2025-370626","2025 Dec 19 10:43:07 AM","67869526062","2025 Dec 18 12:00:00 AM","GREENWOOD","5092","PROPERTY CRIME","J"
"2025-371147","2025 Dec 20 12:49:33 AM","67877973972","2025 Dec 18 12:00:00 AM","BALLARD SOUTH","REDACTED","ALL OTHER","B"
"2026-900573","2026 Jan 09 10:13:17 AM","68112294555","2025 Dec 18 12:00:00 AM","CLAREMONT/RAINIER VISTA","11178","PROPERTY CRIME","R"
"2025-369530","2025 Dec 18 09:02:53 AM","67850249077","2025 Dec 18 12:00:00 AM","BELLTOWN","3446","PROPERTY CRIME","D"
"2025-923208","2025 Dec 28 07:53:12 AM","67965371013","2025 Dec 18 12:00:00 AM","CAPITOL HILL","3393","PROPERTY CRIME","E"
"2025-373461","2025 Dec 22 11:42:46 AM","67900349814","2025 Dec 18 12:00:00 AM","ROOSEVELT/RAVENNA","1973","PROPERTY CRIME","J"
"2025-380866","2025 Dec 30 09:15:58 PM","67989736781","2025 Dec 18 12:00:00 AM","FIRST HILL","4576","PROPERTY CRIME","G"
"2025-369789","2025 Dec 18 01:26:08 PM","67855062484","2025 Dec 18 12:00:00 AM","SLU/CASCADE","8493","PROPERTY CRIME","D"
"2025-370024","2025 Dec 18 07:25:10 PM","67858020930","2025 Dec 18 12:00:00 AM","CAPITOL HILL","REDACTED","VIOLENT CRIME","E"
"2025-370526","2025 Dec 19 08:16:23 AM","67866612608","2025 Dec 18 12:00:00 AM","NORTHGATE","6541","PROPERTY CRIME","N"
"2025-370428","2025 Dec 19 12:41:26 PM","67871648750","2025 Dec 18 12:00:00 AM","UNIVERSITY","610","ALL OTHER","U"
"2026-003095","2026 Jan 04 09:02:05 AM","68045758812","2025 Dec 18 12:00:00 AM","FREMONT","378","PROPERTY CRIME","B"
"2025-369414","2025 Dec 18 10:41:19 AM","67852208832","2025 Dec 18 12:00:00 AM","GREENWOOD","5892","ALL OTHER","J"
"2025-370640","2025 Dec 19 12:17:03 PM","67871078452","2025 Dec 18 12:00:00 AM","LAKEWOOD/SEWARD PARK","7232","PROPERTY CRIME","R"
"2025-369303","2025 Dec 18 03:48:46 AM","67847828814","2025 Dec 18 12:04:00 AM","DOWNTOWN COMMERCIAL","10329","ALL OTHER","K"
"2025-369323","2025 Dec 18 02:06:46 AM","67846240787","2025 Dec 18 12:30:00 AM","LAKECITY","6196","ALL OTHER","L"
"2025-373651","2025 Dec 22 04:03:55 PM","67902517718","2025 Dec 18 01:00:00 AM","MORGAN","3949","PROPERTY CRIME","W"
"2026-900330","2026 Jan 05 09:55:16 AM","68069386460","2025 Dec 18 01:00:00 AM","SLU/CASCADE","3938","ALL OTHER","D"
"2025-923119","2025 Dec 24 08:55:38 AM","67922964947","2025 Dec 18 01:00:00 AM","MADRONA/LESCHI","7851","PROPERTY CRIME","G"
"2026-901060","2026 Jan 20 10:32:40 PM","68249875861","2025 Dec 18 01:00:00 AM","CAPITOL HILL","3393","PROPERTY CRIME","E"
"2026-900137","2026 Jan 03 10:05:46 AM","68033011492","2025 Dec 18 01:00:00 AM","SANDPOINT","12772","PROPERTY CRIME","U"
"2026-900330","2026 Jan 05 09:55:16 AM","68058257987","2025 Dec 18 01:00:00 AM","SLU/CASCADE","3938","PROPERTY CRIME","D"
"2025-923122","2025 Dec 24 08:58:29 AM","67922983225","2025 Dec 18 01:00:00 AM","FIRST HILL","3519","PROPERTY CRIME","E"
"2025-369451","2025 Dec 18 07:17:01 AM","67849424810","2025 Dec 18 01:19:00 AM","GREENWOOD","12673","PROPERTY CRIME","N"
"2025-369337","2025 Dec 18 02:02:15 AM","67846206349","2025 Dec 18 01:28:00 AM","NORTH DELRIDGE","10637","ALL OTHER","W"
"2025-369350","2025 Dec 18 02:32:27 AM","67846323449","2025 Dec 18 01:30:00 AM","CAPITOL HILL","1685","PROPERTY CRIME","E"
"2025-369348","2025 Dec 18 07:09:15 AM","67849374123","2025 Dec 18 01:30:00 AM","LAKECITY","REDACTED","ALL OTHER","L"
"2025-923100","2025 Dec 23 01:27:47 PM","67915559286","2025 Dec 18 02:00:00 AM","SANDPOINT","7897","PROPERTY CRIME","U"
"2025-923252","2025 Dec 28 10:11:33 AM","67965940564","2025 Dec 18 02:00:00 AM","MAGNOLIA","7945","PROPERTY CRIME","Q"
"2026-901048","2026 Jan 20 10:16:35 PM","68249806856","2025 Dec 18 02:00:00 AM","QUEEN ANNE","1441","PROPERTY CRIME","Q"
"2025-369358","2025 Dec 18 03:07:46 AM","67846403314","2025 Dec 18 02:23:00 AM","CAPITOL HILL","7707","ALL OTHER","C"
"2025-369685","2025 Dec 18 12:18:14 PM","67853864499","2025 Dec 18 02:30:00 AM","SANDPOINT","6901","PROPERTY CRIME","U"
"2025-923101","2025 Dec 23 01:28:12 PM","67915562813","2025 Dec 18 02:39:00 AM","SODO","3132","ALL OTHER","O"
"2025-369750","2025 Dec 18 01:16:50 PM","67855002105","2025 Dec 18 03:00:00 AM","SLU/CASCADE","2139","VIOLENT CRIME","D"
"2025-370705","2025 Dec 19 04:42:48 PM","67873977484","2025 Dec 18 03:00:00 AM","HIGHLAND PARK","11410","PROPERTY CRIME","F"
"2025-923109","2025 Dec 24 07:58:03 AM","67922589502","2025 Dec 18 03:00:00 AM","MAGNOLIA","30","ALL OTHER","Q"
"2025-923154","2025 Dec 24 10:08:24 AM","67923540958","2025 Dec 18 03:00:00 AM","CHINATOWN/INTERNATIONAL DISTRICT","3646","PROPERTY CRIME","K"
"2025-923163","2025 Dec 24 10:21:10 AM","67923619608","2025 Dec 18 03:10:00 AM","BALLARD NORTH","6737","PROPERTY CRIME","J"
"2025-923604","2025 Dec 30 10:40:59 AM","67985131588","2025 Dec 18 03:20:00 AM","SLU/CASCADE","11225","PROPERTY CRIME","D"
"2025-923120","2025 Dec 24 08:56:07 AM","67922968307","2025 Dec 18 03:30:00 AM","FREMONT","3893","PROPERTY CRIME","B"
"2025-369388","2025 Dec 18 05:37:54 AM","67855559340","2025 Dec 18 03:30:00 AM","COMMERCIAL HARBOR ISLAND","11120","ALL OTHER","W"
"2025-369676","2025 Dec 18 12:12:48 PM","67853770958","2025 Dec 18 03:45:00 AM","BELLTOWN","8198","PROPERTY CRIME","D"
"2025-923187","2025 Dec 24 12:17:33 PM","67924342173","2025 Dec 18 04:00:00 AM","SANDPOINT","7162","PROPERTY CRIME","U"
"2025-369544","2025 Dec 18 09:34:47 AM","67850981841","2025 Dec 18 04:40:00 AM","BALLARD SOUTH","5634","PROPERTY CRIME","B"
"2025-369544","2025 Dec 18 09:34:47 AM","67856655051","2025 Dec 18 04:40:00 AM","BALLARD SOUTH","5634","ALL OTHER","B"
"2025-370007","2025 Dec 18 05:48:36 PM","67857630849","2025 Dec 18 05:00:00 AM","SANDPOINT","10100","PROPERTY CRIME","U"
"2025-370140","2025 Dec 18 08:29:30 PM","67858376587","2025 Dec 18 05:03:00 AM","BRIGHTON/DUNLAP","REDACTED","ALL OTHER","S"
"2025-923133","2025 Dec 24 09:09:21 AM","67923095822","2025 Dec 18 05:40:00 AM","ROOSEVELT/RAVENNA","11250","PROPERTY CRIME","J"
"2025-369614","2025 Dec 18 03:38:04 PM","67856770569","2025 Dec 18 06:00:00 AM","NORTHGATE","4589","PROPERTY CRIME","L"
"2025-369614","2025 Dec 18 03:38:04 PM","67856251114","2025 Dec 18 06:12:00 AM","NORTHGATE","7527","ALL OTHER","L"
"2025-369426","2025 Dec 18 07:29:41 AM","67849545595","2025 Dec 18 06:17:00 AM","HIGHLAND PARK","4146","ALL OTHER","F"
"2026-900691","2026 Jan 10 12:23:21 PM","68125921183","2025 Dec 18 06:30:00 AM","EASTLAKE - EAST","8020","PROPERTY CRIME","C"
"2025-369434","2025 Dec 18 08:20:10 AM","67850030597","2025 Dec 18 06:45:00 AM","BITTERLAKE","2623","PROPERTY CRIME","N"
"2025-369439","2025 Dec 18 07:12:34 AM","67849384495","2025 Dec 18 06:53:00 AM","FIRST HILL","7628","ALL OTHER","G"
"2025-369440","2025 Dec 18 07:48:49 AM","67849682216","2025 Dec 18 06:53:00 AM","DOWNTOWN COMMERCIAL","REDACTED","ALL OTHER","M"
"2026-900155","2026 Jan 03 11:22:10 AM","68033502012","2025 Dec 18 08:00:00 AM","ROOSEVELT/RAVENNA","358","PROPERTY CRIME","J"
"2025-923149","2025 Dec 24 10:04:00 AM","67923511901","2025 Dec 18 08:00:00 AM","BALLARD NORTH","10871","PROPERTY CRIME","J"
"2025-369487","2025 Dec 18 10:03:25 AM","67851582393","2025 Dec 18 08:01:00 AM","JUDKINS PARK/NORTH BEACON HILL","4977","ALL OTHER","G"
"2025-923186","2025 Dec 24 12:17:11 PM","67924339759","2025 Dec 18 09:00:00 AM","MAGNOLIA","8905","PROPERTY CRIME","Q"
"2025-376028","2025 Dec 25 11:26:57 AM","67935381246","2025 Dec 18 09:00:00 AM","QUEEN ANNE","2575","PROPERTY CRIME","D"
"2025-370157","2025 Dec 18 09:23:35 PM","67858655398","2025 Dec 18 09:00:00 AM","QUEEN ANNE","4140","PROPERTY CRIME","Q"
"2025-923492","2025 Dec 29 12:33:36 PM","67975186423","2025 Dec 18 09:00:00 AM","MOUNT BAKER","807","ALL OTHER","R"
"2025-923427","2025 Dec 29 07:50:02 AM","67972700246","2025 Dec 18 09:10:00 AM","GREENWOOD","4922","ALL OTHER","N"
"2025-369566","2025 Dec 18 10:19:45 AM","67851730662","2025 Dec 18 09:43:00 AM","NORTHGATE","6539","VIOLENT CRIME","N"
"2025-369586","2025 Dec 18 11:03:41 AM","67852678338","2025 Dec 18 09:56:00 AM","-","5880","ALL OTHER","U"
"2025-369588","2025 Dec 18 10:43:33 AM","67852239297","2025 Dec 18 09:57:00 AM","UNIVERSITY","REDACTED","ALL OTHER","U"
"2025-923621","2025 Dec 30 01:31:32 PM","67986579111","2025 Dec 18 10:00:00 AM","BALLARD SOUTH","3923","PROPERTY CRIME","B"
"2025-369618","2025 Dec 18 12:24:09 PM","67856197053","2025 Dec 18 10:20:00 AM","SLU/CASCADE","12493","ALL OTHER","Q"
"2025-369618","2025 Dec 18 12:24:09 PM","67854066020","2025 Dec 18 10:20:00 AM","SLU/CASCADE","12493","PROPERTY CRIME","Q"
"2025-369794","2025 Dec 18 03:35:59 PM","67856185411","2025 Dec 18 10:30:00 AM","UNIVERSITY","509","ALL OTHER","U"
"2025-923431","2025 Dec 29 07:59:34 AM","67972766397","2025 Dec 18 10:53:00 AM","ALASKA JUNCTION","6987","PROPERTY CRIME","W"
"2025-378296","2025 Dec 28 10:00:36 AM","67965917248","2025 Dec 18 11:00:00 AM","FIRST HILL","2694","PROPERTY CRIME","E"
"2025-369657","2025 Dec 19 12:38:04 AM","67860758550","2025 Dec 18 11:07:00 AM","FREMONT","389","PROPERTY CRIME","B"
"2025-923168","2025 Dec 24 10:24:49 AM","67926591584","2025 Dec 18 11:15:00 AM","QUEEN ANNE","1158","PROPERTY CRIME","Q"
"2025-369706","2025 Dec 18 02:02:48 PM","67856727750","2025 Dec 18 11:58:00 AM","GEORGETOWN","6142","ALL OTHER","O"
"2026-901157","2026 Jan 26 10:30:46 AM","68312834874","2025 Dec 18 12:00:00 PM","SOUTH DELRIDGE","12701","PROPERTY CRIME","F"
"2025-369726","2025 Dec 18 12:31:20 PM","67854216752","2025 Dec 18 12:00:00 PM","ALKI","REDACTED","ALL OTHER","W"
"2025-369975","2025 Dec 18 05:16:20 PM","67856914607","2025 Dec 18 12:00:00 PM","SANDPOINT","10924","PROPERTY CRIME","U"
"2025-369689","2025 Dec 18 05:31:17 PM","67860510229","2025 Dec 18 12:00:00 PM","CENTRAL AREA/SQUIRE PARK","REDACTED","ALL OTHER","G"
"2025-369689","2025 Dec 18 05:31:17 PM","67857030318","2025 Dec 18 12:01:00 PM","CENTRAL AREA/SQUIRE PARK","REDACTED","ALL OTHER","G"
"2026-900243","2026 Jan 04 09:27:33 AM","68045873263","2025 Dec 18 12:09:00 PM","UNIVERSITY","8509","PROPERTY CRIME","U"
"2025-923141","2025 Dec 24 09:14:44 AM","67923135545","2025 Dec 18 12:30:00 PM","CHINATOWN/INTERNATIONAL DISTRICT","4593","PROPERTY CRIME","K"
"2025-369844","2025 Dec 18 04:20:20 PM","67856533565","2025 Dec 18 12:30:00 PM","CAPITOL HILL","6229","VIOLENT CRIME","E"
"2025-369835","2025 Dec 18 04:23:38 PM","67856561470","2025 Dec 18 12:30:00 PM","ROXHILL/WESTWOOD/ARBOR HEIGHTS","4815","PROPERTY CRIME","F"
"2025-923131","2025 Dec 24 09:07:48 AM","67923087171","2025 Dec 18 12:35:00 PM","JUDKINS PARK/NORTH BEACON HILL","3313","PROPERTY CRIME","G"
"2025-369761","2025 Dec 18 04:15:03 PM","67856465513","2025 Dec 18 12:44:00 PM","JUDKINS PARK/NORTH BEACON HILL","4076","ALL OTHER","G"
"2025-369808","2025 Dec 18 06:20:19 PM","67872560246","2025 Dec 18 12:58:00 PM","NORTH BEACON HILL","10635","ALL OTHER","R"
"2025-369808","2025 Dec 18 06:20:19 PM","67857429757","2025 Dec 18 12:58:00 PM","NORTH BEACON HILL","10635","PROPERTY CRIME","R"
"2025-923134","2025 Dec 24 09:09:54 AM","67923097927","2025 Dec 18 01:00:00 PM","FIRST HILL","7628","PROPERTY CRIME","G"
"2025-923345","2025 Dec 28 12:52:01 PM","67966728558","2025 Dec 18 01:00:00 PM","BALLARD SOUTH","6056","PROPERTY CRIME","B"
"2025-369785","2025 Dec 18 04:52:46 PM","67856746124","2025 Dec 18 01:03:00 PM","LAKECITY","REDACTED","ALL OTHER","L"
"2025-369929","2025 Dec 18 10:02:18 PM","67858845944","2025 Dec 18 01:11:00 PM","LAKECITY","REDACTED","ALL OTHER","L"
"2025-700628","2026 Jan 12 03:02:35 PM","68152626430","2025 Dec 18 01:15:00 PM","NORTHGATE","6541","PROPERTY CRIME","N"
"2025-372591","2025 Dec 21 01:03:13 PM","67891451773","2025 Dec 18 01:15:00 PM","BALLARD NORTH","3554","PROPERTY CRIME","J"
"2025-923588","2025 Dec 30 09:31:40 AM","67984480958","2025 Dec 18 01:17:00 PM","UNIVERSITY","10994","PROPERTY CRIME","U"
"2025-369681","2025 Dec 18 08:35:38 PM","67858530049","2025 Dec 18 01:22:00 PM","BALLARD SOUTH","5527","ALL OTHER","B"
"2025-369681","2025 Dec 18 08:35:38 PM","67858459465","2025 Dec 18 01:22:00 PM","BALLARD SOUTH","5527","VIOLENT CRIME","B"
"2025-369814","2025 Dec 18 03:23:23 PM","67856261054","2025 Dec 18 01:30:00 PM","PIONEER SQUARE","7129","ALL OTHER","K"
"2025-369863","2025 Dec 18 03:34:55 PM","67856221311","2025 Dec 18 01:50:00 PM","SANDPOINT","6901","PROPERTY CRIME","U"
"2025-369964","2025 Dec 19 01:08:18 AM","67861499852","2025 Dec 18 02:00:00 PM","CENTRAL AREA/SQUIRE PARK","5577","PROPERTY CRIME","C"
"2025-923323","2025 Dec 28 11:22:18 AM","67966285715","2025 Dec 18 02:00:00 PM","FIRST HILL","10584","PROPERTY CRIME","G"
"2025-369862","2025 Dec 18 05:48:47 PM","67857604512","2025 Dec 18 02:13:00 PM","CLAREMONT/RAINIER VISTA","REDACTED","ALL OTHER","R"
"2025-369850","2025 Dec 18 04:06:14 PM","67857953249","2025 Dec 18 02:13:00 PM","BITTERLAKE","11451","PROPERTY CRIME","N"
"2025-369850","2025 Dec 18 04:06:14 PM","67857975237","2025 Dec 18 02:13:00 PM","BITTERLAKE","11451","ALL OTHER","N"
"2025-369850","2025 Dec 18 04:06:14 PM","67856461534","2025 Dec 18 02:13:00 PM","BITTERLAKE","11451","ALL OTHER","N"
"2025-369857","2025 Dec 18 03:52:12 PM","67856347501","2025 Dec 18 02:23:00 PM","EASTLAKE - WEST","1135","PROPERTY CRIME","D"
"2025-923296","2025 Dec 28 11:07:28 AM","67966213037","2025 Dec 18 02:30:00 PM","NORTHGATE","600","PROPERTY CRIME","L"
"2026-900118","2026 Jan 03 09:37:20 AM","68032868580","2025 Dec 18 02:30:00 PM","MADRONA/LESCHI","6872","PROPERTY CRIME","G"
"2025-369850","2025 Dec 18 04:06:14 PM","67858003932","2025 Dec 18 02:35:00 PM","BITTERLAKE","11451","ALL OTHER","N"
"2025-923207","2025 Dec 24 02:28:03 PM","67925114306","2025 Dec 18 03:00:00 PM","ROOSEVELT/RAVENNA","8186","PROPERTY CRIME","J"
"2025-369892","2025 Dec 18 05:08:59 PM","67857648210","2025 Dec 18 03:00:00 PM","BRIGHTON/DUNLAP","REDACTED","ALL OTHER","S"
"2025-700629","2026 Jan 12 03:02:57 PM","68152631628","2025 Dec 18 03:00:00 PM","NORTHGATE","6541","PROPERTY CRIME","N"
"2025-369892","2025 Dec 18 05:08:59 PM","67857638718","2025 Dec 18 03:00:00 PM","BRIGHTON/DUNLAP","REDACTED","ALL OTHER","S"
"2025-369892","2025 Dec 18 05:08:59 PM","67856899321","2025 Dec 18 03:02:00 PM","RAINIER BEACH","REDACTED","ALL OTHER","S"
"2025-369924","2025 Dec 18 06:32:29 PM","67858285153","2025 Dec 18 03:20:00 PM","QUEEN ANNE","4878","ALL OTHER","Q"
"2025-700623","2025 Dec 23 07:01:41 PM","67917874073","2025 Dec 18 03:21:00 PM","BITTERLAKE","12160","PROPERTY CRIME","N"
"2025-923286","2025 Dec 28 10:33:37 AM","67966042101","2025 Dec 18 03:30:00 PM","BRIGHTON/DUNLAP","1440","PROPERTY CRIME","S"
"2025-923084","2025 Dec 23 12:31:38 PM","67914993141","2025 Dec 18 03:30:00 PM","PIONEER SQUARE","7752","PROPERTY CRIME","K"
"2025-369929","2025 Dec 18 10:02:18 PM","67858826918","2025 Dec 18 03:50:00 PM","LAKECITY","REDACTED","ALL OTHER","L"
"2025-369948","2025 Dec 18 04:31:10 PM","67856604528","2025 Dec 18 03:59:00 PM","CAPITOL HILL","11081","ALL OTHER","E"
"2025-923083","2025 Dec 23 12:31:12 PM","67914990279","2025 Dec 18 04:00:00 PM","QUEEN ANNE","352","PROPERTY CRIME","Q"
"2025-923331","2025 Dec 28 11:25:32 AM","67966300911","2025 Dec 18 04:00:00 PM","BALLARD NORTH","393","PROPERTY CRIME","J"
"2025-923452","2025 Dec 29 09:41:50 AM","67973636160","2025 Dec 18 04:00:00 PM","FIRST HILL","4576","PROPERTY CRIME","G"
"2025-370475","2025 Dec 19 07:29:55 AM","67866355982","2025 Dec 18 04:00:00 PM","BALLARD SOUTH","REDACTED","VIOLENT CRIME","B"
"2025-370133","2025 Dec 18 08:53:48 PM","67858511512","2025 Dec 18 04:10:00 PM","WALLINGFORD","5726","PROPERTY CRIME","B"
"2025-369963","2025 Dec 18 04:50:39 PM","67856875218","2025 Dec 18 04:19:00 PM","MOUNT BAKER","811","PROPERTY CRIME","R"
"2025-923086","2025 Dec 23 12:32:23 PM","67914998150","2025 Dec 18 04:20:00 PM","BALLARD SOUTH","7783","PROPERTY CRIME","B"
"2025-370686","2025 Dec 19 04:38:32 PM","67874562120","2025 Dec 18 04:24:00 PM","SODO","REDACTED","ALL OTHER","O"
"2025-370441","2025 Dec 19 06:23:28 AM","67865341626","2025 Dec 18 05:00:00 PM","SOUTH PARK","4405","PROPERTY CRIME","F"
"2025-370024","2025 Dec 18 07:25:10 PM","67858002501","2025 Dec 18 05:00:00 PM","CAPITOL HILL","REDACTED","ALL OTHER","E"
"2025-923465","2025 Dec 29 09:54:01 AM","67973731910","2025 Dec 18 05:00:00 PM","UNIVERSITY","7188","PROPERTY CRIME","U"
"2025-370589","2025 Dec 19 09:47:11 AM","67868503708","2025 Dec 18 05:00:00 PM","LAKECITY","1170","PROPERTY CRIME","L"
"2025-923509","2025 Dec 29 12:55:38 PM","67975375158","2025 Dec 18 05:12:00 PM","HIGH POINT","4377","PROPERTY CRIME","F"
"2025-923081","2025 Dec 23 12:30:21 PM","67914982912","2025 Dec 18 05:24:00 PM","SODO","4733","PROPERTY CRIME","O"
"2025-923166","2025 Dec 24 10:23:47 AM","67923636680","2025 Dec 18 05:30:00 PM","BITTERLAKE","3853","PROPERTY CRIME","N"
"2025-923181","2025 Dec 24 11:26:31 AM","67924019972","2025 Dec 18 05:30:00 PM","BALLARD SOUTH","6056","PROPERTY CRIME","B"
"2025-370084","2025 Dec 18 07:01:14 PM","67858382071","2025 Dec 18 05:30:00 PM","SLU/CASCADE","3700","VIOLENT CRIME","D"
"2025-923092","2025 Dec 23 12:38:13 PM","67915045168","2025 Dec 18 05:33:00 PM","ROXHILL/WESTWOOD/ARBOR HEIGHTS","8858","PROPERTY CRIME","F"
"2025-370139","2025 Dec 18 08:34:32 PM","67858398305","2025 Dec 18 05:41:00 PM","SLU/CASCADE","3704","VIOLENT CRIME","M"
"2025-370055","2025 Dec 18 06:53:36 PM","67857710498","2025 Dec 18 05:54:00 PM","CAPITOL HILL","5363","VIOLENT CRIME","C"
"2025-370061","2025 Dec 18 07:09:41 PM","67858236490","2025 Dec 18 05:58:00 PM","ALASKA JUNCTION","11383","ALL OTHER","W"
"2025-923202","2025 Dec 24 01:58:41 PM","67924939195","2025 Dec 18 06:00:00 PM","UNKNOWN","9989","PROPERTY CRIME","99"
"2025-923205","2025 Dec 24 01:59:47 PM","67924947138","2025 Dec 18 06:00:00 PM","DOWNTOWN COMMERCIAL","2363","PROPERTY CRIME","M"
"2025-370516","2025 Dec 19 07:54:19 AM","67866447328","2025 Dec 18 06:00:00 PM","BITTERLAKE","10604","PROPERTY CRIME","N"
"2025-370072","2025 Dec 18 07:27:15 PM","67858030834","2025 Dec 18 06:08:00 PM","ALKI","339","ALL OTHER","W"
"2025-923174","2025 Dec 24 11:21:11 AM","67923990608","2025 Dec 18 06:15:00 PM","DOWNTOWN COMMERCIAL","2941","PROPERTY CRIME","M"
"2025-923147","2025 Dec 24 10:01:44 AM","67923497625","2025 Dec 18 06:15:00 PM","SLU/CASCADE","12493","PROPERTY CRIME","Q"
"2025-923085","2025 Dec 23 12:32:02 PM","67914995724","2025 Dec 18 06:15:00 PM","DOWNTOWN COMMERCIAL","12996","PROPERTY CRIME","M"
"2025-700630","2026 Jan 12 03:16:45 PM","68152756084","2025 Dec 18 06:25:00 PM","NORTHGATE","6541","PROPERTY CRIME","N"
"2025-370794","2025 Dec 19 05:51:15 PM","67874394195","2025 Dec 18 06:30:00 PM","PIONEER SQUARE","885","PROPERTY CRIME","K"
"2025-370585","2025 Dec 19 09:21:32 AM","67867811979","2025 Dec 18 06:30:00 PM","NORTHGATE","3601","PROPERTY CRIME","L"
"2025-370091","2025 Dec 18 07:22:38 PM","67858102216","2025 Dec 18 06:33:00 PM","DOWNTOWN COMMERCIAL","12522","VIOLENT CRIME","M"
"2025-370100","2025 Dec 18 07:20:19 PM","67858013969","2025 Dec 18 06:40:00 PM","DOWNTOWN COMMERCIAL","12796","ALL OTHER","K"
"2025-923080","2025 Dec 23 12:30:02 PM","67914981089","2025 Dec 18 06:45:00 PM","DOWNTOWN COMMERCIAL","2363","PROPERTY CRIME","M"
"2026-020179","2026 Jan 21 05:28:09 PM","68264141683","2025 Dec 18 06:50:00 PM","FIRST HILL","REDACTED","ALL OTHER","G"
"2025-370119","2025 Dec 18 08:43:20 PM","67858444460","2025 Dec 18 06:56:00 PM","JUDKINS PARK/NORTH BEACON HILL","3312","VIOLENT CRIME","G"
"2025-923379","2025 Dec 28 01:10:47 PM","67966829064","2025 Dec 18 07:00:00 PM","QUEEN ANNE","1930","ALL OTHER","Q"
"2025-370567","2025 Dec 19 09:29:58 AM","67868386787","2025 Dec 18 07:00:00 PM","QUEEN ANNE","4123","PROPERTY CRIME","Q"
"2025-370123","2025 Dec 19 12:49:36 AM","67861476828","2025 Dec 18 07:00:00 PM","QUEEN ANNE","3561","ALL OTHER","Q"
"2025-370123","2025 Dec 19 12:49:36 AM","67894502093","2025 Dec 18 07:00:00 PM","QUEEN ANNE","3561","ALL OTHER","Q"
"2025-923182","2025 Dec 24 12:12:20 PM","67924304351","2025 Dec 18 07:00:00 PM","CAPITOL HILL","11082","PROPERTY CRIME","E"
"2025-370252","2025 Dec 19 12:41:50 AM","67860636412","2025 Dec 18 07:20:00 PM","UNIVERSITY","REDACTED","VIOLENT CRIME","U"
"2025-370173","2025 Dec 19 12:41:30 AM","67860661773","2025 Dec 18 07:42:00 PM","SODO","2738","ALL OTHER","O"
"2025-370154","2025 Dec 18 09:22:38 PM","67858717187","2025 Dec 18 07:43:00 PM","FIRST HILL","REDACTED","VIOLENT CRIME","E"
"2025-923090","2025 Dec 23 12:36:45 PM","67915031752","2025 Dec 18 07:49:00 PM","SANDPOINT","8261","PROPERTY CRIME","U"
"2025-370165","2025 Dec 18 11:53:56 PM","67860450168","2025 Dec 18 07:52:00 PM","MOUNT BAKER","5614","ALL OTHER","R"
"2025-370628","2025 Dec 19 11:10:34 AM","67869892927","2025 Dec 18 08:00:00 PM","MOUNT BAKER","2521","ALL OTHER","R"
"2025-370187","2025 Dec 18 11:57:38 PM","67860570126","2025 Dec 18 08:15:00 PM","FREMONT","1880","PROPERTY CRIME","B"
"2025-370235","2025 Dec 18 09:49:09 PM","67858772143","2025 Dec 18 08:15:00 PM","SLU/CASCADE","3062","PROPERTY CRIME","D"
"2025-923089","2025 Dec 23 12:34:40 PM","67915014984","2025 Dec 18 08:15:00 PM","MILLER PARK","1688","PROPERTY CRIME","C"
"2025-370323","2025 Dec 18 11:44:14 PM","67860167367","2025 Dec 18 08:30:00 PM","QUEEN ANNE","REDACTED","ALL OTHER","Q"
"2025-370208","2025 Dec 18 10:07:20 PM","67858875845","2025 Dec 18 08:44:00 PM","MID BEACON HILL","4468","ALL OTHER","S"
"2025-923511","2025 Dec 29 01:42:13 PM","67978857942","2025 Dec 18 09:00:00 PM","UNIVERSITY","8509","ALL OTHER","U"
"2025-370257","2025 Dec 28 01:30:13 PM","67966947316","2025 Dec 18 09:00:00 PM","PIONEER SQUARE","885","VIOLENT CRIME","K"
"2025-923178","2025 Dec 24 11:24:58 AM","67924010525","2025 Dec 18 09:00:00 PM","MAGNOLIA","5407","PROPERTY CRIME","Q"
"2025-923511","2025 Dec 29 01:42:13 PM","67975714728","2025 Dec 18 09:00:00 PM","UNIVERSITY","8509","ALL OTHER","U"
"2025-370239","2025 Dec 18 11:00:23 PM","67859097355","2025 Dec 18 09:09:00 PM","MOUNT BAKER","5614","ALL OTHER","R"
"2025-370255","2025 Dec 27 08:07:11 PM","67957375184","2025 Dec 18 09:18:00 PM","PIONEER SQUARE","885","ALL OTHER","K"
"2025-370249","2025 Dec 18 11:19:44 PM","67859984445","2025 Dec 18 09:22:00 PM","ROXHILL/WESTWOOD/ARBOR HEIGHTS","3429","PROPERTY CRIME","F"
"2025-370267","2025 Dec 19 01:17:47 AM","67861565365","2025 Dec 18 09:30:00 PM","BITTERLAKE","12160","PROPERTY CRIME","N"
"2025-370840","2025 Dec 19 04:11:00 PM","67873684684","2025 Dec 18 09:30:00 PM","SANDPOINT","2977","PROPERTY CRIME","U"
"2025-370559","2025 Dec 19 10:15:16 AM","67869020032","2025 Dec 18 09:30:00 PM","QUEEN ANNE","6067","PROPERTY CRIME","Q"
"2025-370863","2025 Dec 19 03:22:56 PM","67873345427","2025 Dec 18 09:30:00 PM","MOUNT BAKER","831","PROPERTY CRIME","R"
"2025-370559","2025 Dec 19 10:15:16 AM","67869000161","2025 Dec 18 09:30:00 PM","QUEEN ANNE","6067","PROPERTY CRIME","Q"
"2025-370262","2025 Dec 19 02:04:23 AM","67861693971","2025 Dec 18 09:40:00 PM","BALLARD NORTH","3139","ALL OTHER","J"
"2025-370263","2025 Dec 18 09:44:24 PM","67858769643","2025 Dec 18 09:42:00 PM","FIRST HILL","REDACTED","VIOLENT CRIME","E"
"2025-370649","2025 Dec 19 01:08:24 PM","67871762219","2025 Dec 18 10:00:00 PM","QUEEN ANNE","4879","PROPERTY CRIME","Q"
"2025-370293","2025 Dec 19 02:02:41 AM","67861671512","2025 Dec 18 10:00:00 PM","QUEEN ANNE","1329","ALL OTHER","Q"
"2025-923155","2025 Dec 24 10:09:04 AM","67923545052","2025 Dec 18 10:00:00 PM","COLUMBIA CITY","8046","PROPERTY CRIME","R"
"2025-923153","2025 Dec 24 10:08:04 AM","67923538774","2025 Dec 18 10:00:00 PM","SODO","1712","PROPERTY CRIME","O"
"2025-923160","2025 Dec 24 10:12:11 AM","67923564088","2025 Dec 18 10:00:00 PM","FREMONT","6855","ALL OTHER","B"
"2025-370272","2025 Dec 19 11:03:25 PM","67876609410","2025 Dec 18 10:02:00 PM","GEORGETOWN","1487","ALL OTHER","O"
"2025-370282","2025 Dec 18 11:49:34 PM","67860351368","2025 Dec 18 10:18:00 PM","BALLARD SOUTH","REDACTED","PROPERTY CRIME","B"
"2025-370282","2025 Dec 18 11:49:34 PM","67860343657","2025 Dec 18 10:20:00 PM","BALLARD SOUTH","REDACTED","ALL OTHER","B"
"2025-370294","2025 Dec 19 12:14:16 AM","67860635524","2025 Dec 18 10:34:00 PM","BITTERLAKE","4388","ALL OTHER","N"
"2025-370294","2025 Dec 19 12:14:16 AM","67860608238","2025 Dec 18 10:34:00 PM","BITTERLAKE","4388","VIOLENT CRIME","N"
"2025-370294","2025 Dec 19 12:14:16 AM","67860630985","2025 Dec 18 10:34:00 PM","BITTERLAKE","4388","ALL OTHER","N"
"2025-370300","2025 Dec 19 12:05:09 AM","67860512760","2025 Dec 18 10:46:00 PM","PIONEER SQUARE","1025","ALL OTHER","K"
"2025-370300","2025 Dec 19 12:05:09 AM","68060109837","2025 Dec 18 10:46:00 PM","PIONEER SQUARE","1025","ALL OTHER","K"
"2025-370299","2025 Dec 18 11:38:06 PM","67860487052","2025 Dec 18 10:53:00 PM","FIRST HILL","REDACTED","ALL OTHER","E"
"2025-923151","2025 Dec 24 10:05:07 AM","67923520086","2025 Dec 18 11:00:00 PM","BALLARD SOUTH","10913","PROPERTY CRIME","B"
"2025-370875","2025 Dec 19 04:45:10 PM","67876009484","2025 Dec 18 11:00:00 PM","BALLARD SOUTH","7521","PROPERTY CRIME","B"
"2025-370875","2025 Dec 19 04:45:10 PM","67874040898","2025 Dec 18 11:00:00 PM","BALLARD SOUTH","7521","PROPERTY CRIME","B"
"2025-370476","2025 Dec 19 06:25:25 AM","67865342595","2025 Dec 18 11:00:00 PM","PHINNEY RIDGE","7962","PROPERTY CRIME","J"
"2025-923158","2025 Dec 24 10:11:24 AM","67923559550","2025 Dec 18 11:00:00 PM","NORTH ADMIRAL","696","PROPERTY CRIME","W"
"2025-370319","2025 Dec 23 08:24:57 PM","67918384278","2025 Dec 18 11:25:00 PM","DOWNTOWN COMMERCIAL","4072","ALL OTHER","K"
"2025-923172","2025 Dec 24 11:18:54 AM","67923975695","2025 Dec 18 11:45:00 PM","ALASKA JUNCTION","7660","ALL OTHER","W"
"2025-371678","2025 Dec 20 11:05:08 AM","67883051856","2025 Dec 19 12:00:00 AM","LAKECITY","8112","PROPERTY CRIME","L"
"2025-374389","2025 Dec 23 12:55:45 PM","67915393098","2025 Dec 19 12:00:00 AM","QUEEN ANNE","4879","PROPERTY CRIME","Q"
"2025-923514","2025 Dec 29 01:46:32 PM","67975747416","2025 Dec 19 12:00:00 AM","MAGNOLIA","10513","PROPERTY CRIME","Q"
"2025-373395","2025 Dec 22 01:49:51 PM","67901570481","2025 Dec 19 12:00:00 AM","MAGNOLIA","30","PROPERTY CRIME","Q"
"2025-374755","2025 Dec 23 06:27:26 PM","67917681179","2025 Dec 19 12:00:00 AM","ROXHILL/WESTWOOD/ARBOR HEIGHTS","2326","PROPERTY CRIME","F"
"2025-373523","2025 Dec 22 03:26:12 PM","67902311193","2025 Dec 19 12:00:00 AM","CLAREMONT/RAINIER VISTA","REDACTED","ALL OTHER","R"
"2025-379032","2025 Dec 29 08:55:43 AM","67973280363","2025 Dec 19 12:00:00 AM","BALLARD SOUTH","5065","PROPERTY CRIME","B"
"2025-923189","2025 Dec 24 01:11:08 PM","67924670365","2025 Dec 19 12:00:00 AM","NORTH BEACON HILL","2081","ALL OTHER","R"
"2026-001466","2026 Jan 02 03:25:39 PM","68086452457","2025 Dec 19 12:00:00 AM","ALASKA JUNCTION","REDACTED","ALL OTHER","W"
"2026-001466","2026 Jan 02 03:25:39 PM","68021966625","2025 Dec 19 12:00:00 AM","ALASKA JUNCTION","REDACTED","ALL OTHER","W"
"2026-001466","2026 Jan 02 03:25:39 PM","68025949212","2025 Dec 19 12:00:00 AM","ALASKA JUNCTION","REDACTED","ALL OTHER","W"
"2025-380275","2025 Dec 30 08:42:27 PM","67989550236","2025 Dec 19 12:00:00 AM","CAPITOL HILL","640","PROPERTY CRIME","C"
"2025-371351","2025 Dec 23 11:22:20 AM","67916392836","2025 Dec 19 12:00:00 AM","UNKNOWN","REDACTED","ALL OTHER","99"
"2025-371351","2025 Dec 23 11:22:20 AM","67916404349","2025 Dec 19 12:00:00 AM","UNKNOWN","REDACTED","ALL OTHER","99"
"2025-371078","2025 Dec 19 09:10:09 PM","67875796715","2025 Dec 19 12:00:00 AM","QUEEN ANNE","3975","ALL OTHER","Q"
"2025-370930","2025 Dec 19 05:27:53 PM","67877886119","2025 Dec 19 12:00:00 AM","CAPITOL HILL","7596","PROPERTY CRIME","E"
"2025-370745","2025 Dec 19 04:50:19 PM","67873981574","2025 Dec 19 12:00:00 AM","NORTH ADMIRAL","4353","ALL OTHER","W"
"2025-374580","2025 Dec 23 03:40:14 PM","67916643532","2025 Dec 19 12:00:00 AM","SANDPOINT","57","PROPERTY CRIME","U"
"2026-900404","2026 Jan 05 11:54:53 AM","68059296931","2025 Dec 19 12:00:00 AM","FREMONT","6512","PROPERTY CRIME","B"
"2026-001288","2026 Jan 02 01:33:55 PM","68021012188","2025 Dec 19 12:00:00 AM","FREMONT","490","PROPERTY CRIME","B"
"2025-374641","2025 Dec 23 04:47:45 PM","67917091594","2025 Dec 19 12:00:00 AM","WALLINGFORD","8872","PROPERTY CRIME","B"
"2025-380793","2025 Dec 30 10:12:48 PM","67990017403","2025 Dec 19 12:00:00 AM","ROOSEVELT/RAVENNA","6554","PROPERTY CRIME","L"
"2026-008125","2026 Jan 09 01:52:26 PM","68114206927","2025 Dec 19 12:00:00 AM","CLAREMONT/RAINIER VISTA","REDACTED","ALL OTHER","R"
"2025-923164","2025 Dec 24 10:22:23 AM","67923627546","2025 Dec 19 12:00:00 AM","ALASKA JUNCTION","171","PROPERTY CRIME","W"
"2025-374432","2025 Dec 23 10:13:50 PM","67918919762","2025 Dec 19 12:00:00 AM","QUEEN ANNE","4125","ALL OTHER","Q"
"2026-022820","2026 Jan 24 09:00:58 AM","68294920847","2025 Dec 19 12:00:00 AM","PIONEER SQUARE","7287","PROPERTY CRIME","K"
"2025-370334","2025 Dec 19 12:46:17 AM","67860663820","2025 Dec 19 12:04:00 AM","PIONEER SQUARE","2654","ALL OTHER","K"
"2025-370334","2025 Dec 19 12:46:17 AM","67860655078","2025 Dec 19 12:04:00 AM","PIONEER SQUARE","2654","ALL OTHER","K"
"2025-370344","2025 Dec 19 04:16:54 AM","67863943313","2025 Dec 19 12:19:00 AM","FIRST HILL","6961","VIOLENT CRIME","E"
"2025-370347","2025 Dec 19 12:58:32 AM","67861875384","2025 Dec 19 12:29:00 AM","NORTH DELRIDGE","10637","ALL OTHER","W"
"2025-370353","2025 Dec 19 02:49:30 AM","67861843604","2025 Dec 19 12:40:00 AM","DOWNTOWN COMMERCIAL","4071","ALL OTHER","K"
"2025-370353","2025 Dec 19 02:49:30 AM","67861841505","2025 Dec 19 12:40:00 AM","DOWNTOWN COMMERCIAL","4071","ALL OTHER","K"
"2025-923369","2025 Dec 28 01:03:17 PM","67966789016","2025 Dec 19 01:00:00 AM","FIRST HILL","4265","PROPERTY CRIME","E"
"2025-923167","2025 Dec 24 10:24:17 AM","67923639659","2025 Dec 19 01:00:00 AM","ALASKA JUNCTION","171","PROPERTY CRIME","W"
"2025-923183","2025 Dec 24 12:12:45 PM","67924306739","2025 Dec 19 01:00:00 AM","FREMONT","121","PROPERTY CRIME","B"
"2025-370371","2025 Dec 22 04:04:26 PM","67902671851","2025 Dec 19 01:05:00 AM","CAPITOL HILL","6230","ALL OTHER","E"
"2025-370383","2025 Dec 19 01:59:04 AM","67861775218","2025 Dec 19 01:25:00 AM","COLUMBIA CITY","2118","VIOLENT CRIME","R"
"2025-370383","2025 Dec 19 01:59:04 AM","67863180810","2025 Dec 19 01:25:00 AM","COLUMBIA CITY","2118","ALL OTHER","R"
"2025-370609","2025 Dec 19 10:41:10 AM","67869514535","2025 Dec 19 01:40:00 AM","WALLINGFORD","11414","PROPERTY CRIME","B"
"2025-370630","2025 Dec 19 11:17:55 AM","67870025247","2025 Dec 19 02:00:00 AM","QUEEN ANNE","4135","PROPERTY CRIME","Q"
"2025-923162","2025 Dec 24 10:14:32 AM","67923578814","2025 Dec 19 02:20:00 AM","GEORGETOWN","10051","PROPERTY CRIME","O"
"2025-370409","2025 Dec 19 07:51:01 PM","67875318279","2025 Dec 19 02:24:00 AM","UNIVERSITY","1001","ALL OTHER","U"
"2025-370596","2025 Dec 19 11:05:14 AM","67869849207","2025 Dec 19 02:30:00 AM","FREMONT","6217","PROPERTY CRIME","B"
"2025-370436","2025 Dec 19 05:44:37 AM","67872921952","2025 Dec 19 03:00:00 AM","NORTH ADMIRAL","5524","PROPERTY CRIME","W"
"2025-370425","2025 Dec 19 03:46:45 AM","67863188745","2025 Dec 19 03:07:00 AM","BALLARD SOUTH","REDACTED","ALL OTHER","B"
"2025-923191","2025 Dec 24 01:11:57 PM","67924676964","2025 Dec 19 03:30:00 AM","ALASKA JUNCTION","691","PROPERTY CRIME","W"
"2025-370436","2025 Dec 19 05:44:37 AM","67864618645","2025 Dec 19 03:40:00 AM","NORTH ADMIRAL","5524","VIOLENT CRIME","W"
"2025-370442","2025 Dec 19 06:46:21 AM","67865938948","2025 Dec 19 04:15:00 AM","CHINATOWN/INTERNATIONAL DISTRICT","3643","ALL OTHER","K"
"2025-370991","2025 Dec 19 05:23:17 PM","67874214011","2025 Dec 19 04:40:00 AM","PHINNEY RIDGE","13056","PROPERTY CRIME","J"
"2025-370448","2025 Dec 19 05:46:32 AM","67864478252","2025 Dec 19 04:50:00 AM","MOUNT BAKER","REDACTED","ALL OTHER","R"
"2025-370450","2025 Dec 19 07:47:59 AM","67866386379","2025 Dec 19 04:57:00 AM","SLU/CASCADE","REDACTED","ALL OTHER","D"
"2025-375225","2025 Dec 24 06:31:21 PM","67926396177","2025 Dec 19 05:00:00 AM","LAKECITY","10405","ALL OTHER","L"
"2026-900300","2026 Jan 05 07:44:26 AM","68057074637","2025 Dec 19 05:00:00 AM","COLUMBIA CITY","438","PROPERTY CRIME","R"
"2026-900300","2026 Jan 05 07:44:26 AM","68058299745","2025 Dec 19 05:00:00 AM","COLUMBIA CITY","438","PROPERTY CRIME","R"
"2025-923359","2025 Dec 28 12:58:27 PM","67966760689","2025 Dec 19 05:00:00 AM","BALLARD SOUTH","7095","PROPERTY CRIME","B"
"2025-923279","2025 Dec 28 10:28:57 AM","67966020208","2025 Dec 19 05:30:00 AM","CENTRAL AREA/SQUIRE PARK","6725","PROPERTY CRIME","C"
"2025-370457","2025 Dec 19 07:12:58 AM","67866146095","2025 Dec 19 05:36:00 AM","QUEEN ANNE","2916","ALL OTHER","Q"
"2025-370470","2025 Dec 19 11:51:38 AM","67871383923","2025 Dec 19 05:50:00 AM","ROOSEVELT/RAVENNA","6554","PROPERTY CRIME","L"
"2025-370912","2025 Dec 19 08:02:36 PM","67875314619","2025 Dec 19 06:00:00 AM","JUDKINS PARK/NORTH BEACON HILL","2012","ALL OTHER","G"
"2025-370845","2025 Dec 19 03:41:15 PM","67873512229","2025 Dec 19 06:00:00 AM","BITTERLAKE","REDACTED","VIOLENT CRIME","N"
"2025-379189","2025 Dec 29 09:18:20 PM","67978617838","2025 Dec 19 06:00:00 AM","GENESEE","1693","ALL OTHER","R"
"2025-370473","2025 Dec 19 07:40:42 AM","67866754428","2025 Dec 19 06:05:00 AM","FIRST HILL","4043","VIOLENT CRIME","G"
"2025-370479","2025 Dec 19 07:04:02 AM","67866065204","2025 Dec 19 06:29:00 AM","MOUNT BAKER","8657","ALL OTHER","R"
"2025-370484","2025 Dec 19 10:42:05 AM","67869571662","2025 Dec 19 06:30:00 AM","NORTHGATE","12980","VIOLENT CRIME","N"
"2025-370484","2025 Dec 19 10:42:05 AM","67869774111","2025 Dec 19 06:30:00 AM","NORTHGATE","12980","ALL OTHER","N"
"2025-923200","2025 Dec 24 01:48:58 PM","67924878026","2025 Dec 19 06:45:00 AM","FIRST HILL","3518","PROPERTY CRIME","E"
"2025-370491","2025 Dec 19 10:15:51 AM","67868939538","2025 Dec 19 07:03:00 AM","FIRST HILL","4043","ALL OTHER","G"
"2025-923299","2025 Dec 28 11:08:48 AM","67966219560","2025 Dec 19 07:05:00 AM","BELLTOWN","1328","PROPERTY CRIME","D"
"2025-370514","2025 Dec 19 09:19:01 AM","67867640447","2025 Dec 19 07:50:00 AM","DOWNTOWN COMMERCIAL","6967","ALL OTHER","K"
"2025-370515","2025 Dec 19 08:57:05 AM","67867019612","2025 Dec 19 07:50:00 AM","PIONEER SQUARE","12798","ALL OTHER","K"
"2025-923169","2025 Dec 24 10:25:11 AM","67923646257","2025 Dec 19 08:00:00 AM","SLU/CASCADE","3929","ALL OTHER","D"
"2025-923197","2025 Dec 24 01:21:47 PM","67924729147","2025 Dec 19 08:00:00 AM","CENTRAL AREA/SQUIRE PARK","12322","PROPERTY CRIME","G"
"2026-900455","2026 Jan 06 01:53:11 PM","68074722151","2025 Dec 19 08:00:00 AM","QUEEN ANNE","5008","PROPERTY CRIME","Q"
"2025-370562","2025 Dec 19 10:22:23 AM","67869397598","2025 Dec 19 08:47:00 AM","CENTRAL AREA/SQUIRE PARK","1906","PROPERTY CRIME","C"
"2025-370562","2025 Dec 19 10:22:23 AM","67869505026","2025 Dec 19 08:47:00 AM","CENTRAL AREA/SQUIRE PARK","1906","ALL OTHER","C"
"2025-370566","2025 Dec 19 11:06:37 AM","67869846049","2025 Dec 19 08:49:00 AM","GREENWOOD","2201","PROPERTY CRIME","J"
"2025-370579","2025 Dec 19 10:22:42 AM","67869165302","2025 Dec 19 08:50:00 AM","BALLARD NORTH","REDACTED","ALL OTHER","J"
"2025-370565","2025 Dec 19 12:44:31 PM","67871557040","2025 Dec 19 08:50:00 AM","CLAREMONT/RAINIER VISTA","10912","VIOLENT CRIME","R"
"2025-370581","2025 Dec 19 09:07:30 PM","67875723457","2025 Dec 19 09:00:00 AM","FREMONT","REDACTED","ALL OTHER","B"
"2025-370790","2025 Dec 19 03:38:54 PM","67873429247","2025 Dec 19 09:30:00 AM","FIRST HILL","4043","ALL OTHER","G"
"2025-370598","2025 Dec 19 10:00:24 AM","67868649308","2025 Dec 19 09:34:00 AM","CHINATOWN/INTERNATIONAL DISTRICT","12048","VIOLENT CRIME","K"
"2025-923351","2025 Dec 28 12:54:12 PM","67966739564","2025 Dec 19 09:59:00 AM","NORTHGATE","4152","ALL OTHER","N"
"2025-370627","2025 Dec 19 01:57:18 PM","68060228923","2025 Dec 19 10:04:00 AM","QUEEN ANNE","8948","ALL OTHER","Q"
"2025-923275","2025 Dec 28 10:24:33 AM","67966000590","2025 Dec 19 10:20:00 AM","SLU/CASCADE","6024","PROPERTY CRIME","M"
"2025-370862","2025 Dec 19 08:10:29 PM","67875543893","2025 Dec 19 10:30:00 AM","BELLTOWN","2510","PROPERTY CRIME","M"
"2025-370698","2025 Dec 19 02:25:16 PM","67872902409","2025 Dec 19 10:30:00 AM","DOWNTOWN COMMERCIAL","2941","PROPERTY CRIME","M"
"2025-370877","2025 Dec 19 09:38:17 PM","67877896485","2025 Dec 19 10:30:00 AM","BELLTOWN","12712","PROPERTY CRIME","D"
"2025-923170","2025 Dec 24 10:25:52 AM","67923650241","2025 Dec 19 11:25:00 AM","ALASKA JUNCTION","10472","PROPERTY CRIME","W"
"2025-370798","2025 Dec 19 01:46:42 PM","67872983267","2025 Dec 19 11:30:00 AM","BELLTOWN","4141","PROPERTY CRIME","D"
"2025-370720","2025 Dec 19 04:04:45 PM","67873610963","2025 Dec 19 11:44:00 AM","BELLTOWN","12713","ALL OTHER","M"
"2025-370731","2025 Dec 19 01:47:06 PM","67872587565","2025 Dec 19 11:53:00 AM","FIRST HILL","4043","VIOLENT CRIME","G"
"2025-923636","2025 Dec 30 01:44:10 PM","67986679227","2025 Dec 19 12:00:00 PM","MILLER PARK","5151","PROPERTY CRIME","C"
"2025-371781","2025 Dec 20 01:10:27 PM","67883747463","2025 Dec 19 12:00:00 PM","HIGH POINT","4376","ALL OTHER","F"
"2025-371608","2025 Dec 20 09:00:08 AM","67882437451","2025 Dec 19 12:00:00 PM","NORTH BEACON HILL","2075","PROPERTY CRIME","R"
"2025-922995","2025 Dec 23 08:45:45 AM","67913097906","2025 Dec 19 12:10:00 PM","ROOSEVELT/RAVENNA","8592","PROPERTY CRIME","U"
"2025-370754","2025 Dec 19 12:59:13 PM","67871677581","2025 Dec 19 12:18:00 PM","CAPITOL HILL","6230","PROPERTY CRIME","E"
"2025-923098","2025 Dec 23 01:00:00 PM","67915332081","2025 Dec 19 12:30:00 PM","CHINATOWN/INTERNATIONAL DISTRICT","3646","PROPERTY CRIME","K"
"2026-900501","2026 Jan 07 08:13:34 AM","68085284818","2025 Dec 19 12:30:00 PM","CHINATOWN/INTERNATIONAL DISTRICT","3646","PROPERTY CRIME","K"
"2025-370807","2025 Dec 19 03:43:11 PM","67873458788","2025 Dec 19 12:30:00 PM","ROXHILL/WESTWOOD/ARBOR HEIGHTS","8896","VIOLENT CRIME","F"
"2025-370913","2025 Dec 19 07:31:49 PM","67875150756","2025 Dec 19 12:39:00 PM","JUDKINS PARK/NORTH BEACON HILL","2012","ALL OTHER","G"
"2025-370913","2025 Dec 19 07:31:49 PM","67875166103","2025 Dec 19 12:39:00 PM","JUDKINS PARK/NORTH BEACON HILL","2012","ALL OTHER","G"
"2025-370455","2025 Dec 19 08:10:51 PM","67881312318","2025 Dec 19 12:40:00 PM","JUDKINS PARK/NORTH BEACON HILL","2012","ALL OTHER","G"
"2025-370455","2025 Dec 19 08:10:51 PM","67875336773","2025 Dec 19 12:40:00 PM","JUDKINS PARK/NORTH BEACON HILL","2012","ALL OTHER","G"
"2025-370810","2025 Dec 19 05:59:17 PM","67874442248","2025 Dec 19 12:40:00 PM","CENTRAL AREA/SQUIRE PARK","8692","ALL OTHER","C"
"2025-923515","2025 Dec 29 01:47:55 PM","67975757646","2025 Dec 19 12:43:00 PM","COLUMBIA CITY","7835","PROPERTY CRIME","R"
"2026-900439","2026 Jan 06 08:03:55 AM","68070790700","2025 Dec 19 01:00:00 PM","QUEEN ANNE","3587","PROPERTY CRIME","D"
"2025-370796","2025 Dec 19 03:23:38 PM","67873351222","2025 Dec 19 01:00:00 PM","SODO","6822","ALL OTHER","O"
"2025-370818","2025 Dec 19 02:35:48 PM","67872999460","2025 Dec 19 01:00:00 PM","CHINATOWN/INTERNATIONAL DISTRICT","3646","ALL OTHER","K"
"2025-371467","2025 Dec 20 12:51:57 PM","67883700355","2025 Dec 19 01:00:00 PM","SLU/CASCADE","10500","PROPERTY CRIME","D"
"2025-370803","2025 Dec 19 03:45:52 PM","67874781727","2025 Dec 19 01:13:00 PM","RAINIER BEACH","11101","ALL OTHER","S"
"2025-371817","2025 Dec 20 02:55:50 PM","67884318058","2025 Dec 19 01:13:00 PM","BELLTOWN","8887","VIOLENT CRIME","D"
"2025-370803","2025 Dec 19 03:45:52 PM","67873649906","2025 Dec 19 01:13:00 PM","RAINIER BEACH","11101","ALL OTHER","S"
"2025-923443","2025 Dec 29 08:42:31 AM","67973110588","2025 Dec 19 01:13:00 PM","NORTHGATE","4588","PROPERTY CRIME","L"
"2025-371664","2025 Dec 20 10:45:10 AM","67882937864","2025 Dec 19 01:15:00 PM","MAGNOLIA","1673","PROPERTY CRIME","Q"
"2025-370809","2025 Dec 19 04:29:15 PM","67873815441","2025 Dec 19 01:15:00 PM","GREENWOOD","12193","ALL OTHER","N"
"2025-371005","2025 Dec 19 06:15:52 PM","67874560556","2025 Dec 19 02:00:00 PM","SOUTH DELRIDGE","5319","PROPERTY CRIME","F"
"2025-371930","2025 Dec 20 04:41:39 PM","67884938961","2025 Dec 19 02:00:00 PM","ALASKA JUNCTION","7003","PROPERTY CRIME","W"
"2025-700631","2026 Jan 12 03:17:07 PM","68152760612","2025 Dec 19 02:00:00 PM","NORTHGATE","6541","PROPERTY CRIME","N"
"2025-370857","2025 Dec 19 07:11:23 PM","67875009429","2025 Dec 19 02:00:00 PM","GREENWOOD","REDACTED","ALL OTHER","J"
"2026-024988","2026 Jan 26 05:01:31 PM","68315948254","2025 Dec 19 02:00:00 PM","UNKNOWN","REDACTED","ALL OTHER","W"
"2025-370839","2025 Dec 19 04:34:11 PM","67873859896","2025 Dec 19 02:05:00 PM","DOWNTOWN COMMERCIAL","12522","PROPERTY CRIME","M"
"2026-001466","2026 Jan 02 03:25:39 PM","68025935014","2025 Dec 19 02:08:00 PM","ALASKA JUNCTION","REDACTED","ALL OTHER","W"
"2025-370850","2025 Dec 19 03:50:06 PM","67873750590","2025 Dec 19 02:20:00 PM","MID BEACON HILL","5466","ALL OTHER","S"
"2025-376683","2025 Dec 26 08:52:13 PM","67945306208","2025 Dec 19 02:26:00 PM","HIGH POINT","7332","PROPERTY CRIME","F"
"2025-370885","2025 Dec 20 02:25:43 AM","67879118661","2025 Dec 19 02:49:00 PM","BALLARD SOUTH","5007","PROPERTY CRIME","B"
"2025-923337","2025 Dec 28 11:27:35 AM","67966312135","2025 Dec 19 03:00:00 PM","BALLARD SOUTH","5063","PROPERTY CRIME","B"
"2025-377476","2025 Dec 27 10:39:25 AM","67954006257","2025 Dec 19 03:00:00 PM","ROOSEVELT/RAVENNA","2565","PROPERTY CRIME","U"
"2025-371615","2025 Dec 20 09:19:30 AM","67882514649","2025 Dec 19 03:00:00 PM","QUEEN ANNE","12105","PROPERTY CRIME","D"
"2025-370896","2025 Dec 19 05:25:22 PM","67874562294","2025 Dec 19 03:10:00 PM","DOWNTOWN COMMERCIAL","8590","ALL OTHER","M"
"2025-370923","2025 Dec 19 05:21:51 PM","67874178629","2025 Dec 19 03:17:00 PM","NORTH ADMIRAL","199","PROPERTY CRIME","W"
"2025-923248","2025 Dec 28 09:03:24 AM","67965652498","2025 Dec 19 03:20:00 PM","NORTH ADMIRAL","1558","PROPERTY CRIME","W"
"2025-370914","2025 Dec 19 08:16:46 PM","67875399510","2025 Dec 19 03:28:00 PM","JUDKINS PARK/NORTH BEACON HILL","2012","ALL OTHER","G"
"2025-923203","2025 Dec 24 01:59:02 PM","67924941852","2025 Dec 19 03:30:00 PM","SLU/CASCADE","7560","PROPERTY CRIME","Q"
"2025-923194","2025 Dec 24 01:20:38 PM","67924722406","2025 Dec 19 03:30:00 PM","MAGNOLIA","5066","ALL OTHER","Q"
"2025-923387","2025 Dec 28 01:14:30 PM","67966846280","2025 Dec 19 03:30:00 PM","NORTHGATE","519","PROPERTY CRIME","L"
"2025-370922","2025 Dec 19 06:30:36 PM","67875410603","2025 Dec 19 03:35:00 PM","RAINIER BEACH","6192","ALL OTHER","S"
"2025-370925","2025 Dec 19 06:26:04 PM","67874618414","2025 Dec 19 03:35:00 PM","ROOSEVELT/RAVENNA","8962","ALL OTHER","U"
"2025-923196","2025 Dec 24 01:21:29 PM","67924727892","2025 Dec 19 03:38:00 PM","GREENWOOD","705","PROPERTY CRIME","J"
"2025-923193","2025 Dec 24 01:12:55 PM","67924683868","2025 Dec 19 03:40:00 PM","PHINNEY RIDGE","1003","PROPERTY CRIME","J"
"2025-370939","2025 Dec 19 07:47:06 PM","67875178733","2025 Dec 19 03:50:00 PM","SODO","1472","ALL OTHER","O"
"2025-370948","2025 Dec 19 04:43:44 PM","67873919558","2025 Dec 19 03:59:00 PM","DOWNTOWN COMMERCIAL","6967","PROPERTY CRIME","K"
"2025-371011","2025 Dec 19 09:44:45 PM","67875986549","2025 Dec 19 04:00:00 PM","QUEEN ANNE","1930","PROPERTY CRIME","Q"
"2025-371683","2025 Dec 20 12:38:25 PM","67883561451","2025 Dec 19 04:00:00 PM","ROXHILL/WESTWOOD/ARBOR HEIGHTS","5534","PROPERTY CRIME","F"
"2025-370960","2025 Dec 19 04:59:10 PM","67874001220","2025 Dec 19 04:00:00 PM","RAINIER BEACH","REDACTED","ALL OTHER","S"
"2025-923394","2025 Dec 28 01:17:32 PM","67966863188","2025 Dec 19 04:02:00 PM","DOWNTOWN COMMERCIAL","2363","ALL OTHER","M"
"2025-370967","2025 Dec 19 06:12:57 PM","67874718919","2025 Dec 19 04:21:00 PM","RAINIER VIEW","8667","ALL OTHER","S"
"2025-370980","2025 Dec 19 05:08:10 PM","67874092243","2025 Dec 19 04:31:00 PM","DOWNTOWN COMMERCIAL","6612","PROPERTY CRIME","M"
"2026-900589","2026 Jan 09 12:31:51 PM","68113395025","2025 Dec 19 05:00:00 PM","ALASKA JUNCTION","201","PROPERTY CRIME","W"
"2025-923354","2025 Dec 28 12:55:48 PM","67966748527","2025 Dec 19 05:00:00 PM","FREMONT","7391","PROPERTY CRIME","B"
"2025-922973","2025 Dec 23 08:17:36 AM","67912867250","2025 Dec 19 05:00:00 PM","HIGH POINT","5043","ALL OTHER","F"
"2025-923199","2025 Dec 24 01:48:38 PM","67924875674","2025 Dec 19 05:00:00 PM","QUEEN ANNE","1614","PROPERTY CRIME","Q"
"2025-371023","2025 Dec 19 08:19:14 PM","67875440157","2025 Dec 19 05:09:00 PM","MAGNOLIA","10513","PROPERTY CRIME","Q"
"2025-371032","2025 Dec 19 05:35:33 PM","67874266093","2025 Dec 19 05:20:00 PM","CHINATOWN/INTERNATIONAL DISTRICT","1947","ALL OTHER","K"
"2025-370880","2025 Dec 19 07:43:13 PM","67875163440","2025 Dec 19 05:46:00 PM","CHINATOWN/INTERNATIONAL DISTRICT","6358","VIOLENT CRIME","K"
"2025-923436","2025 Dec 29 08:03:50 AM","67972799930","2025 Dec 19 06:00:00 PM","UNKNOWN","99","ALL OTHER","99"
"2025-371644","2025 Dec 20 09:48:50 AM","67882668652","2025 Dec 19 06:00:00 PM","BELLTOWN","2510","PROPERTY CRIME","M"
"2025-371733","2025 Dec 20 12:41:09 PM","67883618559","2025 Dec 19 06:00:00 PM","CAPITOL HILL","6226","PROPERTY CRIME","E"
"2025-923315","2025 Dec 28 11:16:46 AM","67966257415","2025 Dec 19 06:00:00 PM","BALLARD NORTH","393","ALL OTHER","J"
"2025-374554","2025 Dec 23 03:01:42 PM","67916315133","2025 Dec 19 06:00:00 PM","PHINNEY RIDGE","791","PROPERTY CRIME","B"
"2025-371733","2025 Dec 20 12:41:09 PM","67883633868","2025 Dec 19 06:00:00 PM","CAPITOL HILL","6226","PROPERTY CRIME","E"
"2025-923273","2025 Dec 28 10:23:43 AM","67965997126","2025 Dec 19 06:00:00 PM","UNKNOWN","99","PROPERTY CRIME","99"
"2025-923613","2025 Dec 30 10:44:41 AM","67985166314","2025 Dec 19 06:00:00 PM","NORTHGATE","10458","PROPERTY CRIME","N"
"2025-371577","2025 Dec 20 08:20:51 AM","67882246440","2025 Dec 19 06:00:00 PM","MID BEACON HILL","4422","PROPERTY CRIME","R"
"2026-900412","2026 Jan 06 05:35:41 AM","68069678051","2025 Dec 19 06:00:00 PM","LAKECITY","6206","PROPERTY CRIME","L"
"2026-900014","2026 Jan 02 07:26:40 AM","68017862609","2025 Dec 19 06:01:00 PM","FREMONT","7610","PROPERTY CRIME","B"
"2025-371066","2025 Dec 19 09:38:41 PM","67875902013","2025 Dec 19 06:17:00 PM","PHINNEY RIDGE","5643","ALL OTHER","B"
"2025-923198","2025 Dec 24 01:22:29 PM","67924732081","2025 Dec 19 06:20:00 PM","BALLARD SOUTH","10116","PROPERTY CRIME","B"
"2025-370916","2025 Dec 19 06:22:18 PM","67874613244","2025 Dec 19 06:22:00 PM","MADRONA/LESCHI","5851","ALL OTHER","C"
"2025-923428","2025 Dec 29 07:50:26 AM","67972703341","2025 Dec 19 06:25:00 PM","GEORGETOWN","13036","PROPERTY CRIME","O"
"2025-923258","2025 Dec 28 10:15:09 AM","67965957547","2025 Dec 19 06:30:00 PM","SLU/CASCADE","4138","PROPERTY CRIME","Q"
"2025-371077","2025 Dec 19 10:11:14 PM","67876098653","2025 Dec 19 06:30:00 PM","GREENWOOD","1126","VIOLENT CRIME","N"
"2025-371080","2025 Dec 19 11:53:13 PM","67877727183","2025 Dec 19 06:34:00 PM","GREENWOOD","2540","ALL OTHER","N"
"2025-371082","2025 Dec 19 07:45:37 PM","67875182585","2025 Dec 19 06:35:00 PM","CHINATOWN/INTERNATIONAL DISTRICT","1947","ALL OTHER","K"
"2025-371082","2025 Dec 19 07:45:37 PM","67880036565","2025 Dec 19 06:35:00 PM","CHINATOWN/INTERNATIONAL DISTRICT","1947","ALL OTHER","K"
"2025-371086","2025 Dec 19 07:28:05 PM","67875092508","2025 Dec 19 06:40:00 PM","CENTRAL AREA/SQUIRE PARK","1113","PROPERTY CRIME","C"
"2025-371086","2025 Dec 19 07:28:05 PM","67875162881","2025 Dec 19 06:40:00 PM","CENTRAL AREA/SQUIRE PARK","1113","ALL OTHER","C"
"2025-371095","2025 Dec 19 07:12:57 PM","67874977742","2025 Dec 19 06:51:00 PM","CENTRAL AREA/SQUIRE PARK","5449","PROPERTY CRIME","C"
"2025-371645","2025 Dec 20 12:17:02 PM","67883848576","2025 Dec 19 07:00:00 PM","CLAREMONT/RAINIER VISTA","10978","VIOLENT CRIME","R"
"2025-923242","2025 Dec 28 08:41:40 AM","67965570619","2025 Dec 19 07:00:00 PM","PHINNEY RIDGE","2669","PROPERTY CRIME","J"
"2025-371101","2025 Dec 19 08:23:27 PM","67875421453","2025 Dec 19 07:00:00 PM","RAINIER BEACH","10178","PROPERTY CRIME","S"
"2025-371101","2025 Dec 19 08:23:27 PM","67883326161","2025 Dec 19 07:00:00 PM","RAINIER BEACH","10178","ALL OTHER","S"
"2025-923293","2025 Dec 28 10:55:36 AM","67966149551","2025 Dec 19 07:00:00 PM","BALLARD SOUTH","10118","PROPERTY CRIME","B"
"2025-371100","2025 Dec 19 09:45:10 PM","67876178875","2025 Dec 19 07:00:00 PM","CENTRAL AREA/SQUIRE PARK","REDACTED","ALL OTHER","G"
"2025-923249","2025 Dec 28 09:03:42 AM","67965653718","2025 Dec 19 07:00:00 PM","ROOSEVELT/RAVENNA","2056","ALL OTHER","U"
"2025-371130","2025 Dec 19 08:42:39 PM","67875656646","2025 Dec 19 07:00:00 PM","SLU/CASCADE","10535","PROPERTY CRIME","D"
"2025-923206","2025 Dec 24 02:00:18 PM","67924949622","2025 Dec 19 07:00:00 PM","PIONEER SQUARE","7752","PROPERTY CRIME","K"
"2025-371109","2025 Dec 19 08:55:11 PM","67875657548","2025 Dec 19 07:05:00 PM","FIRST HILL","7625","PROPERTY CRIME","E"
"2025-371602","2025 Dec 20 08:52:56 AM","67882391835","2025 Dec 19 07:05:00 PM","QUEEN ANNE","7046","ALL OTHER","Q"
"2026-004538","2026 Jan 05 09:13:24 PM","68065039164","2025 Dec 19 07:14:00 PM","BRIGHTON/DUNLAP","REDACTED","ALL OTHER","S"
"2025-371127","2025 Dec 19 10:12:46 PM","67876103654","2025 Dec 19 07:30:00 PM","NEW HOLLY","REDACTED","ALL OTHER","S"
"2025-371148","2025 Dec 19 09:12:55 PM","67875759644","2025 Dec 19 07:56:00 PM","CLAREMONT/RAINIER VISTA","2313","ALL OTHER","R"
"2025-371153","2025 Dec 19 10:22:22 PM","67877688394","2025 Dec 19 07:59:00 PM","MOUNT BAKER","8657","ALL OTHER","R"
"2025-371153","2025 Dec 19 10:22:22 PM","68060254220","2025 Dec 19 07:59:00 PM","MOUNT BAKER","8657","ALL OTHER","R"
"2025-380357","2025 Dec 30 11:46:33 AM","67985743344","2025 Dec 19 08:00:00 PM","GREENWOOD","649","PROPERTY CRIME","J"
"2025-371168","2025 Dec 19 09:22:58 PM","67875897809","2025 Dec 19 08:00:00 PM","BITTERLAKE","6409","ALL OTHER","N"
"2025-923268","2025 Dec 28 10:22:12 AM","67965990783","2025 Dec 19 08:00:00 PM","FREMONT","489","PROPERTY CRIME","B"
"2025-373436","2025 Dec 22 10:41:05 PM","67904882025","2025 Dec 19 08:30:00 PM","FIRST HILL","826","ALL OTHER","G"
"2025-373436","2025 Dec 22 10:41:05 PM","67904887528","2025 Dec 19 08:30:00 PM","FIRST HILL","826","ALL OTHER","G"
"2025-373436","2025 Dec 22 10:41:05 PM","67904892911","2025 Dec 19 08:30:00 PM","FIRST HILL","826","ALL OTHER","G"
"2025-373436","2025 Dec 22 10:41:05 PM","67904869277","2025 Dec 19 08:30:00 PM","FIRST HILL","826","ALL OTHER","G"
"2025-923209","2025 Dec 28 07:54:10 AM","67965373406","2025 Dec 19 08:33:00 PM","CAPITOL HILL","5364","PROPERTY CRIME","C"
"2025-371181","2025 Dec 19 10:24:17 PM","67876227112","2025 Dec 19 08:38:00 PM","PIONEER SQUARE","12683","ALL OTHER","K"
"2025-371181","2025 Dec 19 10:24:17 PM","67876218585","2025 Dec 19 08:38:00 PM","PIONEER SQUARE","12683","ALL OTHER","K"
"2025-371181","2025 Dec 19 10:24:17 PM","67876222586","2025 Dec 19 08:38:00 PM","PIONEER SQUARE","12683","ALL OTHER","K"
"2025-371181","2025 Dec 19 10:24:17 PM","67876229327","2025 Dec 19 08:38:00 PM","PIONEER SQUARE","12683","ALL OTHER","K"
"2025-371187","2025 Dec 20 12:28:52 AM","67877887760","2025 Dec 19 08:41:00 PM","MOUNT BAKER","3413","ALL OTHER","R"
"2025-371204","2025 Dec 19 10:12:06 PM","67876090687","2025 Dec 19 08:59:00 PM","CHINATOWN/INTERNATIONAL DISTRICT","12043","ALL OTHER","K"
"2025-371675","2025 Dec 20 01:16:36 PM","67883765851","2025 Dec 19 09:00:00 PM","SANDPOINT","5059","PROPERTY CRIME","U"
"2025-923357","2025 Dec 28 12:57:04 PM","67966754443","2025 Dec 19 09:00:00 PM","PIONEER SQUARE","7752","PROPERTY CRIME","K"
"2025-371217","2025 Dec 19 09:47:03 PM","67875971265","2025 Dec 19 09:13:00 PM","QUEEN ANNE","REDACTED","ALL OTHER","Q"
"2025-371224","2025 Dec 20 01:12:54 AM","67879162484","2025 Dec 19 09:20:00 PM","SLU/CASCADE","1010","ALL OTHER","D"
"2026-001315","2026 Jan 02 01:42:34 PM","68021161456","2025 Dec 19 09:45:00 PM","CAPITOL HILL","823","VIOLENT CRIME","E"
"2025-371408","2025 Dec 20 02:52:32 AM","67880555210","2025 Dec 19 09:45:00 PM","ROOSEVELT/RAVENNA","1907","PROPERTY CRIME","J"
"2025-371244","2025 Dec 19 10:42:31 PM","67876277568","2025 Dec 19 09:49:00 PM","BELLTOWN","2938","PROPERTY CRIME","M"
"2025-371244","2025 Dec 19 10:42:31 PM","67876270214","2025 Dec 19 09:49:00 PM","BELLTOWN","2938","PROPERTY CRIME","M"
"2025-371257","2025 Dec 20 01:10:08 AM","67880529281","2025 Dec 19 10:00:00 PM","CAPITOL HILL","4218","VIOLENT CRIME","E"
"2025-923437","2025 Dec 29 08:04:13 AM","67972802629","2025 Dec 19 10:00:00 PM","CAPITOL HILL","6229","PROPERTY CRIME","E"
"2025-923254","2025 Dec 28 10:12:31 AM","67965944754","2025 Dec 19 10:00:00 PM","MONTLAKE/PORTAGE BAY","2209","PROPERTY CRIME","C"
"2026-900415","2026 Jan 06 07:41:40 AM","68070602530","2025 Dec 19 10:00:00 PM","UNKNOWN","99","ALL OTHER","99"
"2025-371268","2025 Dec 19 11:01:40 PM","67876382940","2025 Dec 19 10:05:00 PM","UNIVERSITY","8129","VIOLENT CRIME","U"
"2025-371268","2025 Dec 19 11:01:40 PM","67876721288","2025 Dec 19 10:05:00 PM","UNIVERSITY","8129","ALL OTHER","U"
"2025-371257","2025 Dec 20 01:10:08 AM","68060291139","2025 Dec 19 10:06:00 PM","CAPITOL HILL","4218","ALL OTHER","E"
"2025-371257","2025 Dec 20 01:10:08 AM","67880652925","2025 Dec 19 10:06:00 PM","CAPITOL HILL","4218","ALL OTHER","E"
"2025-371276","2025 Dec 20 12:27:24 AM","67877894686","2025 Dec 19 10:26:00 PM","SODO","3133","ALL OTHER","O"
"2025-371294","2025 Dec 23 02:08:07 AM","67906870840","2025 Dec 19 10:48:00 PM","PIONEER SQUARE","44","VIOLENT CRIME","K"
"2025-371301","2025 Dec 23 12:00:44 AM","67905650197","2025 Dec 19 10:57:00 PM","NORTH BEACON HILL","12722","ALL OTHER","R"
"2026-901146","2026 Jan 26 10:21:08 AM","68312752786","2025 Dec 19 11:00:00 PM","BALLARD SOUTH","623","PROPERTY CRIME","B"
"2025-371685","2025 Dec 20 03:46:03 PM","67884615433","2025 Dec 19 11:00:00 PM","FREMONT","12952","PROPERTY CRIME","B"
"2025-371670","2025 Dec 20 12:50:17 PM","67883626062","2025 Dec 19 11:00:00 PM","MADISON PARK","1374","PROPERTY CRIME","C"
"2025-923257","2025 Dec 28 10:14:29 AM","67965953546","2025 Dec 19 11:00:00 PM","BALLARD SOUTH","8404","PROPERTY CRIME","B"
"2025-373305","2025 Dec 22 03:58:35 PM","67902468134","2025 Dec 19 11:12:00 PM","MOUNT BAKER","REDACTED","PROPERTY CRIME","R"
"2025-373305","2025 Dec 22 03:58:35 PM","67902512993","2025 Dec 19 11:12:00 PM","MOUNT BAKER","REDACTED","ALL OTHER","R"
"2025-371316","2025 Dec 20 12:17:46 AM","67877847503","2025 Dec 19 11:20:00 PM","HIGHLAND PARK","12708","VIOLENT CRIME","F"
"2025-923244","2025 Dec 28 08:42:26 AM","67965573418","2025 Dec 19 11:30:00 PM","CAPITOL HILL","4218","PROPERTY CRIME","E"
"2025-371324","2025 Dec 20 12:21:09 AM","67877856056","2025 Dec 19 11:32:00 PM","MADRONA/LESCHI","7575","ALL OTHER","G"
"2025-371326","2025 Dec 20 12:40:29 AM","67877965433","2025 Dec 19 11:32:00 PM","SODO","REDACTED","ALL OTHER","O"
"2025-371335","2025 Dec 20 01:55:31 AM","67878998997","2025 Dec 19 11:44:00 PM","CHINATOWN/INTERNATIONAL DISTRICT","3467","ALL OTHER","K"
"2025-371661","2025 Dec 20 10:21:09 AM","67882846662","2025 Dec 20 12:00:00 AM","LAKECITY","10468","ALL OTHER","L"
"2025-371661","2025 Dec 20 10:21:09 AM","67882829467","2025 Dec 20 12:00:00 AM","LAKECITY","10468","PROPERTY CRIME","L"
"2025-372526","2025 Dec 21 10:45:37 AM","67890797211","2025 Dec 20 12:00:00 AM","UNIVERSITY","5903","PROPERTY CRIME","U"
"2026-900491","2026 Jan 07 08:04:35 AM","68085139968","2025 Dec 20 12:00:00 AM","MORGAN","6692","PROPERTY CRIME","W"
"2026-900156","2026 Jan 03 11:22:28 AM","68033503567","2025 Dec 20 12:00:00 AM","HIGHLAND PARK","3438","PROPERTY CRIME","F"
"2025-923247","2025 Dec 28 09:00:28 AM","67965638920","2025 Dec 20 12:00:00 AM","CENTRAL AREA/SQUIRE PARK","5347","ALL OTHER","C"
"2025-923264","2025 Dec 28 10:20:44 AM","67965983782","2025 Dec 20 12:00:00 AM","CHINATOWN/INTERNATIONAL DISTRICT","3645","ALL OTHER","K"
"2025-373573","2025 Dec 22 01:42:32 PM","67901397854","2025 Dec 20 12:00:00 AM","NORTHGATE","7916","PROPERTY CRIME","N"
"2026-006821","2026 Jan 08 04:20:07 PM","68105703535","2025 Dec 20 12:00:00 AM","GREENWOOD","4090","PROPERTY CRIME","J"
"2025-373270","2025 Dec 22 07:24:46 AM","67897487684","2025 Dec 20 12:00:00 AM","MID BEACON HILL","4422","ALL OTHER","R"
"2026-000386","2026 Jan 01 05:37:55 PM","68009076952","2025 Dec 20 12:00:00 AM","NORTHGATE","4589","PROPERTY CRIME","L"
"2025-923245","2025 Dec 28 08:43:03 AM","67965576019","2025 Dec 20 12:00:00 AM","SANDPOINT","6049","ALL OTHER","U"
"2025-373584","2025 Dec 22 04:47:10 PM","67902917865","2025 Dec 20 12:00:00 AM","DOWNTOWN COMMERCIAL","REDACTED","ALL OTHER","M"
"2025-923241","2025 Dec 28 08:41:20 AM","67965569390","2025 Dec 20 12:30:00 AM","SANDPOINT","8156","PROPERTY CRIME","L"
"2025-371369","2025 Dec 20 03:12:04 AM","67879831716","2025 Dec 20 12:34:00 AM","MID BEACON HILL","2117","ALL OTHER","R"
"2025-371369","2025 Dec 20 03:12:04 AM","67879830489","2025 Dec 20 12:34:00 AM","MID BEACON HILL","2117","ALL OTHER","R"
"2025-371574","2025 Dec 20 09:15:58 AM","67882501443","2025 Dec 20 12:45:00 AM","CENTRAL AREA/SQUIRE PARK","2666","PROPERTY CRIME","G"
"2025-372067","2025 Dec 20 07:38:24 PM","67885927775","2025 Dec 20 01:00:00 AM","UNKNOWN","REDACTED","ALL OTHER","-"
"2026-900376","2026 Jan 05 10:37:48 AM","68058643017","2025 Dec 20 01:00:00 AM","PHINNEY RIDGE","6177","PROPERTY CRIME","B"
"2025-923403","2025 Dec 28 01:21:51 PM","67966887036","2025 Dec 20 01:00:00 AM","SODO","7062","PROPERTY CRIME","O"
"2025-923435","2025 Dec 29 08:03:12 AM","67972793767","2025 Dec 20 01:00:00 AM","NORTH BEACON HILL","2715","ALL OTHER","R"
"2025-371435","2025 Dec 20 03:43:30 AM","67880554260","2025 Dec 20 01:00:00 AM","NEW HOLLY","1628","PROPERTY CRIME","S"
"2026-900616","2026 Jan 09 12:57:43 PM","68113605414","2025 Dec 20 01:00:00 AM","ROOSEVELT/RAVENNA","1128","PROPERTY CRIME","J"
"2025-371387","2025 Dec 20 02:09:53 AM","67879045981","2025 Dec 20 01:08:00 AM","CAPITOL HILL","6969","ALL OTHER","E"
"2025-371394","2025 Dec 20 03:28:54 AM","67880691116","2025 Dec 20 01:21:00 AM","QUEEN ANNE","REDACTED","ALL OTHER","Q"
"2025-371394","2025 Dec 20 03:28:54 AM","67881424381","2025 Dec 20 01:21:00 AM","QUEEN ANNE","REDACTED","ALL OTHER","Q"
"2025-371409","2025 Dec 20 02:45:47 AM","67879159921","2025 Dec 20 01:27:00 AM","BELLTOWN","2072","ALL OTHER","M"
"2025-700622","2025 Dec 23 06:32:44 PM","67917696238","2025 Dec 20 01:45:00 AM","DOWNTOWN COMMERCIAL","2359","PROPERTY CRIME","M"
"2025-923380","2025 Dec 28 01:11:13 PM","67966830507","2025 Dec 20 01:50:00 AM","NORTH ADMIRAL","11477","PROPERTY CRIME","W"
"2025-371412","2025 Dec 20 03:37:36 AM","67880544768","2025 Dec 20 01:51:00 AM","GREENWOOD","2194","ALL OTHER","N"
"2025-923253","2025 Dec 28 10:12:02 AM","67965942460","2025 Dec 20 02:00:00 AM","PHINNEY RIDGE","7912","PROPERTY CRIME","B"
"2025-371420","2025 Dec 20 02:24:59 AM","67879099667","2025 Dec 20 02:00:00 AM","CAPITOL HILL","REDACTED","ALL OTHER","E"
"2025-372254","2025 Dec 21 07:52:57 AM","67890138454","2025 Dec 20 02:00:00 AM","FIRST HILL","4576","PROPERTY CRIME","G"
"2025-371423","2025 Dec 20 03:16:36 AM","67880111754","2025 Dec 20 02:06:00 AM","PHINNEY RIDGE","10858","PROPERTY CRIME","J"
"2025-371424","2025 Dec 20 03:50:27 AM","67880650917","2025 Dec 20 02:12:00 AM","ROOSEVELT/RAVENNA","11363","ALL OTHER","U"
"2025-371430","2025 Dec 20 05:06:22 AM","67881481665","2025 Dec 20 02:23:00 AM","SODO","10928","ALL OTHER","O"
"2025-371443","2025 Dec 20 04:14:23 AM","67881306803","2025 Dec 20 02:30:00 AM","PIONEER SQUARE","REDACTED","VIOLENT CRIME","K"
"2025-371439","2025 Dec 20 03:12:00 AM","67879837574","2025 Dec 20 02:32:00 AM","BELLTOWN","8887","ALL OTHER","D"
"2025-923246","2025 Dec 28 08:58:38 AM","67965632637","2025 Dec 20 02:46:00 AM","BALLARD NORTH","2615","PROPERTY CRIME","J"
"2025-371444","2025 Dec 20 05:07:05 AM","67881497069","2025 Dec 20 02:49:00 AM","FIRST HILL","3525","ALL OTHER","G"
"2025-372512","2025 Dec 21 08:30:28 AM","67890223348","2025 Dec 20 02:50:00 AM","NORTHGATE","2337","PROPERTY CRIME","N"
"2025-923466","2025 Dec 29 09:54:23 AM","67973734168","2025 Dec 20 02:57:00 AM","DOWNTOWN COMMERCIAL","2363","PROPERTY CRIME","M"
"2026-012143","2026 Jan 13 06:56:23 PM","68166402927","2025 Dec 20 03:00:00 AM","BELLTOWN","12712","PROPERTY CRIME","D"
"2025-923240","2025 Dec 28 08:40:58 AM","67965568359","2025 Dec 20 03:00:00 AM","SANDPOINT","11425","PROPERTY CRIME","U"
"2025-371447","2025 Dec 20 07:27:48 AM","67882015830","2025 Dec 20 03:02:00 AM","CAPITOL HILL","823","ALL OTHER","E"
"2025-371459","2025 Dec 20 04:23:30 AM","67881447593","2025 Dec 20 03:15:00 AM","NEW HOLLY","10881","VIOLENT CRIME","S"
"2025-923265","2025 Dec 28 10:21:06 AM","67965985603","2025 Dec 20 03:22:00 AM","CAPITOL HILL","11082","PROPERTY CRIME","E"
"2025-371460","2025 Dec 20 04:37:12 AM","67881394754","2025 Dec 20 03:27:00 AM","BELLTOWN","2510","ALL OTHER","M"
"2025-371464","2025 Dec 20 06:00:31 AM","67881684305","2025 Dec 20 03:44:00 AM","EASTLAKE - EAST","11222","PROPERTY CRIME","C"
"2025-371464","2025 Dec 20 06:00:31 AM","67881768095","2025 Dec 20 03:44:00 AM","EASTLAKE - WEST","8878","ALL OTHER","D"
"2025-371476","2025 Dec 20 05:20:11 AM","67885765815","2025 Dec 20 04:00:00 AM","CAPITOL HILL","1044","ALL OTHER","C"
"2025-371476","2025 Dec 20 05:20:11 AM","67881537833","2025 Dec 20 04:00:00 AM","CAPITOL HILL","1044","PROPERTY CRIME","C"
"2025-923278","2025 Dec 28 10:27:22 AM","67966013176","2025 Dec 20 04:01:00 AM","WALLINGFORD","1822","PROPERTY CRIME","B"
"2025-371469","2025 Dec 20 05:27:05 AM","67881725163","2025 Dec 20 04:08:00 AM","MOUNT BAKER","REDACTED","ALL OTHER","R"
"2025-372500","2025 Dec 21 09:13:41 AM","67890410049","2025 Dec 20 04:20:00 AM","NORTH ADMIRAL","11477","PROPERTY CRIME","W"
"2025-371472","2025 Dec 20 05:47:59 AM","67881851143","2025 Dec 20 04:28:00 AM","CAPITOL HILL","4207","ALL OTHER","E"
"2025-371472","2025 Dec 20 05:47:59 AM","67881847751","2025 Dec 20 04:28:00 AM","CAPITOL HILL","4207","ALL OTHER","E"
"2025-371498","2025 Dec 20 06:45:47 AM","67881835938","2025 Dec 20 05:20:00 AM","MOUNT BAKER","837","ALL OTHER","R"
"2025-923282","2025 Dec 28 10:30:45 AM","67966029080","2025 Dec 20 05:30:00 AM","FIRST HILL","4215","PROPERTY CRIME","E"
"2025-371517","2025 Dec 20 08:47:06 AM","67882391043","2025 Dec 20 05:50:00 AM","UNIVERSITY","5248","PROPERTY CRIME","U"
"2025-371511","2025 Dec 20 09:51:07 AM","67882678169","2025 Dec 20 05:51:00 AM","PHINNEY RIDGE","6177","PROPERTY CRIME","B"
"2025-371517","2025 Dec 20 08:47:06 AM","67882410429","2025 Dec 20 06:00:00 AM","UNIVERSITY","5248","ALL OTHER","U"
"2025-923277","2025 Dec 28 10:25:19 AM","67966004497","2025 Dec 20 06:02:00 AM","LAKEWOOD/SEWARD PARK","4622","PROPERTY CRIME","R"
"2025-371522","2025 Dec 20 10:41:19 AM","67898235700","2025 Dec 20 06:20:00 AM","QUEEN ANNE","3505","PROPERTY CRIME","Q"
"2025-371522","2025 Dec 20 10:41:19 AM","67882942821","2025 Dec 20 06:20:00 AM","QUEEN ANNE","3505","ALL OTHER","Q"
"2025-371530","2025 Dec 20 11:52:00 AM","67883295075","2025 Dec 20 06:27:00 AM","WALLINGFORD","8702","PROPERTY CRIME","B"
"2025-923352","2025 Dec 28 12:54:36 PM","67966741421","2025 Dec 20 06:30:00 AM","GREENWOOD","10014","PROPERTY CRIME","J"
"2025-371528","2025 Dec 20 09:16:40 AM","67882501645","2025 Dec 20 06:31:00 AM","BELLTOWN","12712","PROPERTY CRIME","D"
"2026-900151","2026 Jan 03 11:20:27 AM","68033488364","2025 Dec 20 07:00:00 AM","FREMONT","6512","PROPERTY CRIME","B"
"2025-371543","2025 Dec 20 08:35:07 AM","67882307659","2025 Dec 20 07:10:00 AM","GENESEE","4893","PROPERTY CRIME","R"
"2025-371542","2025 Dec 20 07:25:27 AM","67881999077","2025 Dec 20 07:18:00 AM","HILLMAN CITY","7840","PROPERTY CRIME","R"
"2025-923424","2025 Dec 29 07:48:40 AM","67972691471","2025 Dec 20 07:20:00 AM","BALLARD SOUTH","3346","PROPERTY CRIME","B"
"2025-371549","2025 Dec 20 08:28:51 AM","67882272237","2025 Dec 20 07:21:00 AM","BALLARD SOUTH","10116","PROPERTY CRIME","B"
"2025-923263","2025 Dec 28 10:20:26 AM","67965981255","2025 Dec 20 07:28:00 AM","GREENWOOD","10935","PROPERTY CRIME","J"
"2025-923385","2025 Dec 28 01:13:21 PM","67966840990","2025 Dec 20 07:49:00 AM","GREENWOOD","7424","PROPERTY CRIME","J"
"2025-371663","2025 Dec 20 12:06:07 PM","67883375568","2025 Dec 20 08:00:00 AM","WALLINGFORD","12499","PROPERTY CRIME","B"
"2025-374863","2025 Dec 24 05:49:52 AM","67921932518","2025 Dec 20 08:00:00 AM","BALLARD SOUTH","REDACTED","ALL OTHER","B"
"2025-923389","2025 Dec 28 01:15:16 PM","67966849951","2025 Dec 20 08:00:00 AM","CENTRAL AREA/SQUIRE PARK","12236","PROPERTY CRIME","C"
"2025-371580","2025 Dec 20 09:36:35 AM","67882594882","2025 Dec 20 08:18:00 AM","QUEEN ANNE","7085","PROPERTY CRIME","Q"
"2025-371584","2025 Dec 20 09:43:42 AM","67882657804","2025 Dec 20 08:21:00 AM","BALLARD SOUTH","7095","PROPERTY CRIME","B"
"2026-901255","2026 Jan 26 01:17:25 PM","68314101148","2025 Dec 20 09:00:00 AM","FREMONT","207","PROPERTY CRIME","B"
"2025-371649","2025 Dec 20 07:49:08 PM","67885995008","2025 Dec 20 09:30:00 AM","GREENWOOD","1126","VIOLENT CRIME","N"
"2025-371649","2025 Dec 20 07:49:08 PM","67886030690","2025 Dec 20 09:30:00 AM","GREENWOOD","1126","ALL OTHER","N"
"2025-371636","2025 Dec 20 11:32:07 AM","67883221060","2025 Dec 20 09:30:00 AM","QUEEN ANNE","1000","ALL OTHER","Q"
"2025-371669","2025 Dec 20 11:17:56 AM","67883114305","2025 Dec 20 09:45:00 AM","UNIVERSITY","10188","VIOLENT CRIME","U"
"2025-371656","2025 Dec 20 11:16:43 AM","67883120072","2025 Dec 20 09:55:00 AM","MADISON PARK","5844","PROPERTY CRIME","C"
"2025-372552","2025 Dec 21 09:36:28 AM","67890499373","2025 Dec 20 10:00:00 AM","QUEEN ANNE","10506","PROPERTY CRIME","D"
"2026-900091","2026 Jan 03 07:56:43 AM","68032337486","2025 Dec 20 10:00:00 AM","DOWNTOWN COMMERCIAL","7125","ALL OTHER","M"
"2025-371674","2025 Dec 20 12:47:44 PM","67883625401","2025 Dec 20 10:09:00 AM","PIONEER SQUARE","3884","PROPERTY CRIME","K"
"2025-923255","2025 Dec 28 10:13:13 AM","67965948326","2025 Dec 20 10:20:00 AM","ROOSEVELT/RAVENNA","11154","PROPERTY CRIME","U"
"2025-700620","2025 Dec 23 12:33:48 PM","67915009407","2025 Dec 20 10:23:00 AM","DOWNTOWN COMMERCIAL","2359","PROPERTY CRIME","M"
"2025-371686","2025 Dec 20 12:40:26 PM","67993065525","2025 Dec 20 10:25:00 AM","MOUNT BAKER","1386","VIOLENT CRIME","R"
"2025-373465","2025 Dec 22 06:03:08 PM","67903343817","2025 Dec 20 10:38:00 AM","BITTERLAKE","3853","PROPERTY CRIME","N"
"2025-371863","2025 Dec 20 11:05:29 PM","67887059493","2025 Dec 20 11:00:00 AM","WALLINGFORD","8061","PROPERTY CRIME","B"
"2026-900876","2026 Jan 12 09:00:05 AM","68143093260","2025 Dec 20 11:00:00 AM","CENTRAL AREA/SQUIRE PARK","5158","PROPERTY CRIME","C"
"2025-923281","2025 Dec 28 10:30:25 AM","67966026138","2025 Dec 20 11:00:00 AM","MOUNT BAKER","12913","PROPERTY CRIME","R"
"2025-372058","2025 Dec 21 01:53:11 PM","67891997281","2025 Dec 20 11:00:00 AM","DOWNTOWN COMMERCIAL","REDACTED","ALL OTHER","M"
"2025-372058","2025 Dec 21 01:53:11 PM","67891969344","2025 Dec 20 11:00:00 AM","DOWNTOWN COMMERCIAL","REDACTED","ALL OTHER","M"
"2025-923464","2025 Dec 29 09:53:35 AM","67973728600","2025 Dec 20 11:07:00 AM","CENTRAL AREA/SQUIRE PARK","4332","PROPERTY CRIME","C"
"2025-923266","2025 Dec 28 10:21:27 AM","67965987230","2025 Dec 20 11:10:00 AM","FREMONT","6512","PROPERTY CRIME","B"
"2026-011869","2026 Jan 13 08:12:54 PM","68166720138","2025 Dec 20 11:23:00 AM","MADRONA/LESCHI","7575","PROPERTY CRIME","G"
"2025-371735","2025 Dec 20 12:49:06 PM","67883654303","2025 Dec 20 11:32:00 AM","ALKI","REDACTED","ALL OTHER","W"
"2025-923471","2025 Dec 29 09:56:21 AM","67973748668","2025 Dec 20 11:44:00 AM","FIRST HILL","4211","PROPERTY CRIME","E"
"2026-008051","2026 Jan 09 02:37:51 PM","68114753826","2025 Dec 20 12:00:00 PM","BITTERLAKE","11057","ALL OTHER","N"
"2025-371904","2025 Dec 20 11:32:45 PM","67888070771","2025 Dec 20 12:00:00 PM","CHINATOWN/INTERNATIONAL DISTRICT","REDACTED","ALL OTHER","K"
"2025-371768","2025 Dec 20 12:49:30 PM","67883634025","2025 Dec 20 12:19:00 PM","FIRST HILL","10891","ALL OTHER","E"
"2025-923267","2025 Dec 28 10:21:56 AM","67965989947","2025 Dec 20 12:30:00 PM","UNIVERSITY","10188","PROPERTY CRIME","U"
"2025-371805","2025 Dec 20 02:19:10 PM","67884177315","2025 Dec 20 12:56:00 PM","LAKECITY","6063","ALL OTHER","L"
"2025-371823","2025 Dec 20 06:43:32 PM","67885591359","2025 Dec 20 01:00:00 PM","MOUNT BAKER","REDACTED","ALL OTHER","R"
"2025-371830","2025 Dec 20 03:32:51 PM","67885413644","2025 Dec 20 01:00:00 PM","GREENWOOD","REDACTED","ALL OTHER","J"
"2025-372743","2025 Dec 21 04:12:55 PM","67892535544","2025 Dec 20 01:00:00 PM","BITTERLAKE","REDACTED","ALL OTHER","N"
"2026-901149","2026 Jan 26 10:22:28 AM","68312770812","2025 Dec 20 01:00:00 PM","QUEEN ANNE","2673","PROPERTY CRIME","D"
"2025-371822","2025 Dec 20 03:01:38 PM","67884359346","2025 Dec 20 01:15:00 PM","UNIVERSITY","10189","ALL OTHER","U"
"2025-700619","2025 Dec 23 12:02:56 PM","67914768555","2025 Dec 20 01:36:00 PM","DOWNTOWN COMMERCIAL","2359","PROPERTY CRIME","M"
"2025-700637","2026 Jan 12 06:00:57 PM","68154055383","2025 Dec 20 01:43:00 PM","MAGNOLIA","10513","PROPERTY CRIME","Q"
"2025-923309","2025 Dec 28 11:13:23 AM","67966242620","2025 Dec 20 02:00:00 PM","GREENWOOD","8583","PROPERTY CRIME","J"
"2025-923374","2025 Dec 28 01:05:06 PM","67966799370","2025 Dec 20 02:00:00 PM","ROOSEVELT/RAVENNA","2033","PROPERTY CRIME","J"
"2025-923301","2025 Dec 28 11:09:54 AM","67966223761","2025 Dec 20 02:15:00 PM","DOWNTOWN COMMERCIAL","1585","PROPERTY CRIME","M"
"2025-923274","2025 Dec 28 10:24:07 AM","67965998673","2025 Dec 20 02:30:00 PM","ROXHILL/WESTWOOD/ARBOR HEIGHTS","6558","PROPERTY CRIME","F"
"2026-901239","2026 Jan 26 12:30:10 PM","68313731803","2025 Dec 20 02:30:00 PM","SLU/CASCADE","718","PROPERTY CRIME","D"
"2025-371872","2025 Dec 20 03:59:16 PM","67884744418","2025 Dec 20 02:33:00 PM","DOWNTOWN COMMERCIAL","12522","PROPERTY CRIME","M"
"2025-371936","2025 Dec 20 07:20:42 PM","67885812478","2025 Dec 20 02:40:00 PM","LAKECITY","REDACTED","ALL OTHER","L"
"2025-923270","2025 Dec 28 10:22:49 AM","67965993673","2025 Dec 20 02:51:00 PM","RAINIER BEACH","6839","PROPERTY CRIME","S"
"2025-371884","2025 Dec 22 02:46:31 PM","67901882249","2025 Dec 20 02:52:00 PM","NORTHGATE","2055","PROPERTY CRIME","L"
"2025-371986","2025 Dec 20 10:26:15 PM","67886851241","2025 Dec 20 03:00:00 PM","BALLARD NORTH","12361","ALL OTHER","J"
"2025-371846","2025 Dec 20 04:18:29 PM","68060344008","2025 Dec 20 03:29:00 PM","BELLTOWN","2510","ALL OTHER","M"
"2025-381207","2025 Dec 31 09:00:58 AM","67993774282","2025 Dec 20 03:30:00 PM","QUEEN ANNE","1321","ALL OTHER","D"
"2025-371969","2025 Dec 20 06:02:03 PM","67885357226","2025 Dec 20 03:49:00 PM","HIGH POINT","10407","ALL OTHER","W"
"2025-371948","2025 Dec 20 05:59:37 PM","67885349569","2025 Dec 20 04:00:00 PM","RAINIER BEACH","5410","ALL OTHER","S"
"2025-373638","2025 Dec 22 04:47:04 PM","67902885357","2025 Dec 20 04:00:00 PM","MILLER PARK","3604","PROPERTY CRIME","C"
"2025-371969","2025 Dec 20 06:02:03 PM","67885520152","2025 Dec 20 04:00:00 PM","HIGH POINT","10407","ALL OTHER","W"
"2025-371915","2025 Dec 20 06:50:11 PM","67885639425","2025 Dec 20 04:00:00 PM","LAKECITY","REDACTED","ALL OTHER","L"
"2025-371915","2025 Dec 20 06:50:11 PM","67962708550","2025 Dec 20 04:00:00 PM","LAKECITY","REDACTED","PROPERTY CRIME","L"
"2025-373397","2025 Dec 22 11:19:31 AM","67900198306","2025 Dec 20 04:00:00 PM","SANDPOINT","5126","PROPERTY CRIME","U"
"2025-372499","2025 Dec 21 11:36:38 AM","67891042011","2025 Dec 20 04:00:00 PM","FIRST HILL","REDACTED","ALL OTHER","G"
"2026-900032","2026 Jan 02 10:45:50 AM","68019482529","2025 Dec 20 04:05:00 PM","NORTHGATE","6600","PROPERTY CRIME","N"
"2025-371961","2025 Dec 20 05:48:13 PM","67885331889","2025 Dec 20 04:18:00 PM","UNIVERSITY","5902","PROPERTY CRIME","U"
"2025-923422","2025 Dec 29 07:19:24 AM","67972463549","2025 Dec 20 04:30:00 PM","MAGNOLIA","636","PROPERTY CRIME","Q"
"2025-923285","2025 Dec 28 10:33:12 AM","67966040516","2025 Dec 20 04:30:00 PM","UNIVERSITY","745","ALL OTHER","U"
"2025-923272","2025 Dec 28 10:23:25 AM","67965995883","2025 Dec 20 04:30:00 PM","QUEEN ANNE","1930","PROPERTY CRIME","Q"
"2025-372576","2025 Dec 21 11:02:42 AM","67890883896","2025 Dec 20 04:30:00 PM","HILLMAN CITY","7840","ALL OTHER","R"
"2025-923472","2025 Dec 29 10:11:53 AM","67973872702","2025 Dec 20 04:44:00 PM","BELLTOWN","3447","PROPERTY CRIME","D"
"2025-371964","2025 Dec 20 07:20:20 PM","67885801891","2025 Dec 20 04:45:00 PM","BELLTOWN","8887","PROPERTY CRIME","D"
"2026-900901","2026 Jan 13 07:39:59 AM","68160636833","2025 Dec 20 04:50:00 PM","GREENWOOD","5892","PROPERTY CRIME","J"
"2026-901002","2026 Jan 13 01:51:10 PM","68164074282","2025 Dec 20 04:55:00 PM","BELLTOWN","12153","PROPERTY CRIME","D"
"2025-371973","2025 Dec 20 05:52:50 PM","67885603690","2025 Dec 20 04:55:00 PM","LAKECITY","11434","ALL OTHER","L"
"2025-371972","2025 Dec 20 06:39:03 PM","67885568598","2025 Dec 20 04:55:00 PM","BRIGHTON/DUNLAP","REDACTED","ALL OTHER","S"
"2025-371974","2025 Dec 20 05:53:40 PM","67885302149","2025 Dec 20 04:56:00 PM","WALLINGFORD","4503","ALL OTHER","B"
"2025-372705","2025 Dec 21 04:46:23 PM","67892709814","2025 Dec 20 05:00:00 PM","NORTH BEACON HILL","10835","PROPERTY CRIME","R"
"2025-372001","2025 Dec 20 07:05:29 PM","67885748278","2025 Dec 20 05:10:00 PM","MOUNT BAKER","13027","PROPERTY CRIME","R"
"2025-371992","2025 Dec 20 05:45:34 PM","67885261953","2025 Dec 20 05:15:00 PM","CHINATOWN/INTERNATIONAL DISTRICT","1947","ALL OTHER","K"
"2025-371996","2025 Dec 20 05:57:07 PM","67885334911","2025 Dec 20 05:17:00 PM","CAPITOL HILL","1044","VIOLENT CRIME","C"
"2025-372006","2025 Dec 20 07:26:42 PM","67885842347","2025 Dec 20 05:20:00 PM","BELLTOWN","8887","VIOLENT CRIME","D"
"2025-372014","2025 Dec 20 07:17:35 PM","67885788185","2025 Dec 20 05:35:00 PM","BELLTOWN","8887","ALL OTHER","D"
"2025-923294","2025 Dec 28 11:06:51 AM","67966210184","2025 Dec 20 05:35:00 PM","BALLARD SOUTH","5007","PROPERTY CRIME","B"
"2025-372008","2025 Dec 20 05:52:16 PM","67885295241","2025 Dec 20 05:36:00 PM","CHINATOWN/INTERNATIONAL DISTRICT","3309","ALL OTHER","K"
"2025-923291","2025 Dec 28 10:54:08 AM","67966142043","2025 Dec 20 05:43:00 PM","BITTERLAKE","6409","PROPERTY CRIME","N"
"2025-372432","2025 Dec 21 11:17:09 AM","67890963983","2025 Dec 20 06:00:00 PM","FIRST HILL","1242","PROPERTY CRIME","G"
"2025-923280","2025 Dec 28 10:29:18 AM","67966021796","2025 Dec 20 06:02:00 PM","ALASKA JUNCTION","4857","PROPERTY CRIME","W"
"2025-372027","2025 Dec 20 10:15:16 PM","67888893805","2025 Dec 20 06:15:00 PM","DOWNTOWN COMMERCIAL","2646","ALL OTHER","M"
"2025-372028","2025 Dec 20 06:42:02 PM","67885590695","2025 Dec 20 06:15:00 PM","DOWNTOWN COMMERCIAL","3166","ALL OTHER","M"
"2025-372027","2025 Dec 20 10:15:16 PM","67888886414","2025 Dec 20 06:15:00 PM","DOWNTOWN COMMERCIAL","2646","ALL OTHER","M"
"2025-922934","2025 Dec 22 06:00:00 PM","67903289364","2025 Dec 20 06:20:00 PM","QUEEN ANNE","5443","PROPERTY CRIME","Q"
"2025-372435","2025 Dec 21 06:08:22 AM","67889711205","2025 Dec 20 06:45:00 PM","FREMONT","3551","PROPERTY CRIME","B"
"2025-372062","2025 Dec 20 09:53:57 PM","67886717868","2025 Dec 20 06:58:00 PM","NORTHGATE","REDACTED","ALL OTHER","L"
"2025-372062","2025 Dec 20 09:53:57 PM","67886684349","2025 Dec 20 06:58:00 PM","NORTHGATE","REDACTED","ALL OTHER","L"
"2025-372099","2025 Dec 20 08:05:05 PM","67886096897","2025 Dec 20 07:20:00 PM","CAPITOL HILL","3512","PROPERTY CRIME","E"
"2025-372084","2025 Dec 20 10:26:47 PM","67886872901","2025 Dec 20 07:24:00 PM","CAPITOL HILL","655","ALL OTHER","E"
"2025-372084","2025 Dec 20 10:26:47 PM","67886859287","2025 Dec 20 07:24:00 PM","CAPITOL HILL","655","ALL OTHER","E"
"2025-374368","2025 Dec 23 12:15:20 PM","67916778585","2025 Dec 20 07:35:00 PM","JUDKINS PARK/NORTH BEACON HILL","2608","PROPERTY CRIME","G"
"2025-372098","2025 Dec 21 03:40:36 AM","67889271342","2025 Dec 20 07:41:00 PM","NORTHGATE","4589","ALL OTHER","L"
"2025-372102","2025 Dec 20 09:03:30 PM","67886413769","2025 Dec 20 07:46:00 PM","BELLTOWN","8886","ALL OTHER","D"
"2025-372108","2025 Dec 20 09:10:15 PM","67886520021","2025 Dec 20 07:53:00 PM","NORTHGATE","600","PROPERTY CRIME","L"
"2025-372489","2025 Dec 21 09:36:17 AM","67890486158","2025 Dec 20 08:00:00 PM","FIRST HILL","10891","PROPERTY CRIME","E"
"2025-923502","2025 Dec 29 12:50:57 PM","67975337786","2025 Dec 20 08:00:00 PM","FREMONT","11369","PROPERTY CRIME","B"
"2025-372113","2025 Dec 20 10:31:02 PM","68060374176","2025 Dec 20 08:03:00 PM","DOWNTOWN COMMERCIAL","12578","ALL OTHER","M"
"2025-372113","2025 Dec 20 10:31:02 PM","67886915919","2025 Dec 20 08:03:00 PM","DOWNTOWN COMMERCIAL","12578","ALL OTHER","M"
"2025-372116","2025 Dec 21 04:40:16 AM","67889456837","2025 Dec 20 08:05:00 PM","DOWNTOWN COMMERCIAL","6612","PROPERTY CRIME","M"
"2025-923288","2025 Dec 28 10:36:25 AM","67966055946","2025 Dec 20 08:30:00 PM","BALLARD SOUTH","10117","PROPERTY CRIME","B"
"2025-372141","2025 Dec 20 09:33:45 PM","67886562476","2025 Dec 20 08:35:00 PM","CAPITOL HILL","REDACTED","ALL OTHER","E"
"2025-372141","2025 Dec 20 09:33:45 PM","68060387109","2025 Dec 20 08:35:00 PM","CAPITOL HILL","REDACTED","ALL OTHER","E"
"2026-900857","2026 Jan 11 01:44:19 PM","68133957547","2025 Dec 20 08:39:00 PM","ROOSEVELT/RAVENNA","5234","PROPERTY CRIME","J"
"2026-900739","2026 Jan 11 07:11:16 AM","68132045081","2025 Dec 20 09:00:00 PM","PIONEER SQUARE","885","PROPERTY CRIME","K"
"2025-923334","2025 Dec 28 11:26:38 AM","67966306780","2025 Dec 20 09:05:00 PM","BALLARD NORTH","335","PROPERTY CRIME","J"
"2025-372869","2025 Dec 21 08:55:11 PM","67894084574","2025 Dec 20 09:13:00 PM","UNIVERSITY","8847","PROPERTY CRIME","U"
"2025-372869","2025 Dec 21 08:55:11 PM","67927256694","2025 Dec 20 09:13:00 PM","UNIVERSITY","8847","PROPERTY CRIME","U"
"2025-923284","2025 Dec 28 10:31:24 AM","67966033194","2025 Dec 20 09:25:00 PM","ROXHILL/WESTWOOD/ARBOR HEIGHTS","7540","PROPERTY CRIME","W"
"2025-923316","2025 Dec 28 11:17:08 AM","67966259316","2025 Dec 20 09:30:00 PM","ROOSEVELT/RAVENNA","11193","PROPERTY CRIME","J"
"2025-923417","2025 Dec 28 01:49:01 PM","67967031199","2025 Dec 20 10:00:00 PM","PIONEER SQUARE","885","PROPERTY CRIME","K"
"2025-923305","2025 Dec 28 11:11:20 AM","67966232608","2025 Dec 20 10:00:00 PM","SLU/CASCADE","2139","ALL OTHER","D"
"2025-923353","2025 Dec 28 12:55:06 PM","67966744668","2025 Dec 20 10:00:00 PM","CAPITOL HILL","6230","PROPERTY CRIME","E"
"2025-372565","2025 Dec 21 12:01:57 PM","67891148044","2025 Dec 20 10:17:00 PM","UNIVERSITY","REDACTED","VIOLENT CRIME","U"
"2025-372598","2025 Dec 21 11:21:24 AM","67890975711","2025 Dec 20 10:30:00 PM","SOUTH PARK","11138","PROPERTY CRIME","F"
"2025-923304","2025 Dec 28 11:11:02 AM","67966231796","2025 Dec 20 10:30:00 PM","ROOSEVELT/RAVENNA","11154","PROPERTY CRIME","U"
"2026-901142","2026 Jan 26 09:45:22 AM","68312476290","2025 Dec 20 11:00:00 PM","BALLARD SOUTH","623","PROPERTY CRIME","B"
"2025-923302","2025 Dec 28 11:10:19 AM","67966226933","2025 Dec 20 11:00:00 PM","PIONEER SQUARE","885","PROPERTY CRIME","K"
"2025-373433","2025 Dec 22 11:03:13 AM","67956267371","2025 Dec 20 11:00:00 PM","RAINIER BEACH","5840","PROPERTY CRIME","S"
"2025-922974","2025 Dec 23 08:19:19 AM","67912879946","2025 Dec 20 11:00:00 PM","UNKNOWN","9989","ALL OTHER","99"
"2025-373433","2025 Dec 22 11:03:13 AM","67899948036","2025 Dec 20 11:00:00 PM","RAINIER BEACH","5840","PROPERTY CRIME","S"
"2026-900101","2026 Jan 03 08:14:36 AM","68032432780","2025 Dec 20 11:00:00 PM","MONTLAKE/PORTAGE BAY","2641","PROPERTY CRIME","C"
"2025-372261","2025 Dec 21 12:25:25 AM","67888569963","2025 Dec 20 11:03:00 PM","PIONEER SQUARE","2654","ALL OTHER","K"
"2025-372261","2025 Dec 21 12:25:25 AM","67888584583","2025 Dec 20 11:03:00 PM","PIONEER SQUARE","2654","ALL OTHER","K"
"2026-900367","2026 Jan 05 10:32:17 AM","68058976991","2025 Dec 20 11:30:00 PM","QUEEN ANNE","5744","PROPERTY CRIME","D"
"2025-923307","2025 Dec 28 11:12:23 AM","67966237210","2025 Dec 20 11:30:00 PM","PIONEER SQUARE","885","PROPERTY CRIME","K"
"2026-900367","2026 Jan 05 10:32:17 AM","68058596792","2025 Dec 20 11:30:00 PM","QUEEN ANNE","5744","PROPERTY CRIME","D"
"2025-372281","2025 Dec 21 01:10:36 AM","67888772122","2025 Dec 20 11:35:00 PM","CHINATOWN/INTERNATIONAL DISTRICT","170","ALL OTHER","K"
"2025-373906","2025 Dec 22 08:46:06 PM","67904234113","2025 Dec 21 12:00:00 AM","QUEEN ANNE","3587","PROPERTY CRIME","D"
"2025-372486","2025 Dec 21 10:25:55 AM","67890719377","2025 Dec 21 12:00:00 AM","SLU/CASCADE","REDACTED","ALL OTHER","D"
"2026-003405","2026 Jan 04 04:53:53 PM","68048319604","2025 Dec 21 12:00:00 AM","WALLINGFORD","12831","PROPERTY CRIME","B"
"2026-000481","2026 Jan 01 01:11:56 PM","68007426464","2025 Dec 21 12:00:00 AM","ROOSEVELT/RAVENNA","8843","PROPERTY CRIME","U"
"2025-923289","2025 Dec 28 10:37:37 AM","67966062516","2025 Dec 21 12:00:00 AM","PIONEER SQUARE","885","PROPERTY CRIME","K"
"2025-372832","2025 Dec 21 06:51:58 PM","67893321920","2025 Dec 21 12:00:00 AM","NORTHGATE","4588","VIOLENT CRIME","L"
"2025-372535","2025 Dec 21 09:33:24 AM","67890478861","2025 Dec 21 12:00:00 AM","QUEEN ANNE","12020","PROPERTY CRIME","Q"
"2025-372666","2025 Dec 21 12:25:43 PM","67891263648","2025 Dec 21 12:00:00 AM","BALLARD SOUTH","5395","PROPERTY CRIME","B"
"2025-373454","2025 Dec 22 12:59:57 PM","67901046122","2025 Dec 21 12:00:00 AM","BALLARD NORTH","10378","PROPERTY CRIME","J"
"2025-373439","2025 Dec 22 12:26:06 PM","67900727738","2025 Dec 21 12:00:00 AM","MADRONA/LESCHI","5980","PROPERTY CRIME","C"
"2025-923577","2025 Dec 30 08:32:49 AM","67983815947","2025 Dec 21 12:00:00 AM","GEORGETOWN","1308","PROPERTY CRIME","O"
"2025-373291","2025 Dec 22 07:55:40 AM","67898036412","2025 Dec 21 12:00:00 AM","RAINIER VIEW","4456","PROPERTY CRIME","S"
"2025-373143","2025 Dec 22 01:15:35 AM","67895801969","2025 Dec 21 12:00:00 AM","SODO","3516","VIOLENT CRIME","O"
"2025-373330","2025 Dec 22 08:31:17 AM","67898569738","2025 Dec 21 12:00:00 AM","BALLARD NORTH","6445","PROPERTY CRIME","J"
"2025-378300","2025 Dec 29 07:20:52 AM","67972494881","2025 Dec 21 12:00:00 AM","LAKECITY","13044","PROPERTY CRIME","L"
"2025-372329","2025 Dec 21 03:46:49 AM","67889280576","2025 Dec 21 12:00:00 AM","WALLINGFORD","306","ALL OTHER","B"
"2026-900352","2026 Jan 05 10:06:11 AM","68058348480","2025 Dec 21 12:00:00 AM","BALLARD SOUTH","10380","PROPERTY CRIME","B"
"2026-900018","2026 Jan 02 07:29:08 AM","68017880667","2025 Dec 21 12:01:00 AM","EASTLAKE - EAST","3933","ALL OTHER","C"
"2025-372316","2025 Dec 21 12:59:02 PM","67891414945","2025 Dec 21 12:25:00 AM","CAPITOL HILL","10879","ALL OTHER","E"
"2025-372454","2025 Dec 21 06:32:22 AM","67889799402","2025 Dec 21 12:25:00 AM","QUEEN ANNE","10444","PROPERTY CRIME","Q"
"2025-372322","2025 Dec 21 10:51:11 PM","67894505935","2025 Dec 21 12:38:00 AM","DOWNTOWN COMMERCIAL","REDACTED","ALL OTHER","K"
"2025-372436","2025 Dec 21 06:03:14 AM","67889682248","2025 Dec 21 12:45:00 AM","PIONEER SQUARE","REDACTED","ALL OTHER","K"
"2025-923445","2025 Dec 29 08:43:13 AM","67973116981","2025 Dec 21 12:46:00 AM","HIGHLAND PARK","5047","PROPERTY CRIME","F"
"2025-923297","2025 Dec 28 11:07:49 AM","67966214159","2025 Dec 21 01:00:00 AM","BALLARD NORTH","6119","PROPERTY CRIME","J"
"2026-900236","2026 Jan 04 09:11:50 AM","68045789829","2025 Dec 21 01:00:00 AM","DOWNTOWN COMMERCIAL","10393","PROPERTY CRIME","M"
"2025-923320","2025 Dec 28 11:18:39 AM","67966266702","2025 Dec 21 01:00:00 AM","QUEEN ANNE","4129","ALL OTHER","Q"
"2025-372354","2025 Dec 21 02:18:06 AM","67889014528","2025 Dec 21 01:03:00 AM","WALLINGFORD","306","ALL OTHER","B"
"2025-372355","2025 Dec 21 04:40:52 AM","67917804735","2025 Dec 21 01:38:00 AM","MAGNOLIA","6693","ALL OTHER","Q"
"2025-372374","2025 Dec 21 03:00:46 AM","67889183731","2025 Dec 21 01:55:00 AM","CAPITOL HILL","REDACTED","ALL OTHER","E"
"2025-372387","2025 Dec 21 06:50:27 AM","67889833021","2025 Dec 21 02:00:00 AM","PIONEER SQUARE","885","PROPERTY CRIME","K"
"2025-370398","2025 Dec 19 04:26:45 AM","67863969833","2025 Dec 21 02:10:00 AM","FIRST HILL","8991","ALL OTHER","E"
"2025-372382","2025 Dec 21 03:29:53 AM","67889228496","2025 Dec 21 02:30:00 AM","CAPITOL HILL","REDACTED","ALL OTHER","E"
"2025-375320","2025 Dec 24 04:29:25 PM","67925819923","2025 Dec 21 03:00:00 AM","SLU/CASCADE","5516","ALL OTHER","D"
"2025-372590","2025 Dec 21 12:22:15 PM","67891279437","2025 Dec 21 03:00:00 AM","QUEEN ANNE","10227","ALL OTHER","Q"
"2025-923312","2025 Dec 28 11:15:38 AM","67966251945","2025 Dec 21 03:00:00 AM","SODO","1182","PROPERTY CRIME","O"
"2025-373503","2025 Dec 22 12:02:09 PM","67900513636","2025 Dec 21 03:00:00 AM","NORTHGATE","2345","PROPERTY CRIME","L"
"2025-373214","2025 Dec 22 06:55:12 AM","67897228991","2025 Dec 21 03:48:00 AM","MADISON PARK","REDACTED","ALL OTHER","C"
"2025-372437","2025 Dec 21 06:29:14 AM","67889763736","2025 Dec 21 04:30:00 AM","SODO","1182","ALL OTHER","O"
"2025-923290","2025 Dec 28 10:53:36 AM","67966140457","2025 Dec 21 04:55:00 AM","MAGNOLIA","576","PROPERTY CRIME","Q"
"2025-374333","2025 Dec 23 04:51:09 PM","67917169051","2025 Dec 21 05:00:00 AM","NORTH ADMIRAL","398","PROPERTY CRIME","W"
"2025-923325","2025 Dec 28 11:22:58 AM","67966289432","2025 Dec 21 05:00:00 AM","BALLARD SOUTH","898","PROPERTY CRIME","B"
"2025-372457","2025 Dec 21 06:38:51 AM","67889795535","2025 Dec 21 05:21:00 AM","SANDPOINT","10902","PROPERTY CRIME","U"
"2025-372456","2025 Dec 21 08:25:27 AM","67890194175","2025 Dec 21 05:50:00 AM","FIRST HILL","2426","ALL OTHER","G"
"2025-372471","2025 Dec 21 07:44:53 AM","67890031891","2025 Dec 21 06:00:00 AM","NORTHGATE","6541","VIOLENT CRIME","N"
"2025-380515","2025 Dec 30 05:02:12 PM","67988285778","2025 Dec 21 06:00:00 AM","EASTLAKE - WEST","5105","PROPERTY CRIME","D"
"2025-372473","2025 Dec 21 09:26:48 AM","67890460533","2025 Dec 21 06:00:00 AM","MOUNT BAKER","REDACTED","ALL OTHER","R"
"2025-923338","2025 Dec 28 11:27:55 AM","67966314317","2025 Dec 21 06:24:00 AM","HIGHLAND PARK","12179","ALL OTHER","F"
"2025-372474","2025 Dec 21 08:19:49 AM","67890197157","2025 Dec 21 06:41:00 AM","BALLARD NORTH","12584","PROPERTY CRIME","J"
"2026-900192","2026 Jan 04 06:20:52 AM","68043861713","2025 Dec 21 07:00:00 AM","NORTHGATE","7502","PROPERTY CRIME","L"
"2025-372516","2025 Dec 21 01:26:43 PM","67891582589","2025 Dec 21 07:25:00 AM","CAPITOL HILL","6260","PROPERTY CRIME","E"
"2025-923324","2025 Dec 28 11:22:38 AM","67966287578","2025 Dec 21 07:30:00 AM","FREMONT","3551","PROPERTY CRIME","B"
"2025-372499","2025 Dec 21 11:36:38 AM","67891036300","2025 Dec 21 07:44:00 AM","FIRST HILL","REDACTED","ALL OTHER","G"
"2025-372533","2025 Dec 21 10:00:59 AM","67890609991","2025 Dec 21 08:00:00 AM","FIRST HILL","7628","ALL OTHER","G"
"2025-372515","2025 Dec 21 11:45:38 AM","67891114004","2025 Dec 21 08:22:00 AM","BALLARD SOUTH","REDACTED","ALL OTHER","B"
"2025-923313","2025 Dec 28 11:16:07 AM","67966254166","2025 Dec 21 08:30:00 AM","NORTH BEACON HILL","10873","PROPERTY CRIME","R"
"2025-374740","2025 Dec 23 06:27:57 PM","67917686101","2025 Dec 21 09:00:00 AM","QUEEN ANNE","5016","PROPERTY CRIME","Q"
"2025-372548","2025 Dec 21 09:38:51 AM","67890544028","2025 Dec 21 09:18:00 AM","BALLARD SOUTH","REDACTED","ALL OTHER","B"
"2025-372553","2025 Dec 21 10:11:45 AM","67890647812","2025 Dec 21 09:30:00 AM","MILLER PARK","5448","ALL OTHER","C"
"2025-922975","2025 Dec 23 08:19:43 AM","67912882622","2025 Dec 21 09:34:00 AM","QUEEN ANNE","4704","ALL OTHER","Q"
"2025-923343","2025 Dec 28 11:32:06 AM","67966333295","2025 Dec 21 09:45:00 AM","FREMONT","10229","PROPERTY CRIME","B"
"2025-372570","2025 Dec 21 12:38:31 PM","67891349852","2025 Dec 21 10:00:00 AM","BELLTOWN","12712","VIOLENT CRIME","D"
"2025-373571","2025 Dec 22 04:08:48 PM","67902522712","2025 Dec 21 10:30:00 AM","HIGHLAND PARK","6586","ALL OTHER","F"
"2025-372596","2025 Dec 21 12:23:50 PM","67891300313","2025 Dec 21 10:44:00 AM","GREENWOOD","REDACTED","ALL OTHER","J"
"2025-922996","2025 Dec 23 08:46:54 AM","67913107776","2025 Dec 21 11:00:00 AM","UNIVERSITY","8130","PROPERTY CRIME","U"
"2026-007645","2026 Jan 08 11:20:02 PM","68108558534","2025 Dec 21 11:00:00 AM","EASTLAKE - EAST","3665","PROPERTY CRIME","C"
"2025-372668","2025 Dec 21 03:02:22 PM","67892162753","2025 Dec 21 11:04:00 AM","DOWNTOWN COMMERCIAL","12796","ALL OTHER","K"
"2025-372615","2025 Dec 21 01:46:03 PM","67891683117","2025 Dec 21 11:06:00 AM","PIONEER SQUARE","8911","VIOLENT CRIME","K"
"2025-372615","2025 Dec 21 01:46:03 PM","68060401508","2025 Dec 21 11:06:00 AM","PIONEER SQUARE","8911","ALL OTHER","K"
"2025-372658","2025 Dec 21 01:32:51 PM","67891635492","2025 Dec 21 11:30:00 AM","BALLARD SOUTH","10380","ALL OTHER","B"
"2025-372643","2025 Dec 21 02:27:30 PM","67892020921","2025 Dec 21 11:39:00 AM","CLAREMONT/RAINIER VISTA","10076","VIOLENT CRIME","R"
"2025-372649","2025 Dec 21 01:05:38 PM","67891480765","2025 Dec 21 11:46:00 AM","MOUNT BAKER","REDACTED","ALL OTHER","R"
"2025-372649","2025 Dec 21 01:05:38 PM","68060414071","2025 Dec 21 11:46:00 AM","MOUNT BAKER","REDACTED","ALL OTHER","R"
"2025-372661","2025 Dec 21 02:17:03 PM","67891943858","2025 Dec 21 11:50:00 AM","HIGH POINT","REDACTED","ALL OTHER","F"
"2025-372656","2025 Dec 21 03:34:52 PM","67892332698","2025 Dec 21 11:54:00 AM","DOWNTOWN COMMERCIAL","6612","PROPERTY CRIME","M"
"2025-373315","2025 Dec 22 03:36:06 PM","67902318194","2025 Dec 21 12:00:00 PM","ROXHILL/WESTWOOD/ARBOR HEIGHTS","2990","PROPERTY CRIME","F"
"2025-372679","2025 Dec 21 02:02:10 PM","67891778551","2025 Dec 21 12:05:00 PM","GREENWOOD","1126","VIOLENT CRIME","N"
"2025-923404","2025 Dec 28 01:22:09 PM","67966888859","2025 Dec 21 12:16:00 PM","MORGAN","11196","PROPERTY CRIME","W"
"2025-923311","2025 Dec 28 11:15:16 AM","67966249982","2025 Dec 21 12:21:00 PM","MADISON PARK","8209","ALL OTHER","C"
"2025-923326","2025 Dec 28 11:23:16 AM","67966290789","2025 Dec 21 12:35:00 PM","MAGNOLIA","12356","PROPERTY CRIME","Q"
"2025-372708","2025 Dec 21 05:41:37 PM","67893325544","2025 Dec 21 12:40:00 PM","DOWNTOWN COMMERCIAL","2630","ALL OTHER","M"
"2025-372708","2025 Dec 21 05:41:37 PM","67892970731","2025 Dec 21 12:40:00 PM","DOWNTOWN COMMERCIAL","2630","VIOLENT CRIME","M"
"2025-923339","2025 Dec 28 11:28:16 AM","67966315850","2025 Dec 21 12:52:00 PM","ROXHILL/WESTWOOD/ARBOR HEIGHTS","3428","PROPERTY CRIME","F"
"2026-900619","2026 Jan 09 12:59:10 PM","68113617791","2025 Dec 21 01:00:00 PM","BITTERLAKE","1505","ALL OTHER","N"
"2025-923584","2025 Dec 30 09:28:39 AM","67984457075","2025 Dec 21 01:00:00 PM","CHINATOWN/INTERNATIONAL DISTRICT","1498","ALL OTHER","K"
"2025-923396","2025 Dec 28 01:19:11 PM","67966872288","2025 Dec 21 01:00:00 PM","ROOSEVELT/RAVENNA","11154","PROPERTY CRIME","U"
"2025-374507","2025 Dec 24 12:30:56 AM","67920026240","2025 Dec 21 01:11:00 PM","FIRST HILL","REDACTED","ALL OTHER","G"
"2025-372734","2025 Dec 21 02:27:04 PM","67892006544","2025 Dec 21 01:29:00 PM","CENTRAL AREA/SQUIRE PARK","1906","PROPERTY CRIME","C"
"2025-372734","2025 Dec 21 02:27:04 PM","67891997304","2025 Dec 21 01:29:00 PM","CENTRAL AREA/SQUIRE PARK","1906","PROPERTY CRIME","C"
"2025-374549","2025 Dec 23 02:35:53 PM","67916198185","2025 Dec 21 01:30:00 PM","LAKECITY","232","PROPERTY CRIME","L"
"2025-374605","2025 Dec 23 03:25:33 PM","67916513890","2025 Dec 21 01:30:00 PM","LAKECITY","1876","ALL OTHER","L"
"2025-372795","2025 Dec 27 01:25:37 PM","67954987222","2025 Dec 21 01:30:00 PM","NORTH DELRIDGE","REDACTED","VIOLENT CRIME","W"
"2025-923237","2025 Dec 28 08:36:56 AM","67965553433","2025 Dec 21 01:33:00 PM","BALLARD SOUTH","3966","PROPERTY CRIME","B"
"2025-923362","2025 Dec 28 01:00:10 PM","67966769090","2025 Dec 21 01:40:00 PM","QUEEN ANNE","1611","PROPERTY CRIME","Q"
"2026-900173","2026 Jan 03 01:59:39 PM","68034569376","2025 Dec 21 02:00:00 PM","DOWNTOWN COMMERCIAL","6611","PROPERTY CRIME","M"
"2025-372757","2025 Dec 22 07:25:59 PM","67903778900","2025 Dec 21 02:07:00 PM","NORTHGATE","REDACTED","ALL OTHER","L"
"2025-372790","2025 Dec 21 05:06:09 PM","67892790730","2025 Dec 21 02:07:00 PM","ROOSEVELT/RAVENNA","REDACTED","ALL OTHER","U"
"2025-372760","2025 Dec 21 03:48:58 PM","67892393013","2025 Dec 21 02:11:00 PM","COMMERCIAL HARBOR ISLAND","10269","ALL OTHER","W"
"2025-372776","2025 Dec 21 05:30:00 PM","67892911628","2025 Dec 21 02:28:00 PM","MILLER PARK","3988","PROPERTY CRIME","C"
"2025-372796","2025 Dec 21 05:56:56 PM","67893290849","2025 Dec 21 02:30:00 PM","PIONEER SQUARE","REDACTED","ALL OTHER","K"
"2025-372796","2025 Dec 21 05:56:56 PM","67893052836","2025 Dec 21 02:30:00 PM","PIONEER SQUARE","REDACTED","ALL OTHER","K"
"2025-372796","2025 Dec 21 05:56:56 PM","67893413785","2025 Dec 21 02:30:00 PM","PIONEER SQUARE","REDACTED","ALL OTHER","K"
"2025-372796","2025 Dec 21 05:56:56 PM","67893383653","2025 Dec 21 02:30:00 PM","PIONEER SQUARE","REDACTED","ALL OTHER","K"
"2025-372780","2025 Dec 21 06:30:59 PM","67918973205","2025 Dec 21 02:43:00 PM","ALASKA JUNCTION","3077","ALL OTHER","W"
"2025-372786","2025 Dec 21 05:13:57 PM","67892835419","2025 Dec 21 02:50:00 PM","MADRONA/LESCHI","11459","ALL OTHER","G"
"2025-372786","2025 Dec 21 05:13:57 PM","67892862590","2025 Dec 21 02:51:00 PM","MADRONA/LESCHI","11459","ALL OTHER","G"
"2025-372786","2025 Dec 21 05:13:57 PM","67892854471","2025 Dec 21 02:51:00 PM","MADRONA/LESCHI","11459","ALL OTHER","G"
"2025-372791","2025 Dec 21 05:07:04 PM","67892798494","2025 Dec 21 02:56:00 PM","GREENWOOD","2540","ALL OTHER","N"
"2025-373402","2025 Dec 22 10:10:08 AM","67899528323","2025 Dec 21 03:00:00 PM","QUEEN ANNE","1886","PROPERTY CRIME","Q"
"2025-374402","2025 Dec 23 08:05:02 PM","67926831944","2025 Dec 21 03:45:00 PM","SODO","2586","ALL OTHER","O"
"2025-373523","2025 Dec 22 03:26:12 PM","67902251423","2025 Dec 21 04:00:00 PM","CLAREMONT/RAINIER VISTA","REDACTED","VIOLENT CRIME","R"
"2025-373523","2025 Dec 22 03:26:12 PM","67902300272","2025 Dec 21 04:00:00 PM","CLAREMONT/RAINIER VISTA","REDACTED","ALL OTHER","R"
"2025-372865","2025 Dec 21 09:22:29 PM","67894085351","2025 Dec 21 04:00:00 PM","NORTHGATE","7918","ALL OTHER","L"
"2026-900813","2026 Jan 11 10:19:46 AM","68132868324","2025 Dec 21 04:00:00 PM","CHINATOWN/INTERNATIONAL DISTRICT","1498","ALL OTHER","K"
"2025-923327","2025 Dec 28 11:23:35 AM","67966292233","2025 Dec 21 04:00:00 PM","SLU/CASCADE","1930","PROPERTY CRIME","Q"
"2025-372837","2025 Dec 21 05:49:01 PM","67893148520","2025 Dec 21 04:02:00 PM","BRIGHTON/DUNLAP","13104","ALL OTHER","S"
"2025-372837","2025 Dec 21 05:49:01 PM","67893046473","2025 Dec 21 04:02:00 PM","BRIGHTON/DUNLAP","13104","VIOLENT CRIME","S"
"2025-372837","2025 Dec 21 05:49:01 PM","67893092024","2025 Dec 21 04:02:00 PM","BRIGHTON/DUNLAP","13104","ALL OTHER","S"
"2025-372837","2025 Dec 21 05:49:01 PM","67893120054","2025 Dec 21 04:03:00 PM","BRIGHTON/DUNLAP","13102","ALL OTHER","S"
"2025-923328","2025 Dec 28 11:23:56 AM","67966293595","2025 Dec 21 04:05:00 PM","DOWNTOWN COMMERCIAL","12451","PROPERTY CRIME","M"
"2025-372854","2025 Dec 21 05:39:47 PM","67892963037","2025 Dec 21 04:29:00 PM","CAPITOL HILL","13066","PROPERTY CRIME","E"
"2025-373774","2025 Dec 22 05:33:46 PM","67903162525","2025 Dec 21 04:30:00 PM","BALLARD NORTH","6250","PROPERTY CRIME","J"
"2025-372881","2025 Dec 21 06:26:09 PM","67893307294","2025 Dec 21 04:40:00 PM","UNKNOWN","9986","PROPERTY CRIME","99"
"2025-372890","2025 Dec 21 11:20:35 PM","67895177370","2025 Dec 21 04:51:00 PM","LAKECITY","REDACTED","ALL OTHER","L"
"2025-373370","2025 Dec 22 09:51:50 AM","67899325841","2025 Dec 21 05:00:00 PM","BITTERLAKE","3101","PROPERTY CRIME","N"
"2025-923335","2025 Dec 28 11:26:59 AM","67966308957","2025 Dec 21 05:00:00 PM","BALLARD SOUTH","10930","PROPERTY CRIME","B"
"2025-923329","2025 Dec 28 11:24:13 AM","67966294546","2025 Dec 21 05:00:00 PM","QUEEN ANNE","1930","PROPERTY CRIME","Q"
"2025-923361","2025 Dec 28 12:59:21 PM","67966765203","2025 Dec 21 05:15:00 PM","DOWNTOWN COMMERCIAL","6869","PROPERTY CRIME","M"
"2025-372882","2025 Dec 21 05:49:29 PM","67893010074","2025 Dec 21 05:16:00 PM","ROXHILL/WESTWOOD/ARBOR HEIGHTS","REDACTED","ALL OTHER","F"
"2025-372902","2025 Dec 21 07:39:54 PM","67893582976","2025 Dec 21 05:45:00 PM","WALLINGFORD","REDACTED","ALL OTHER","B"
"2025-923342","2025 Dec 28 11:31:12 AM","67966328991","2025 Dec 21 06:00:00 PM","CAPITOL HILL","664","PROPERTY CRIME","E"
"2025-375478","2025 Dec 24 08:49:52 PM","67927071501","2025 Dec 21 06:00:00 PM","CHINATOWN/INTERNATIONAL DISTRICT","1502","PROPERTY CRIME","K"
"2025-922976","2025 Dec 23 08:22:08 AM","67912901603","2025 Dec 21 06:05:00 PM","WALLINGFORD","2876","ALL OTHER","B"
"2025-923371","2025 Dec 28 01:04:04 PM","67966793309","2025 Dec 21 06:30:00 PM","CAPITOL HILL","3390","PROPERTY CRIME","E"
"2025-923383","2025 Dec 28 01:12:41 PM","67966838373","2025 Dec 21 06:30:00 PM","UNIVERSITY","5902","PROPERTY CRIME","U"
"2026-900761","2026 Jan 11 08:42:22 AM","68132422159","2025 Dec 21 06:50:00 PM","UNIVERSITY","8127","PROPERTY CRIME","U"
"2025-372942","2025 Dec 22 04:14:07 AM","67896353907","2025 Dec 21 06:52:00 PM","QUEEN ANNE","REDACTED","ALL OTHER","Q"
"2025-923377","2025 Dec 28 01:10:02 PM","67966823385","2025 Dec 21 07:00:00 PM","MILLER PARK","88","ALL OTHER","C"
"2025-373403","2025 Dec 23 08:33:12 AM","67913010578","2025 Dec 21 07:00:00 PM","CHINATOWN/INTERNATIONAL DISTRICT","1498","PROPERTY CRIME","K"
"2026-900122","2026 Jan 03 09:39:13 AM","68032876021","2025 Dec 21 07:10:00 PM","FREMONT","10607","PROPERTY CRIME","B"
"2025-372960","2025 Dec 22 02:24:03 AM","67896001834","2025 Dec 21 07:24:00 PM","COLUMBIA CITY","REDACTED","ALL OTHER","R"
"2025-372965","2025 Dec 21 08:23:16 PM","67893794860","2025 Dec 21 07:30:00 PM","JUDKINS PARK/NORTH BEACON HILL","11055","ALL OTHER","G"
"2025-923341","2025 Dec 28 11:28:58 AM","67966319394","2025 Dec 21 07:30:00 PM","BALLARD SOUTH","10930","PROPERTY CRIME","B"
"2025-373462","2025 Dec 22 10:53:36 AM","67899856796","2025 Dec 21 08:00:00 PM","MID BEACON HILL","5979","PROPERTY CRIME","S"
"2025-373437","2025 Dec 22 04:01:38 PM","67902494145","2025 Dec 21 08:00:00 PM","QUEEN ANNE","7862","PROPERTY CRIME","Q"
"2025-372982","2025 Dec 21 11:49:04 PM","67895402972","2025 Dec 21 08:00:00 PM","UNIVERSITY","6463","VIOLENT CRIME","U"
"2025-373502","2025 Dec 22 11:49:05 AM","67900440333","2025 Dec 21 08:00:00 PM","PHINNEY RIDGE","11211","PROPERTY CRIME","B"
"2025-923432","2025 Dec 29 08:01:53 AM","67972782703","2025 Dec 21 08:00:00 PM","CAPITOL HILL","6958","PROPERTY CRIME","E"
"2025-373496","2025 Dec 22 03:25:16 PM","67902234250","2025 Dec 21 08:00:00 PM","RAINIER VIEW","12311","PROPERTY CRIME","S"
"2025-373350","2025 Dec 22 05:53:15 PM","67903269852","2025 Dec 21 08:00:00 PM","BALLARD NORTH","7818","PROPERTY CRIME","N"
"2025-923348","2025 Dec 28 12:53:13 PM","67966734933","2025 Dec 21 08:00:00 PM","PIONEER SQUARE","884","PROPERTY CRIME","K"
"2025-373438","2025 Dec 22 06:47:43 PM","67903602371","2025 Dec 21 08:00:00 PM","ALASKA JUNCTION","5344","PROPERTY CRIME","W"
"2026-700072","2026 Jan 26 06:19:24 PM","68316243505","2025 Dec 21 08:15:00 PM","ROXHILL/WESTWOOD/ARBOR HEIGHTS","10484","PROPERTY CRIME","F"
"2025-372993","2025 Dec 21 09:10:22 PM","67894016196","2025 Dec 21 08:19:00 PM","JUDKINS PARK/NORTH BEACON HILL","11055","ALL OTHER","G"
"2025-373004","2025 Dec 22 01:52:49 AM","67895900926","2025 Dec 21 08:27:00 PM","MOUNT BAKER","REDACTED","VIOLENT CRIME","R"
"2025-373004","2025 Dec 22 01:52:49 AM","67895964561","2025 Dec 21 08:27:00 PM","MOUNT BAKER","REDACTED","ALL OTHER","R"
"2025-373004","2025 Dec 22 01:52:49 AM","67895958562","2025 Dec 21 08:27:00 PM","MOUNT BAKER","REDACTED","ALL OTHER","R"
"2025-372988","2025 Dec 21 11:11:52 PM","67894798830","2025 Dec 21 08:34:00 PM","DOWNTOWN COMMERCIAL","2084","ALL OTHER","M"
"2025-923504","2025 Dec 29 12:52:18 PM","67975347511","2025 Dec 21 08:40:00 PM","FIRST HILL","816","PROPERTY CRIME","E"
"2025-373006","2025 Dec 21 08:52:36 PM","67893978916","2025 Dec 21 08:43:00 PM","SLU/CASCADE","716","VIOLENT CRIME","D"
"2025-373413","2025 Dec 22 11:09:52 AM","67900033325","2025 Dec 21 08:45:00 PM","QUEEN ANNE","8948","ALL OTHER","Q"
"2025-373620","2025 Dec 22 04:04:02 PM","67902515607","2025 Dec 21 09:00:00 PM","SOUTH PARK","11377","PROPERTY CRIME","F"
"2025-372931","2025 Dec 21 10:48:48 PM","67894480951","2025 Dec 21 09:00:00 PM","ALASKA JUNCTION","REDACTED","ALL OTHER","W"
"2025-373024","2025 Dec 21 10:05:33 PM","67894304490","2025 Dec 21 09:03:00 PM","MAGNOLIA","5874","VIOLENT CRIME","Q"
"2025-373029","2025 Dec 21 11:55:55 PM","67895528981","2025 Dec 21 09:08:00 PM","QUEEN ANNE","70","ALL OTHER","Q"
"2025-373040","2025 Dec 21 11:28:29 PM","67895403704","2025 Dec 21 09:24:00 PM","NORTHGATE","7603","ALL OTHER","N"
"2025-373040","2025 Dec 21 11:28:29 PM","67895832979","2025 Dec 21 09:24:00 PM","NORTHGATE","7603","ALL OTHER","N"
"2025-373057","2025 Dec 21 10:31:21 PM","67894414762","2025 Dec 21 09:40:00 PM","NEW HOLLY","1629","ALL OTHER","S"
"2025-923358","2025 Dec 28 12:57:25 PM","67966756231","2025 Dec 21 09:45:00 PM","QUEEN ANNE","8952","ALL OTHER","Q"
"2025-373059","2025 Dec 21 11:57:59 PM","67895549635","2025 Dec 21 09:49:00 PM","DOWNTOWN COMMERCIAL","864","ALL OTHER","M"
"2025-373063","2025 Dec 21 11:16:52 PM","67895159635","2025 Dec 21 09:53:00 PM","WALLINGFORD","7960","ALL OTHER","B"
"2025-373063","2025 Dec 21 11:16:52 PM","67895106594","2025 Dec 21 09:53:00 PM","WALLINGFORD","7960","ALL OTHER","B"
"2025-373114","2025 Dec 22 06:00:36 AM","67896818232","2025 Dec 21 10:00:00 PM","QUEEN ANNE","REDACTED","ALL OTHER","Q"
"2026-900543","2026 Jan 09 08:09:05 AM","68111382327","2025 Dec 21 10:00:00 PM","SANDPOINT","56","PROPERTY CRIME","U"
"2025-923562","2025 Dec 30 08:03:47 AM","67983527568","2025 Dec 21 10:00:00 PM","BALLARD SOUTH","10856","PROPERTY CRIME","B"
"2025-923391","2025 Dec 28 01:16:03 PM","67966854663","2025 Dec 21 10:00:00 PM","NORTH DELRIDGE","8244","PROPERTY CRIME","W"
"2025-373335","2025 Dec 22 08:53:41 AM","67898833757","2025 Dec 21 10:00:00 PM","UNIVERSITY","10188","PROPERTY CRIME","U"
"2025-923373","2025 Dec 28 01:04:48 PM","67966798016","2025 Dec 21 10:03:00 PM","GREENWOOD","5964","ALL OTHER","J"
"2025-373091","2025 Dec 22 04:12:35 AM","67896596188","2025 Dec 21 10:05:00 PM","QUEEN ANNE","REDACTED","ALL OTHER","Q"
"2025-373091","2025 Dec 22 04:12:35 AM","67896573888","2025 Dec 21 10:05:00 PM","QUEEN ANNE","REDACTED","ALL OTHER","Q"
"2025-373085","2025 Dec 22 02:00:06 AM","67895931768","2025 Dec 21 10:27:00 PM","BALLARD NORTH","393","ALL OTHER","J"
"2025-373091","2025 Dec 22 04:12:35 AM","67896481453","2025 Dec 21 10:29:00 PM","QUEEN ANNE","REDACTED","ALL OTHER","Q"
"2025-373092","2025 Dec 22 07:20:14 PM","67919046898","2025 Dec 21 10:34:00 PM","CLAREMONT/RAINIER VISTA","7469","VIOLENT CRIME","R"
"2025-923372","2025 Dec 28 01:04:30 PM","67966795740","2025 Dec 21 10:55:00 PM","QUEEN ANNE","4374","PROPERTY CRIME","Q"
"2025-923641","2025 Dec 30 01:46:01 PM","67986693979","2025 Dec 21 11:00:00 PM","MAGNOLIA","1439","PROPERTY CRIME","Q"
"2025-923500","2025 Dec 29 12:36:52 PM","67975221547","2025 Dec 21 11:00:00 PM","MAGNOLIA","1439","ALL OTHER","Q"
"2025-923356","2025 Dec 28 12:56:35 PM","67966752315","2025 Dec 21 11:00:00 PM","ROOSEVELT/RAVENNA","8225","PROPERTY CRIME","L"
"2025-923407","2025 Dec 28 01:23:10 PM","67966893235","2025 Dec 21 11:50:00 PM","FIRST HILL","816","PROPERTY CRIME","E"
"2026-006924","2026 Jan 08 10:23:45 AM","68102277143","2025 Dec 22 12:00:00 AM","WALLINGFORD","3105","PROPERTY CRIME","B"
"2026-021133","2026 Jan 22 03:49:26 PM","68274049494","2025 Dec 22 12:00:00 AM","CAPITOL HILL","655","PROPERTY CRIME","E"
"2025-923401","2025 Dec 28 01:20:48 PM","67966881570","2025 Dec 22 12:00:00 AM","QUEEN ANNE","1030","ALL OTHER","Q"
"2026-025487","2026 Jan 27 06:27:48 AM","68319919077","2025 Dec 22 12:00:00 AM","DOWNTOWN COMMERCIAL","12578","ALL OTHER","M"
"2025-373384","2025 Dec 22 07:11:41 PM","67903902571","2025 Dec 22 12:00:00 AM","JUDKINS PARK/NORTH BEACON HILL","2656","PROPERTY CRIME","G"
"2026-901013","2026 Jan 13 02:01:02 PM","68164192522","2025 Dec 22 12:00:00 AM","CAPITOL HILL","4213","PROPERTY CRIME","E"
"2025-923382","2025 Dec 28 01:12:18 PM","67966835316","2025 Dec 22 12:00:00 AM","BALLARD NORTH","334","PROPERTY CRIME","J"
"2026-901015","2026 Jan 13 02:03:36 PM","68164226174","2025 Dec 22 12:00:00 AM","ALASKA JUNCTION","10472","PROPERTY CRIME","W"
"2025-375988","2025 Dec 26 06:54:57 AM","67939952702","2025 Dec 22 12:00:00 AM","CHINATOWN/INTERNATIONAL DISTRICT","REDACTED","VIOLENT CRIME","K"
"2025-379564","2025 Dec 29 04:09:47 PM","67976840436","2025 Dec 22 12:00:00 AM","ALASKA JUNCTION","REDACTED","ALL OTHER","W"
"2025-379305","2025 Dec 29 03:08:19 PM","67976572080","2025 Dec 22 12:00:00 AM","BELLTOWN","REDACTED","ALL OTHER","D"
"2025-375150","2025 Dec 24 01:37:45 PM","67924851777","2025 Dec 22 12:00:00 AM","BALLARD SOUTH","3349","ALL OTHER","B"
"2025-923365","2025 Dec 28 01:01:20 PM","67966777923","2025 Dec 22 12:00:00 AM","BALLARD SOUTH","6056","PROPERTY CRIME","B"
"2026-010332","2026 Jan 11 08:35:27 PM","68136210382","2025 Dec 22 12:00:00 AM","WALLINGFORD","2695","PROPERTY CRIME","B"
"2026-900562","2026 Jan 09 10:08:01 AM","68112252701","2025 Dec 22 12:00:00 AM","CAPITOL HILL","7629","PROPERTY CRIME","E"
"2025-376612","2025 Dec 26 10:39:11 AM","67941096523","2025 Dec 22 12:00:00 AM","CAPITOL HILL","6092","PROPERTY CRIME","C"
"2026-000693","2026 Jan 01 06:43:51 PM","68009382312","2025 Dec 22 12:00:00 AM","GREENWOOD","12340","ALL OTHER","J"
"2026-006924","2026 Jan 08 10:23:45 AM","68106625958","2025 Dec 22 12:00:00 AM","WALLINGFORD","3105","PROPERTY CRIME","B"
"2026-900939","2026 Jan 13 11:23:13 AM","68162483077","2025 Dec 22 12:00:00 AM","FIRST HILL","3237","PROPERTY CRIME","E"
"2026-000743","2026 Jan 01 06:22:30 PM","68009398948","2025 Dec 22 12:00:00 AM","QUEEN ANNE","1096","PROPERTY CRIME","Q"
"2025-381577","2025 Dec 31 03:59:45 PM","67999846665","2025 Dec 22 12:00:00 AM","NORTHGATE","1088","PROPERTY CRIME","L"
"2025-373145","2025 Dec 22 09:41:13 PM","67904539267","2025 Dec 22 12:27:00 AM","CAPITOL HILL","5363","ALL OTHER","C"
"2025-373145","2025 Dec 22 09:41:13 PM","67904511425","2025 Dec 22 12:27:00 AM","CAPITOL HILL","5363","ALL OTHER","C"
"2025-923370","2025 Dec 28 01:03:35 PM","67966790368","2025 Dec 22 01:00:00 AM","FREMONT","12582","PROPERTY CRIME","B"
"2025-923395","2025 Dec 28 01:18:15 PM","67966866606","2025 Dec 22 01:00:00 AM","MAGNOLIA","7022","PROPERTY CRIME","Q"
"2026-900953","2026 Jan 13 12:45:15 PM","68163412265","2025 Dec 22 01:00:00 AM","SLU/CASCADE","8960","PROPERTY CRIME","Q"
"2025-373185","2025 Dec 22 06:56:17 AM","67897183341","2025 Dec 22 02:18:00 AM","NORTHGATE","6410","ALL OTHER","N"
"2025-373185","2025 Dec 22 06:56:17 AM","67897193980","2025 Dec 22 02:19:00 AM","NORTHGATE","6410","ALL OTHER","N"
"2025-373189","2025 Dec 22 06:01:55 AM","67896919064","2025 Dec 22 02:26:00 AM","CHINATOWN/INTERNATIONAL DISTRICT","REDACTED","ALL OTHER","K"
"2025-373189","2025 Dec 22 06:01:55 AM","67896943564","2025 Dec 22 02:26:00 AM","CHINATOWN/INTERNATIONAL DISTRICT","REDACTED","ALL OTHER","K"
"2025-373189","2025 Dec 22 06:01:55 AM","67896892331","2025 Dec 22 02:26:00 AM","CHINATOWN/INTERNATIONAL DISTRICT","REDACTED","ALL OTHER","K"
"2025-923455","2025 Dec 29 09:43:41 AM","67973651256","2025 Dec 22 03:00:00 AM","ROOSEVELT/RAVENNA","8843","PROPERTY CRIME","U"
"2025-373200","2025 Dec 22 03:42:24 AM","67896265812","2025 Dec 22 03:02:00 AM","CENTRAL AREA/SQUIRE PARK","REDACTED","ALL OTHER","G"
"2025-923400","2025 Dec 28 01:20:30 PM","67966878267","2025 Dec 22 03:07:00 AM","BRIGHTON/DUNLAP","12093","ALL OTHER","S"
"2025-373211","2025 Dec 22 07:17:21 AM","67897464593","2025 Dec 22 03:30:00 AM","HIGHLAND PARK","7902","ALL OTHER","F"
"2025-373550","2025 Dec 22 02:22:20 PM","67901739389","2025 Dec 22 03:30:00 AM","SANDPOINT","4513","PROPERTY CRIME","L"
"2025-373214","2025 Dec 22 06:55:12 AM","67897450262","2025 Dec 22 03:48:00 AM","MADISON PARK","REDACTED","ALL OTHER","C"
"2025-373215","2025 Dec 22 05:07:55 AM","67896554519","2025 Dec 22 03:52:00 AM","WALLINGFORD","4910","ALL OTHER","B"
"2025-373411","2025 Dec 22 10:38:09 AM","67899764218","2025 Dec 22 04:00:00 AM","MOUNT BAKER","1408","PROPERTY CRIME","R"
"2025-923367","2025 Dec 28 01:02:14 PM","67966783261","2025 Dec 22 05:00:00 AM","ROOSEVELT/RAVENNA","6860","PROPERTY CRIME","U"
"2025-923350","2025 Dec 28 12:53:53 PM","67966738493","2025 Dec 22 05:09:00 AM","SANDPOINT","1174","PROPERTY CRIME","U"
"2026-900409","2026 Jan 05 11:56:57 AM","68059315294","2025 Dec 22 05:10:00 AM","QUEEN ANNE","2673","PROPERTY CRIME","D"
"2025-923347","2025 Dec 28 12:52:43 PM","67966732676","2025 Dec 22 05:15:00 AM","MONTLAKE/PORTAGE BAY","5228","PROPERTY CRIME","C"
"2025-373235","2025 Dec 22 07:14:21 AM","67897421848","2025 Dec 22 05:23:00 AM","RAINIER BEACH","12223","PROPERTY CRIME","S"
"2025-373497","2025 Dec 22 01:14:04 PM","67901245685","2025 Dec 22 05:30:00 AM","BITTERLAKE","2623","PROPERTY CRIME","N"
"2025-373237","2025 Dec 22 07:56:25 AM","67898215758","2025 Dec 22 05:38:00 AM","FIRST HILL","5852","PROPERTY CRIME","G"
"2025-923366","2025 Dec 28 01:01:42 PM","67966779829","2025 Dec 22 05:50:00 AM","MILLER PARK","3604","PROPERTY CRIME","C"
"2025-376874","2025 Dec 31 02:39:13 PM","67999152999","2025 Dec 22 06:00:00 AM","BALLARD NORTH","854","PROPERTY CRIME","J"
"2025-373245","2025 Dec 22 07:10:24 AM","67897492561","2025 Dec 22 06:00:00 AM","ALASKA JUNCTION","8169","PROPERTY CRIME","W"
"2025-923392","2025 Dec 28 01:16:25 PM","67966857075","2025 Dec 22 06:00:00 AM","QUEEN ANNE","12740","PROPERTY CRIME","Q"
"2026-900117","2026 Jan 03 09:36:42 AM","68032865323","2025 Dec 22 06:30:00 AM","FREMONT","10232","PROPERTY CRIME","B"
"2025-923344","2025 Dec 28 12:51:36 PM","67966726242","2025 Dec 22 06:38:00 AM","ROOSEVELT/RAVENNA","8838","PROPERTY CRIME","J"
"2025-923346","2025 Dec 28 12:52:21 PM","67966730296","2025 Dec 22 07:00:00 AM","NORTHGATE","11042","ALL OTHER","N"
"2025-373277","2025 Dec 22 09:54:22 AM","67899333282","2025 Dec 22 07:00:00 AM","DOWNTOWN COMMERCIAL","3166","PROPERTY CRIME","M"
"2025-373267","2025 Dec 22 07:35:49 AM","67897600370","2025 Dec 22 07:00:00 AM","COMMERCIAL DUWAMISH","11059","PROPERTY CRIME","F"
"2025-373268","2025 Dec 22 08:19:01 AM","67898675295","2025 Dec 22 07:04:00 AM","FIRST HILL","6467","ALL OTHER","G"
"2025-373301","2025 Dec 22 08:00:16 AM","67898108707","2025 Dec 22 07:40:00 AM","PIONEER SQUARE","75","ALL OTHER","K"
"2025-373296","2025 Dec 22 10:23:12 AM","67899942891","2025 Dec 22 07:54:00 AM","DOWNTOWN COMMERCIAL","REDACTED","VIOLENT CRIME","K"
"2025-373300","2025 Dec 22 08:27:05 AM","67898521035","2025 Dec 22 07:57:00 AM","SODO","REDACTED","ALL OTHER","O"
"2025-373836","2025 Dec 22 09:26:25 PM","67904468004","2025 Dec 22 08:00:00 AM","QUEEN ANNE","6553","ALL OTHER","Q"
"2026-900157","2026 Jan 03 11:22:46 AM","68033505901","2025 Dec 22 08:00:00 AM","SANDPOINT","11069","PROPERTY CRIME","U"
"2026-900013","2026 Jan 02 06:36:59 AM","68016620816","2025 Dec 22 08:45:00 AM","MAGNOLIA","1439","PROPERTY CRIME","Q"
"2025-923558","2025 Dec 30 08:02:18 AM","67983510813","2025 Dec 22 08:45:00 AM","NORTH BEACON HILL","12725","PROPERTY CRIME","R"
"2026-900736","2026 Jan 11 06:45:38 AM","68131940955","2025 Dec 22 09:00:00 AM","RAINIER VIEW","7956","PROPERTY CRIME","S"
"2026-900736","2026 Jan 11 06:45:38 AM","68132070407","2025 Dec 22 09:00:00 AM","RAINIER VIEW","7956","PROPERTY CRIME","S"
"2025-373383","2025 Dec 22 09:45:36 AM","67899305602","2025 Dec 22 09:20:00 AM","QUEEN ANNE","10386","ALL OTHER","Q"
"2025-373388","2025 Dec 22 11:47:31 AM","67900501700","2025 Dec 22 09:32:00 AM","NEW HOLLY","2672","ALL OTHER","S"
"2025-373392","2025 Dec 22 11:38:10 AM","67900738248","2025 Dec 22 09:37:00 AM","SOUTH DELRIDGE","12178","ALL OTHER","F"
"2025-373392","2025 Dec 22 11:38:10 AM","67900561368","2025 Dec 22 09:37:00 AM","SOUTH DELRIDGE","12178","PROPERTY CRIME","F"
"2025-374586","2025 Dec 23 09:43:15 PM","67918774890","2025 Dec 22 09:38:00 AM","LAKECITY","8781","PROPERTY CRIME","L"
"2026-900614","2026 Jan 09 12:56:03 PM","68113589628","2025 Dec 22 10:00:00 AM","NORTH ADMIRAL","12645","PROPERTY CRIME","W"
"2025-373513","2025 Dec 22 03:46:03 PM","67902366386","2025 Dec 22 10:00:00 AM","NORTH BEACON HILL","3452","PROPERTY CRIME","R"
"2025-373448","2025 Dec 22 01:07:23 PM","67905837405","2025 Dec 22 10:20:00 AM","BALLARD NORTH","1956","PROPERTY CRIME","J"
"2025-373448","2025 Dec 22 01:07:23 PM","67901130636","2025 Dec 22 10:20:00 AM","BALLARD NORTH","1956","PROPERTY CRIME","J"
"2025-373610","2025 Dec 22 06:59:12 PM","67903668393","2025 Dec 22 10:30:00 AM","HILLMAN CITY","12641","VIOLENT CRIME","R"
"2025-373473","2025 Dec 22 01:30:05 PM","67901307551","2025 Dec 22 10:56:00 AM","UNKNOWN","-","ALL OTHER","R"
"2025-923654","2025 Dec 30 01:53:20 PM","67986749930","2025 Dec 22 11:00:00 AM","LAKECITY","4851","PROPERTY CRIME","L"
"2025-923414","2025 Dec 28 01:47:29 PM","67967021601","2025 Dec 22 11:00:00 AM","UNKNOWN","99","PROPERTY CRIME","99"
"2025-373783","2025 Dec 22 05:53:20 PM","67903282224","2025 Dec 22 11:00:00 AM","CENTRAL AREA/SQUIRE PARK","10829","PROPERTY CRIME","G"
"2025-373482","2025 Dec 22 12:44:59 PM","67901259253","2025 Dec 22 11:05:00 AM","BRIGHTON/DUNLAP","REDACTED","ALL OTHER","S"
"2025-373484","2025 Dec 22 02:18:25 PM","67901674342","2025 Dec 22 11:13:00 AM","BELLTOWN","2072","PROPERTY CRIME","M"
"2025-373524","2025 Dec 22 01:16:48 PM","67901206974","2025 Dec 22 11:25:00 AM","BALLARD NORTH","4418","PROPERTY CRIME","N"
"2025-374401","2025 Dec 23 05:50:44 PM","67917725370","2025 Dec 22 11:29:00 AM","DOWNTOWN COMMERCIAL","REDACTED","ALL OTHER","M"
"2025-923393","2025 Dec 28 01:16:59 PM","67966860728","2025 Dec 22 11:30:00 AM","LAKECITY","3402","PROPERTY CRIME","L"
"2025-373580","2025 Dec 22 04:47:57 PM","67902871851","2025 Dec 22 11:45:00 AM","FIRST HILL","6532","PROPERTY CRIME","G"
"2026-001284","2026 Jan 02 12:06:02 PM","68020234006","2025 Dec 22 12:00:00 PM","LAKECITY","6196","PROPERTY CRIME","L"
"2026-900148","2026 Jan 03 10:57:41 AM","68033306484","2025 Dec 22 12:00:00 PM","SLU/CASCADE","2762","ALL OTHER","D"
"2025-373534","2025 Dec 22 01:40:43 PM","67901466041","2025 Dec 22 12:15:00 PM","CAPITOL HILL","3523","ALL OTHER","E"
"2025-373617","2025 Dec 22 09:07:10 PM","67904350508","2025 Dec 22 12:40:00 PM","CAPITOL HILL","674","PROPERTY CRIME","E"
"2025-923239","2025 Dec 28 08:37:40 AM","67965555735","2025 Dec 22 01:10:00 PM","QUEEN ANNE","3889","PROPERTY CRIME","Q"
"2025-700613","2025 Dec 23 11:32:37 AM","67914517959","2025 Dec 22 01:10:00 PM","NORTHGATE","6541","PROPERTY CRIME","N"
"2025-373608","2025 Dec 22 05:35:09 PM","67903148412","2025 Dec 22 01:22:00 PM","PIONEER SQUARE","12798","ALL OTHER","K"
"2025-923475","2025 Dec 29 11:22:36 AM","67974528668","2025 Dec 22 01:27:00 PM","CHINATOWN/INTERNATIONAL DISTRICT","3646","PROPERTY CRIME","K"
"2026-900281","2026 Jan 05 06:58:26 AM","68056729758","2025 Dec 22 01:30:00 PM","SODO","6317","PROPERTY CRIME","O"
"2026-900144","2026 Jan 03 10:55:13 AM","68033287236","2025 Dec 22 01:44:00 PM","EASTLAKE - WEST","12567","PROPERTY CRIME","D"
"2025-373632","2025 Dec 22 02:56:27 PM","67902021530","2025 Dec 22 01:50:00 PM","FIRST HILL","REDACTED","ALL OTHER","E"
"2026-013940","2026 Jan 15 03:44:28 PM","68190754191","2025 Dec 22 02:00:00 PM","MADISON PARK","2423","PROPERTY CRIME","C"
"2025-923473","2025 Dec 29 11:21:33 AM","67974518521","2025 Dec 22 02:00:00 PM","FREMONT","6935","PROPERTY CRIME","B"
"2025-374087","2025 Dec 23 03:57:06 AM","67908527813","2025 Dec 22 02:00:00 PM","CAPITOL HILL","REDACTED","ALL OTHER","E"
"2025-374087","2025 Dec 23 03:57:06 AM","67908498011","2025 Dec 22 02:00:00 PM","CAPITOL HILL","REDACTED","ALL OTHER","E"
"2025-373657","2025 Dec 22 03:15:40 PM","67902139165","2025 Dec 22 02:09:00 PM","MOUNT BAKER","1306","PROPERTY CRIME","R"
"2025-373657","2025 Dec 22 03:15:40 PM","67902162267","2025 Dec 22 02:11:00 PM","MOUNT BAKER","1306","VIOLENT CRIME","R"
"2025-373659","2025 Dec 22 06:29:19 PM","67903549601","2025 Dec 22 02:26:00 PM","BELLTOWN","5914","PROPERTY CRIME","M"
"2025-373659","2025 Dec 22 06:29:19 PM","67903540744","2025 Dec 22 02:26:00 PM","BELLTOWN","5914","ALL OTHER","M"
"2025-373659","2025 Dec 22 06:29:19 PM","67903519923","2025 Dec 22 02:26:00 PM","BELLTOWN","5914","ALL OTHER","M"
"2025-373659","2025 Dec 22 06:29:19 PM","67903534768","2025 Dec 22 02:26:00 PM","BELLTOWN","5914","ALL OTHER","M"
"2025-373659","2025 Dec 22 06:29:19 PM","67903529935","2025 Dec 22 02:26:00 PM","BELLTOWN","5914","ALL OTHER","M"
"2025-923388","2025 Dec 28 01:14:54 PM","67966848263","2025 Dec 22 02:30:00 PM","QUEEN ANNE","4547","ALL OTHER","Q"
"2025-373701","2025 Dec 22 05:57:53 PM","67903509760","2025 Dec 22 02:48:00 PM","BALLARD SOUTH","4847","ALL OTHER","B"
"2025-373702","2025 Dec 22 08:00:13 PM","67903978010","2025 Dec 22 02:49:00 PM","NORTHGATE","REDACTED","VIOLENT CRIME","L"
"2026-900657","2026 Jan 10 09:00:07 AM","68124871033","2025 Dec 22 02:51:00 PM","SLU/CASCADE","10500","PROPERTY CRIME","D"
"2025-923405","2025 Dec 28 01:22:29 PM","67966890129","2025 Dec 22 02:54:00 PM","CLAREMONT/RAINIER VISTA","10912","PROPERTY CRIME","R"
"2025-373705","2025 Dec 22 07:22:12 PM","67903765362","2025 Dec 22 02:54:00 PM","CENTRAL AREA/SQUIRE PARK","2504","ALL OTHER","G"
"2025-373707","2025 Dec 22 04:21:20 PM","67902705027","2025 Dec 22 02:57:00 PM","CAPITOL HILL","664","PROPERTY CRIME","E"
"2025-373721","2025 Dec 22 05:54:34 PM","67903340279","2025 Dec 22 03:30:00 PM","MID BEACON HILL","12654","ALL OTHER","S"
"2025-923406","2025 Dec 28 01:22:49 PM","67966892023","2025 Dec 22 03:30:00 PM","CAPITOL HILL","7596","ALL OTHER","E"
"2025-373740","2025 Dec 22 04:18:05 PM","67902688312","2025 Dec 22 03:34:00 PM","ROOSEVELT/RAVENNA","REDACTED","ALL OTHER","J"
"2025-923408","2025 Dec 28 01:23:36 PM","67966894797","2025 Dec 22 03:37:00 PM","LAKECITY","3402","PROPERTY CRIME","L"
"2025-373755","2025 Dec 22 07:16:03 PM","67903734611","2025 Dec 22 03:50:00 PM","NEW HOLLY","REDACTED","ALL OTHER","S"
"2025-923463","2025 Dec 29 09:53:05 AM","67973724668","2025 Dec 22 03:54:00 PM","NORTHGATE","10458","PROPERTY CRIME","N"
"2026-901276","2026 Jan 26 01:51:17 PM","68314376841","2025 Dec 22 04:00:00 PM","SLU/CASCADE","12988","PROPERTY CRIME","D"
"2025-923467","2025 Dec 29 09:54:49 AM","67973737842","2025 Dec 22 04:00:00 PM","SANDPOINT","4644","PROPERTY CRIME","U"
"2025-923517","2025 Dec 29 01:48:48 PM","67975764195","2025 Dec 22 04:00:00 PM","CENTRAL AREA/SQUIRE PARK","1529","PROPERTY CRIME","C"
"2025-375233","2025 Dec 24 11:27:17 AM","67924075631","2025 Dec 22 04:00:00 PM","BITTERLAKE","REDACTED","ALL OTHER","N"
"2025-373767","2025 Dec 22 07:07:58 PM","67903691292","2025 Dec 22 04:14:00 PM","CLAREMONT/RAINIER VISTA","REDACTED","ALL OTHER","R"
"2025-373792","2025 Dec 22 07:30:06 PM","67903837993","2025 Dec 22 04:17:00 PM","PIONEER SQUARE","885","PROPERTY CRIME","K"
"2025-923410","2025 Dec 28 01:24:21 PM","67966897420","2025 Dec 22 04:20:00 PM","UNKNOWN","99","PROPERTY CRIME","99"
"2025-373781","2025 Dec 22 05:22:31 PM","67903130188","2025 Dec 22 04:35:00 PM","UNIVERSITY","8128","VIOLENT CRIME","U"
"2025-378437","2025 Dec 28 02:36:08 PM","67967295487","2025 Dec 22 05:00:00 PM","ROOSEVELT/RAVENNA","3412","PROPERTY CRIME","U"
"2025-923498","2025 Dec 29 12:35:49 PM","67975210565","2025 Dec 22 05:00:00 PM","BALLARD SOUTH","7041","ALL OTHER","B"
"2025-373798","2025 Dec 22 10:14:03 PM","67904693054","2025 Dec 22 05:00:00 PM","UNKNOWN","99","ALL OTHER","99"
"2026-900019","2026 Jan 02 07:29:40 AM","68017884121","2025 Dec 22 05:00:00 PM","HIGHLAND PARK","521","PROPERTY CRIME","F"
"2025-373805","2025 Dec 22 06:55:48 PM","68060480647","2025 Dec 22 05:06:00 PM","BELLTOWN","REDACTED","ALL OTHER","D"
"2025-373805","2025 Dec 22 06:55:48 PM","67903729336","2025 Dec 22 05:06:00 PM","BELLTOWN","REDACTED","ALL OTHER","D"
"2025-373808","2025 Dec 22 06:29:12 PM","67903481586","2025 Dec 22 05:10:00 PM","DOWNTOWN COMMERCIAL","2940","PROPERTY CRIME","M"
"2025-373816","2025 Dec 22 06:04:19 PM","67903343348","2025 Dec 22 05:15:00 PM","ROOSEVELT/RAVENNA","11363","ALL OTHER","U"
"2025-374932","2025 Dec 23 10:38:14 PM","67919749307","2025 Dec 22 05:45:00 PM","BITTERLAKE","5815","PROPERTY CRIME","N"
"2025-374217","2025 Dec 23 07:59:11 AM","67912739796","2025 Dec 22 06:00:00 PM","QUEEN ANNE","10647","PROPERTY CRIME","D"
"2025-374347","2025 Dec 23 12:22:51 PM","67914952495","2025 Dec 22 06:00:00 PM","NORTHGATE","2345","PROPERTY CRIME","L"
"2026-900186","2026 Jan 04 06:17:27 AM","68043846996","2025 Dec 22 06:00:00 PM","NORTH BEACON HILL","2188","PROPERTY CRIME","R"
"2025-373848","2025 Dec 22 08:07:58 PM","67904036421","2025 Dec 22 06:10:00 PM","DOWNTOWN COMMERCIAL","12452","PROPERTY CRIME","M"
"2025-374350","2025 Dec 23 07:06:00 PM","67917962821","2025 Dec 22 06:14:00 PM","BELLTOWN","2072","PROPERTY CRIME","M"
"2025-373857","2025 Dec 22 08:37:29 PM","67904183451","2025 Dec 22 06:25:00 PM","ROOSEVELT/RAVENNA","REDACTED","ALL OTHER","U"
"2025-923429","2025 Dec 29 07:50:47 AM","67972707842","2025 Dec 22 06:30:00 PM","FIRST HILL","2426","PROPERTY CRIME","G"
"2025-373863","2025 Dec 22 08:04:18 PM","67904024757","2025 Dec 22 06:40:00 PM","UNIVERSITY","6404","ALL OTHER","U"
"2025-923409","2025 Dec 28 01:24:04 PM","67966896204","2025 Dec 22 07:00:00 PM","UNKNOWN","99","PROPERTY CRIME","99"
"2025-374318","2025 Dec 23 10:45:12 AM","67914074784","2025 Dec 22 07:00:00 PM","MONTLAKE/PORTAGE BAY","5451","PROPERTY CRIME","C"
"2026-900239","2026 Jan 04 09:13:01 AM","68045796689","2025 Dec 22 07:00:00 PM","ROOSEVELT/RAVENNA","1973","PROPERTY CRIME","J"
"2025-375156","2025 Dec 24 09:46:07 AM","67923345992","2025 Dec 22 07:00:00 PM","NORTH BEACON HILL","12209","PROPERTY CRIME","R"
"2025-374465","2025 Dec 23 01:12:29 PM","67915516275","2025 Dec 22 07:15:00 PM","FREMONT","489","PROPERTY CRIME","B"
"2025-373890","2025 Dec 22 10:54:47 PM","67905702261","2025 Dec 22 07:15:00 PM","GREENWOOD","2620","ALL OTHER","J"
"2025-373863","2025 Dec 22 08:04:18 PM","67904080948","2025 Dec 22 07:16:00 PM","UNIVERSITY","745","ALL OTHER","U"
"2025-923454","2025 Dec 29 09:42:53 AM","67973646029","2025 Dec 22 07:20:00 PM","NORTHGATE","2055","ALL OTHER","L"
"2025-373896","2025 Dec 22 08:14:20 PM","67904104259","2025 Dec 22 07:24:00 PM","HIGHLAND PARK","REDACTED","ALL OTHER","F"
"2025-373896","2025 Dec 22 08:14:20 PM","67904079518","2025 Dec 22 07:24:00 PM","HIGHLAND PARK","REDACTED","ALL OTHER","F"
"2025-923538","2025 Dec 30 07:21:37 AM","67983203019","2025 Dec 22 07:30:00 PM","ROOSEVELT/RAVENNA","11238","ALL OTHER","J"
"2025-373909","2025 Dec 22 08:17:59 PM","67904083418","2025 Dec 22 07:54:00 PM","ROOSEVELT/RAVENNA","2056","PROPERTY CRIME","U"
"2025-375298","2025 Dec 24 03:28:59 PM","67925479263","2025 Dec 22 07:56:00 PM","NORTHGATE","625","PROPERTY CRIME","N"
"2025-373912","2025 Dec 22 10:52:05 PM","67904908265","2025 Dec 22 07:59:00 PM","SLU/CASCADE","12991","PROPERTY CRIME","D"
"2025-373911","2025 Dec 22 09:01:12 PM","67904305460","2025 Dec 22 08:00:00 PM","QUEEN ANNE","7690","PROPERTY CRIME","Q"
"2025-923412","2025 Dec 28 01:46:35 PM","67967016934","2025 Dec 22 08:00:00 PM","CAPITOL HILL","657","PROPERTY CRIME","E"
"2025-923646","2025 Dec 30 01:50:42 PM","67986727965","2025 Dec 22 08:00:00 PM","CAPITOL HILL","1685","PROPERTY CRIME","E"
"2025-374008","2025 Dec 23 01:11:48 AM","67906740276","2025 Dec 22 08:00:00 PM","UNIVERSITY","5394","PROPERTY CRIME","U"
"2025-373935","2025 Dec 22 11:12:38 PM","67904969105","2025 Dec 22 08:31:00 PM","SLU/CASCADE","REDACTED","ALL OTHER","D"
"2025-373941","2025 Dec 22 09:12:19 PM","67904363655","2025 Dec 22 08:41:00 PM","SLU/CASCADE","REDACTED","ALL OTHER","D"
"2025-373941","2025 Dec 22 09:12:19 PM","67904914701","2025 Dec 22 08:41:00 PM","SLU/CASCADE","REDACTED","ALL OTHER","D"
"2025-373941","2025 Dec 22 09:12:19 PM","67904342544","2025 Dec 22 08:41:00 PM","SLU/CASCADE","REDACTED","ALL OTHER","D"
"2025-373941","2025 Dec 22 09:12:19 PM","67904374505","2025 Dec 22 08:41:00 PM","SLU/CASCADE","REDACTED","ALL OTHER","D"
"2025-373941","2025 Dec 22 09:12:19 PM","67904413451","2025 Dec 22 08:41:00 PM","SLU/CASCADE","REDACTED","ALL OTHER","D"
"2025-373941","2025 Dec 22 09:12:19 PM","67904369901","2025 Dec 22 08:41:00 PM","SLU/CASCADE","REDACTED","ALL OTHER","D"
"2025-373945","2025 Dec 22 09:03:23 PM","67904300507","2025 Dec 22 08:45:00 PM","BELLTOWN","REDACTED","ALL OTHER","D"
"2025-373945","2025 Dec 22 09:03:23 PM","67904304465","2025 Dec 22 08:45:00 PM","BELLTOWN","REDACTED","ALL OTHER","D"
"2025-373947","2025 Dec 23 01:10:28 AM","67906699007","2025 Dec 22 08:48:00 PM","CHINATOWN/INTERNATIONAL DISTRICT","REDACTED","ALL OTHER","K"
"2025-700635","2026 Jan 12 04:02:30 PM","68153220380","2025 Dec 22 08:51:00 PM","ROXHILL/WESTWOOD/ARBOR HEIGHTS","10484","PROPERTY CRIME","F"
"2026-700023","2026 Jan 12 06:01:17 PM","68154059096","2025 Dec 22 08:51:00 PM","ROXHILL/WESTWOOD/ARBOR HEIGHTS","10484","PROPERTY CRIME","F"
"2025-373958","2025 Dec 23 12:41:56 AM","67905812696","2025 Dec 22 08:58:00 PM","SOUTH PARK","11162","PROPERTY CRIME","F"
"2025-374233","2025 Dec 23 08:41:43 AM","67913086335","2025 Dec 22 09:00:00 PM","GREENWOOD","708","PROPERTY CRIME","J"
"2025-374319","2025 Dec 23 11:02:19 AM","67914199179","2025 Dec 22 09:00:00 PM","MAGNOLIA","30","PROPERTY CRIME","Q"
"2025-923418","2025 Dec 29 06:03:00 AM","67971953791","2025 Dec 22 09:00:00 PM","SANDPOINT","10415","PROPERTY CRIME","U"
"2025-374524","2025 Dec 23 01:48:37 PM","67915723778","2025 Dec 22 09:00:00 PM","SOUTH PARK","11162","PROPERTY CRIME","F"
"2025-923565","2025 Dec 30 08:04:53 AM","67983537988","2025 Dec 22 09:16:00 PM","MADRONA/LESCHI","8473","PROPERTY CRIME","G"
"2025-373980","2025 Dec 22 11:47:34 PM","67905619977","2025 Dec 22 09:36:00 PM","CHINATOWN/INTERNATIONAL DISTRICT","1947","ALL OTHER","K"
"2025-373984","2025 Dec 22 11:27:15 PM","67905616521","2025 Dec 22 09:42:00 PM","HIGH POINT","2032","PROPERTY CRIME","F"
"2025-923444","2025 Dec 29 08:42:52 AM","67973113946","2025 Dec 22 09:54:00 PM","MID BEACON HILL","2315","PROPERTY CRIME","S"
"2025-374246","2025 Dec 23 12:26:08 PM","67914975434","2025 Dec 22 10:00:00 PM","SANDPOINT","10924","PROPERTY CRIME","U"
"2025-923420","2025 Dec 29 07:18:26 AM","67972456745","2025 Dec 22 10:00:00 PM","BALLARD SOUTH","12614","PROPERTY CRIME","B"
"2025-373997","2025 Dec 22 10:21:29 PM","67904715523","2025 Dec 22 10:10:00 PM","DOWNTOWN COMMERCIAL","2084","ALL OTHER","M"
"2025-374009","2025 Dec 22 11:35:30 PM","67905296659","2025 Dec 22 10:21:00 PM","SLU/CASCADE","2139","VIOLENT CRIME","D"
"2025-374020","2025 Dec 23 12:10:48 AM","67912579810","2025 Dec 22 10:56:00 PM","GREENWOOD","3580","ALL OTHER","J"
"2025-374020","2025 Dec 23 12:10:48 AM","67905790260","2025 Dec 22 10:56:00 PM","GREENWOOD","3580","VIOLENT CRIME","J"
"2025-374321","2025 Dec 23 05:30:51 PM","67917429717","2025 Dec 22 11:00:00 PM","UNIVERSITY","506","PROPERTY CRIME","U"
"2025-374321","2025 Dec 23 05:30:51 PM","67917447639","2025 Dec 22 11:00:00 PM","UNIVERSITY","506","PROPERTY CRIME","U"
"2025-923426","2025 Dec 29 07:49:36 AM","67972697864","2025 Dec 22 11:20:00 PM","BRIGHTON/DUNLAP","8464","PROPERTY CRIME","S"
"2025-374035","2025 Dec 23 02:29:02 AM","67906926453","2025 Dec 22 11:23:00 PM","FIRST HILL","6336","ALL OTHER","E"
"2025-374039","2025 Dec 23 02:32:19 AM","67908128620","2025 Dec 22 11:29:00 PM","ROOSEVELT/RAVENNA","4913","ALL OTHER","J"
"2025-374425","2025 Dec 23 09:04:09 PM","67925990418","2025 Dec 22 11:30:00 PM","CENTRAL AREA/SQUIRE PARK","4077","ALL OTHER","G"
"2025-374425","2025 Dec 23 09:04:09 PM","67918599336","2025 Dec 22 11:30:00 PM","CENTRAL AREA/SQUIRE PARK","4077","PROPERTY CRIME","G"
"2025-374042","2025 Dec 23 02:19:31 AM","67906921412","2025 Dec 22 11:35:00 PM","NORTHGATE","2334","PROPERTY CRIME","N"
"2025-374096","2025 Dec 23 02:23:13 AM","67908346755","2025 Dec 22 11:45:00 PM","SLU/CASCADE","724","PROPERTY CRIME","M"
"2026-000514","2026 Jan 01 01:35:58 PM","68007570936","2025 Dec 23 12:00:00 AM","CAPITOL HILL","668","PROPERTY CRIME","E"
"2025-375129","2025 Dec 24 08:23:27 AM","67922756873","2025 Dec 23 12:00:00 AM","NORTH ADMIRAL","400","PROPERTY CRIME","W"
"2026-004387","2026 Jan 05 06:08:10 PM","68063285871","2025 Dec 23 12:00:00 AM","PIGEON POINT","7308","PROPERTY CRIME","F"
"2025-374658","2025 Dec 23 04:01:25 PM","67916859042","2025 Dec 23 12:00:00 AM","NORTHGATE","2193","ALL OTHER","N"
"2026-001788","2026 Jan 02 09:03:48 PM","68024835456","2025 Dec 23 12:00:00 AM","UNIVERSITY","REDACTED","ALL OTHER","U"
"2025-376128","2025 Dec 25 09:30:47 PM","67937784913","2025 Dec 23 12:00:00 AM","ROOSEVELT/RAVENNA","4953","ALL OTHER","U"
"2025-923619","2025 Dec 30 10:48:39 AM","67985197906","2025 Dec 23 12:00:00 AM","QUEEN ANNE","1613","PROPERTY CRIME","Q"
"2025-374193","2025 Dec 23 07:20:34 AM","67912458919","2025 Dec 23 12:00:00 AM","BALLARD NORTH","10378","PROPERTY CRIME","J"
"2025-374390","2025 Dec 23 12:50:53 PM","67915287222","2025 Dec 23 12:00:00 AM","BITTERLAKE","12160","PROPERTY CRIME","N"
"2025-376914","2025 Dec 26 06:50:29 PM","67944585279","2025 Dec 23 12:00:00 AM","ALASKA JUNCTION","200","ALL OTHER","W"
"2025-374868","2025 Dec 23 09:01:24 PM","67918554513","2025 Dec 23 12:00:00 AM","DOWNTOWN COMMERCIAL","5533","ALL OTHER","M"
"2025-923485","2025 Dec 29 11:33:54 AM","67974640873","2025 Dec 23 12:00:00 AM","MAGNOLIA","3484","PROPERTY CRIME","Q"
"2025-380705","2025 Dec 30 05:36:23 PM","67988486443","2025 Dec 23 12:00:00 AM","WALLINGFORD","8222","PROPERTY CRIME","B"
"2025-374482","2025 Dec 23 01:49:15 PM","67915750715","2025 Dec 23 12:00:00 AM","QUEEN ANNE","12447","PROPERTY CRIME","D"
"2025-380541","2025 Dec 30 05:00:12 PM","67988268450","2025 Dec 23 12:00:00 AM","WALLINGFORD","2410","ALL OTHER","B"
"2025-375181","2025 Dec 24 03:45:02 PM","67925567160","2025 Dec 23 12:00:00 AM","ALASKA JUNCTION","20","PROPERTY CRIME","W"
"2025-374277","2025 Dec 23 11:34:09 AM","67914558944","2025 Dec 23 12:00:00 AM","SANDPOINT","2160","PROPERTY CRIME","U"
"2026-901168","2026 Jan 26 10:36:22 AM","68312876404","2025 Dec 23 12:00:00 AM","ALASKA JUNCTION","7002","PROPERTY CRIME","W"
"2026-006123","2026 Jan 07 01:15:59 PM","68088567062","2025 Dec 23 12:00:00 AM","CAPITOL HILL","4202","PROPERTY CRIME","E"
"2025-380158","2025 Dec 30 07:53:39 AM","67983452967","2025 Dec 23 12:00:00 AM","BALLARD SOUTH","7521","PROPERTY CRIME","B"
"2025-374446","2025 Dec 23 08:47:44 PM","67918544041","2025 Dec 23 12:00:00 AM","SLU/CASCADE","3704","ALL OTHER","M"
"2025-923594","2025 Dec 30 09:34:16 AM","67984500717","2025 Dec 23 01:00:00 AM","CHINATOWN/INTERNATIONAL DISTRICT","3648","ALL OTHER","K"
"2026-900631","2026 Jan 10 07:33:46 AM","68124511176","2025 Dec 23 01:00:00 AM","QUEEN ANNE","5202","PROPERTY CRIME","D"
"2025-374108","2025 Dec 23 04:22:17 AM","67909190159","2025 Dec 23 01:18:00 AM","SLU/CASCADE","3926","VIOLENT CRIME","D"
"2025-374084","2025 Dec 23 03:40:07 AM","67908346884","2025 Dec 23 01:26:00 AM","FIRST HILL","11192","PROPERTY CRIME","E"
"2025-374830","2026 Jan 17 12:28:01 PM","68213254666","2025 Dec 23 01:27:00 AM","UNKNOWN","99","ALL OTHER","99"
"2025-374092","2025 Dec 23 01:59:51 AM","67906901722","2025 Dec 23 01:36:00 AM","FIRST HILL","7628","ALL OTHER","G"
"2025-374092","2025 Dec 23 01:59:51 AM","67906977238","2025 Dec 23 01:36:00 AM","FIRST HILL","7628","ALL OTHER","G"
"2025-374092","2025 Dec 23 01:59:51 AM","67906967895","2025 Dec 23 01:36:00 AM","FIRST HILL","7628","ALL OTHER","G"
"2025-374092","2025 Dec 23 01:59:51 AM","67906840126","2025 Dec 23 01:36:00 AM","FIRST HILL","7628","ALL OTHER","G"
"2025-374094","2025 Dec 23 03:01:57 AM","67907695309","2025 Dec 23 01:37:00 AM","DOWNTOWN COMMERCIAL","2084","ALL OTHER","M"
"2025-374307","2025 Dec 23 03:54:55 PM","67916862438","2025 Dec 23 01:40:00 AM","BELLTOWN","8198","ALL OTHER","D"
"2025-374307","2025 Dec 23 03:54:55 PM","67916763183","2025 Dec 23 01:40:00 AM","BELLTOWN","8198","PROPERTY CRIME","D"
"2025-374375","2025 Dec 23 12:40:33 PM","67915533689","2025 Dec 23 02:00:00 AM","NORTHGATE","7916","PROPERTY CRIME","N"
"2025-374485","2025 Dec 23 06:46:04 PM","67917814844","2025 Dec 23 02:51:00 AM","WALLINGFORD","7646","PROPERTY CRIME","B"
"2025-374130","2025 Dec 23 05:32:54 AM","67909778730","2025 Dec 23 03:21:00 AM","SODO","8013","ALL OTHER","O"
"2025-374130","2025 Dec 23 05:32:54 AM","67909797841","2025 Dec 23 03:21:00 AM","SODO","8013","PROPERTY CRIME","O"
"2025-374130","2025 Dec 23 05:32:54 AM","67910490769","2025 Dec 23 03:23:00 AM","SODO","8013","ALL OTHER","O"
"2025-374139","2025 Dec 23 05:19:09 AM","67909438070","2025 Dec 23 04:09:00 AM","CHINATOWN/INTERNATIONAL DISTRICT","1470","VIOLENT CRIME","K"
"2025-374143","2025 Dec 23 06:38:15 AM","67919487505","2025 Dec 23 04:25:00 AM","UNIVERSITY","5394","PROPERTY CRIME","U"
"2025-374154","2025 Dec 23 05:45:34 AM","67909766594","2025 Dec 23 04:30:00 AM","WALLINGFORD","8412","PROPERTY CRIME","B"
"2025-374273","2025 Dec 23 09:46:56 AM","67913592001","2025 Dec 23 04:38:00 AM","BALLARD SOUTH","2590","PROPERTY CRIME","B"
"2025-923525","2025 Dec 29 01:51:40 PM","67975791238","2025 Dec 23 04:40:00 AM","BALLARD SOUTH","4175","PROPERTY CRIME","B"
"2025-374146","2025 Dec 23 05:45:30 AM","67909710387","2025 Dec 23 04:44:00 AM","BELLTOWN","12716","PROPERTY CRIME","M"
"2025-374146","2025 Dec 23 05:45:30 AM","67913219601","2025 Dec 23 04:44:00 AM","BELLTOWN","12716","ALL OTHER","M"
"2025-923419","2025 Dec 29 07:17:48 AM","67972451734","2025 Dec 23 05:00:00 AM","ALASKA JUNCTION","4748","PROPERTY CRIME","W"
"2025-923468","2025 Dec 29 09:55:11 AM","67973740225","2025 Dec 23 05:21:00 AM","UNIVERSITY","12270","PROPERTY CRIME","U"
"2025-374168","2025 Dec 23 04:59:20 PM","67917169107","2025 Dec 23 05:53:00 AM","NORTHGATE","12026","ALL OTHER","N"
"2025-923489","2025 Dec 29 11:35:56 AM","67974661828","2025 Dec 23 06:33:00 AM","QUEEN ANNE","1704","ALL OTHER","Q"
"2025-374340","2025 Dec 23 07:43:15 PM","67918174826","2025 Dec 23 07:10:00 AM","LAKECITY","5659","ALL OTHER","L"
"2025-374203","2025 Dec 23 02:24:45 PM","67916184930","2025 Dec 23 07:23:00 AM","GREENWOOD","1126","ALL OTHER","N"
"2025-374203","2025 Dec 23 02:24:45 PM","67917383723","2025 Dec 23 07:23:00 AM","GREENWOOD","1126","ALL OTHER","N"
"2025-374256","2025 Dec 23 09:17:46 AM","67927388194","2025 Dec 23 07:30:00 AM","FIRST HILL","4217","PROPERTY CRIME","E"
"2025-374505","2025 Dec 23 06:31:44 PM","67917726089","2025 Dec 23 07:30:00 AM","FIRST HILL","6962","PROPERTY CRIME","E"
"2025-923413","2025 Dec 28 01:47:04 PM","67967019464","2025 Dec 23 07:30:00 AM","BELLTOWN","8956","PROPERTY CRIME","D"
"2025-374256","2025 Dec 23 09:17:46 AM","67913376054","2025 Dec 23 07:30:00 AM","FIRST HILL","4217","PROPERTY CRIME","E"
"2025-923430","2025 Dec 29 07:59:14 AM","67972764593","2025 Dec 23 08:00:00 AM","SANDPOINT","11472","PROPERTY CRIME","U"
"2025-374719","2025 Dec 23 05:36:49 PM","67917378499","2025 Dec 23 08:00:00 AM","BITTERLAKE","10604","PROPERTY CRIME","N"
"2025-376566","2025 Dec 26 08:43:30 AM","67940398451","2025 Dec 23 08:15:00 AM","SLU/CASCADE","2466","PROPERTY CRIME","M"
"2025-374241","2025 Dec 23 09:57:29 AM","67913733748","2025 Dec 23 08:15:00 AM","SANDPOINT","REDACTED","ALL OTHER","U"
"2025-374248","2025 Dec 23 03:25:57 PM","67916531809","2025 Dec 23 08:30:00 AM","DOWNTOWN COMMERCIAL","REDACTED","ALL OTHER","M"
"2025-923505","2025 Dec 29 12:52:51 PM","67975352934","2025 Dec 23 08:50:00 AM","QUEEN ANNE","4123","PROPERTY CRIME","Q"
"2025-923496","2025 Dec 29 12:35:11 PM","67975202440","2025 Dec 23 09:00:00 AM","PHINNEY RIDGE","394","PROPERTY CRIME","B"
"2026-900189","2026 Jan 04 06:18:42 AM","68043853397","2025 Dec 23 09:00:00 AM","MOUNT BAKER","3413","ALL OTHER","R"
"2025-374270","2025 Dec 23 12:30:29 PM","67914988988","2025 Dec 23 09:13:00 AM","FIRST HILL","REDACTED","ALL OTHER","G"
"2025-379069","2025 Dec 29 10:21:20 AM","67974222064","2025 Dec 23 09:16:00 AM","SOUTH PARK","REDACTED","ALL OTHER","F"
"2025-374294","2025 Dec 23 10:35:52 AM","67914012278","2025 Dec 23 09:43:00 AM","CENTRAL AREA/SQUIRE PARK","REDACTED","ALL OTHER","C"
"2025-923415","2025 Dec 28 01:47:53 PM","67967023789","2025 Dec 23 10:00:00 AM","ALASKA JUNCTION","222","PROPERTY CRIME","W"
"2025-377506","2025 Dec 27 12:44:55 PM","67954766305","2025 Dec 23 10:00:00 AM","FIRST HILL","3145","PROPERTY CRIME","E"
"2025-375004","2025 Dec 24 01:05:35 AM","67920859547","2025 Dec 23 10:00:00 AM","COLUMBIA CITY","2490","PROPERTY CRIME","R"
"2025-374332","2025 Dec 23 12:50:07 PM","67915300610","2025 Dec 23 10:27:00 AM","DOWNTOWN COMMERCIAL","6835","PROPERTY CRIME","M"
"2025-700625","2026 Jan 12 02:47:29 PM","68152487461","2025 Dec 23 10:30:00 AM","DOWNTOWN COMMERCIAL","2359","PROPERTY CRIME","M"
"2025-923442","2025 Dec 29 08:42:11 AM","67973108876","2025 Dec 23 10:30:00 AM","BELLTOWN","12712","PROPERTY CRIME","D"
"2025-923439","2025 Dec 29 08:38:47 AM","67973077781","2025 Dec 23 10:50:00 AM","QUEEN ANNE","1930","PROPERTY CRIME","Q"
"2026-900039","2026 Jan 02 10:52:13 AM","68019538974","2025 Dec 23 10:53:00 AM","BRIGHTON/DUNLAP","374","PROPERTY CRIME","S"
"2026-900282","2026 Jan 05 06:58:48 AM","68056732111","2025 Dec 23 10:54:00 AM","ALASKA JUNCTION","222","PROPERTY CRIME","W"
"2025-374440","2025 Dec 23 01:40:29 PM","67916851068","2025 Dec 23 10:55:00 AM","UNIVERSITY","REDACTED","ALL OTHER","U"
"2025-374443","2025 Dec 23 01:44:41 PM","67915754373","2025 Dec 23 11:00:00 AM","CENTRAL AREA/SQUIRE PARK","3179","PROPERTY CRIME","G"
"2025-374443","2025 Dec 23 01:44:41 PM","67916186083","2025 Dec 23 11:00:00 AM","CENTRAL AREA/SQUIRE PARK","3179","ALL OTHER","G"
"2025-923440","2025 Dec 29 08:39:36 AM","67973083536","2025 Dec 23 12:00:00 PM","SLU/CASCADE","1519","PROPERTY CRIME","Q"
"2025-923441","2025 Dec 29 08:39:58 AM","67973087478","2025 Dec 23 12:00:00 PM","QUEEN ANNE","7688","PROPERTY CRIME","Q"
"2025-374428","2025 Dec 24 01:48:34 AM","67926653454","2025 Dec 23 12:06:00 PM","DOWNTOWN COMMERCIAL","REDACTED","ALL OTHER","K"
"2025-374428","2025 Dec 24 01:48:34 AM","67920989578","2025 Dec 23 12:06:00 PM","DOWNTOWN COMMERCIAL","REDACTED","ALL OTHER","K"
"2025-374453","2025 Dec 23 03:17:55 PM","67916537251","2025 Dec 23 12:26:00 PM","CAPITOL HILL","668","ALL OTHER","E"
"2025-374453","2025 Dec 23 03:17:55 PM","67916580628","2025 Dec 23 12:26:00 PM","CAPITOL HILL","668","ALL OTHER","E"
"2025-374453","2025 Dec 23 03:17:55 PM","67916612497","2025 Dec 23 12:26:00 PM","CAPITOL HILL","668","ALL OTHER","E"
"2025-374462","2025 Dec 23 03:39:15 PM","67916667788","2025 Dec 23 12:35:00 PM","DOWNTOWN COMMERCIAL","6612","PROPERTY CRIME","M"
"2025-374462","2025 Dec 23 03:39:15 PM","67916632086","2025 Dec 23 12:35:00 PM","DOWNTOWN COMMERCIAL","6612","ALL OTHER","M"
"2025-374473","2025 Dec 23 09:30:05 PM","67919054749","2025 Dec 23 12:41:00 PM","GENESEE","4893","PROPERTY CRIME","R"
"2025-374473","2025 Dec 23 09:30:05 PM","67919155608","2025 Dec 23 01:00:00 PM","GENESEE","2373","ALL OTHER","R"
"2025-376082","2025 Dec 25 01:26:34 PM","67935801083","2025 Dec 23 01:00:00 PM","SLU/CASCADE","7123","PROPERTY CRIME","D"
"2026-900399","2026 Jan 05 11:33:11 AM","68059116109","2025 Dec 23 01:00:00 PM","DOWNTOWN COMMERCIAL","10147","PROPERTY CRIME","K"
"2025-923216","2025 Dec 28 08:22:08 AM","67965492839","2025 Dec 23 01:00:00 PM","CAPITOL HILL","10944","ALL OTHER","E"
"2025-374500","2025 Dec 23 03:48:55 PM","67916671463","2025 Dec 23 01:05:00 PM","NORTHGATE","12196","ALL OTHER","N"
"2026-900651","2026 Jan 10 08:57:18 AM","68124860658","2025 Dec 23 01:23:00 PM","CAPITOL HILL","1236","PROPERTY CRIME","E"
"2025-923458","2025 Dec 29 09:48:13 AM","67973684814","2025 Dec 23 01:30:00 PM","BELLTOWN","2938","PROPERTY CRIME","M"
"2025-374527","2025 Dec 23 05:02:06 PM","67917177035","2025 Dec 23 01:32:00 PM","BALLARD SOUTH","5214","ALL OTHER","B"
"2025-374527","2025 Dec 23 05:02:06 PM","67918004421","2025 Dec 23 01:32:00 PM","BALLARD SOUTH","5214","ALL OTHER","B"
"2025-374527","2025 Dec 23 05:02:06 PM","67917945346","2025 Dec 23 01:34:00 PM","BALLARD SOUTH","5214","ALL OTHER","B"
"2025-374527","2025 Dec 23 05:02:06 PM","67917184224","2025 Dec 23 01:34:00 PM","BALLARD SOUTH","5214","ALL OTHER","B"
"2025-374527","2025 Dec 23 05:02:06 PM","67917956532","2025 Dec 23 01:34:00 PM","BALLARD SOUTH","5214","ALL OTHER","B"
"2025-923510","2025 Dec 29 01:23:11 PM","67975572148","2025 Dec 23 01:35:00 PM","MADRONA/LESCHI","6264","PROPERTY CRIME","G"
"2025-374533","2025 Dec 23 09:25:52 PM","67918721226","2025 Dec 23 01:43:00 PM","BALLARD SOUTH","REDACTED","VIOLENT CRIME","B"
"2025-374539","2025 Dec 27 08:58:20 AM","67953504267","2025 Dec 23 01:43:00 PM","SANDPOINT","REDACTED","ALL OTHER","U"
"2025-923644","2025 Dec 30 01:50:00 PM","67986722240","2025 Dec 23 02:00:00 PM","BALLARD SOUTH","10041","PROPERTY CRIME","B"
"2025-923501","2025 Dec 29 12:50:38 PM","67975334949","2025 Dec 23 02:00:00 PM","COLUMBIA CITY","8524","PROPERTY CRIME","R"
"2025-923469","2025 Dec 29 09:55:31 AM","67973742720","2025 Dec 23 02:02:00 PM","DOWNTOWN COMMERCIAL","2363","PROPERTY CRIME","M"
"2025-374550","2025 Dec 23 08:26:16 PM","67918388951","2025 Dec 23 02:15:00 PM","BALLARD NORTH","1312","ALL OTHER","J"
"2025-923457","2025 Dec 29 09:47:53 AM","67973682407","2025 Dec 23 02:37:00 PM","DOWNTOWN COMMERCIAL","12522","PROPERTY CRIME","M"
"2025-374589","2025 Dec 23 07:02:19 PM","67917889574","2025 Dec 23 02:37:00 PM","NORTH BEACON HILL","REDACTED","ALL OTHER","R"
"2025-380372","2025 Dec 30 11:34:51 AM","67985632362","2025 Dec 23 02:38:00 PM","SODO","12860","VIOLENT CRIME","O"
"2025-374589","2025 Dec 23 07:02:19 PM","67917955798","2025 Dec 23 02:39:00 PM","NORTH BEACON HILL","REDACTED","VIOLENT CRIME","R"
"2025-374724","2025 Dec 23 05:46:41 PM","67917465798","2025 Dec 23 02:44:00 PM","LAKECITY","1593","PROPERTY CRIME","L"
"2025-374575","2025 Dec 23 05:17:38 PM","67917344580","2025 Dec 23 02:47:00 PM","ALASKA JUNCTION","1561","ALL OTHER","W"
"2025-374575","2025 Dec 23 05:17:38 PM","67917335801","2025 Dec 23 02:47:00 PM","ALASKA JUNCTION","1561","ALL OTHER","W"
"2025-374589","2025 Dec 23 07:02:19 PM","67919279237","2025 Dec 23 02:47:00 PM","NORTH BEACON HILL","REDACTED","ALL OTHER","R"
"2025-374601","2025 Dec 23 04:42:51 PM","67918373782","2025 Dec 23 02:55:00 PM","PHINNEY RIDGE","1132","ALL OTHER","J"
"2025-923495","2025 Dec 29 12:34:49 PM","67975198857","2025 Dec 23 02:58:00 PM","ROOSEVELT/RAVENNA","8843","PROPERTY CRIME","U"
"2025-923553","2025 Dec 30 07:27:27 AM","67983255776","2025 Dec 23 03:00:00 PM","CAPITOL HILL","1042","PROPERTY CRIME","C"
"2026-900341","2026 Jan 05 10:00:24 AM","68058300610","2025 Dec 23 03:02:00 PM","BELLTOWN","1520","PROPERTY CRIME","D"
"2025-923218","2025 Dec 28 08:24:15 AM","67965502106","2025 Dec 23 03:14:00 PM","MAGNOLIA","5329","ALL OTHER","Q"
"2025-923487","2025 Dec 29 11:35:10 AM","67974653426","2025 Dec 23 03:15:00 PM","BALLARD SOUTH","1200","PROPERTY CRIME","B"
"2025-923450","2025 Dec 29 09:38:53 AM","67973611284","2025 Dec 23 03:15:00 PM","FREMONT","3007","PROPERTY CRIME","B"
"2025-923462","2025 Dec 29 09:52:01 AM","67973715933","2025 Dec 23 03:30:00 PM","BELLTOWN","2510","PROPERTY CRIME","M"
"2025-376545","2025 Dec 26 08:19:16 AM","67940298908","2025 Dec 23 03:30:00 PM","ROOSEVELT/RAVENNA","5243","PROPERTY CRIME","U"
"2025-374653","2025 Dec 23 05:16:27 PM","67917252460","2025 Dec 23 03:46:00 PM","ROOSEVELT/RAVENNA","REDACTED","ALL OTHER","U"
"2025-374653","2025 Dec 23 05:16:27 PM","67917290024","2025 Dec 23 03:46:00 PM","ROOSEVELT/RAVENNA","REDACTED","ALL OTHER","U"
"2025-374653","2025 Dec 23 05:16:27 PM","67918465449","2025 Dec 23 03:46:00 PM","ROOSEVELT/RAVENNA","REDACTED","ALL OTHER","U"
"2025-374680","2025 Dec 23 04:37:18 PM","67917022591","2025 Dec 23 03:47:00 PM","ROOSEVELT/RAVENNA","2056","PROPERTY CRIME","U"
"2025-374685","2025 Dec 23 05:06:00 PM","67917211569","2025 Dec 23 04:00:00 PM","CAPITOL HILL","4204","PROPERTY CRIME","E"
"2025-923548","2025 Dec 30 07:25:09 AM","67983234975","2025 Dec 23 04:00:00 PM","NORTHGATE","7919","PROPERTY CRIME","N"
"2025-374674","2025 Dec 23 04:52:58 PM","67917112570","2025 Dec 23 04:05:00 PM","ROOSEVELT/RAVENNA","REDACTED","ALL OTHER","J"
"2025-374676","2025 Dec 23 08:58:38 PM","67918571143","2025 Dec 23 04:07:00 PM","FIRST HILL","6532","PROPERTY CRIME","G"
"2025-923491","2025 Dec 29 11:36:41 AM","67974669023","2025 Dec 23 04:15:00 PM","MADRONA/LESCHI","1446","ALL OTHER","G"
"2025-923494","2025 Dec 29 12:34:25 PM","67975194248","2025 Dec 23 04:55:00 PM","QUEEN ANNE","7691","PROPERTY CRIME","Q"
"2025-923639","2025 Dec 30 01:45:16 PM","67986687897","2025 Dec 23 05:00:00 PM","WALLINGFORD","2875","PROPERTY CRIME","B"
"2025-374723","2025 Dec 23 07:28:35 PM","67918055403","2025 Dec 23 05:00:00 PM","NORTHGATE","4588","VIOLENT CRIME","L"
"2025-374864","2025 Dec 23 10:21:54 PM","67919176260","2025 Dec 23 05:00:00 PM","SLU/CASCADE","8960","PROPERTY CRIME","Q"
"2026-900042","2026 Jan 02 10:56:37 AM","68019572097","2025 Dec 23 05:00:00 PM","ROOSEVELT/RAVENNA","2056","PROPERTY CRIME","U"
"2025-374761","2025 Dec 23 09:30:27 PM","67918896613","2025 Dec 23 05:19:00 PM","LAKECITY","REDACTED","ALL OTHER","L"
"2025-374776","2025 Dec 23 07:39:57 PM","67918199688","2025 Dec 23 05:30:00 PM","LAKECITY","259","ALL OTHER","L"
"2025-374774","2025 Dec 23 11:31:27 PM","67919491565","2025 Dec 23 05:50:00 PM","FREMONT","10284","PROPERTY CRIME","B"
"2025-375183","2025 Dec 24 11:08:37 AM","67923917730","2025 Dec 23 06:00:00 PM","QUEEN ANNE","3976","PROPERTY CRIME","Q"
"2026-003439","2026 Jan 04 05:29:08 PM","68048513919","2025 Dec 23 06:00:00 PM","FREMONT","2085","PROPERTY CRIME","B"
"2025-376670","2025 Dec 26 06:26:22 PM","67944431096","2025 Dec 23 06:00:00 PM","MAGNOLIA","8926","ALL OTHER","Q"
"2025-376513","2025 Dec 26 06:43:54 AM","67939748744","2025 Dec 23 06:00:00 PM","GEORGETOWN","1554","PROPERTY CRIME","O"
"2025-374788","2025 Dec 23 10:47:43 PM","67919934638","2025 Dec 23 06:24:00 PM","NORTHGATE","2055","ALL OTHER","L"
"2025-374824","2025 Dec 23 10:23:58 PM","67919080324","2025 Dec 23 06:45:00 PM","GREENWOOD","3102","PROPERTY CRIME","N"
"2025-374820","2025 Dec 23 07:48:43 PM","67918156963","2025 Dec 23 06:56:00 PM","BELLTOWN","REDACTED","ALL OTHER","D"
"2025-374820","2025 Dec 23 07:48:43 PM","67918482283","2025 Dec 23 06:56:00 PM","BELLTOWN","REDACTED","PROPERTY CRIME","D"
"2026-900187","2026 Jan 04 06:17:52 AM","68043848809","2025 Dec 23 07:00:00 PM","GREENWOOD","10089","PROPERTY CRIME","J"
"2026-900762","2026 Jan 11 08:42:51 AM","68132424213","2025 Dec 23 07:00:00 PM","BALLARD NORTH","1597","PROPERTY CRIME","J"
"2025-923488","2025 Dec 29 11:35:33 AM","67974657037","2025 Dec 23 07:00:00 PM","CAPITOL HILL","7705","PROPERTY CRIME","C"
"2025-374840","2025 Dec 23 08:48:19 PM","67918568300","2025 Dec 23 07:17:00 PM","ROOSEVELT/RAVENNA","2056","PROPERTY CRIME","U"
"2025-374840","2025 Dec 23 08:48:19 PM","67918924002","2025 Dec 23 07:17:00 PM","ROOSEVELT/RAVENNA","2056","ALL OTHER","U"
"2025-374839","2025 Dec 23 09:02:12 PM","67918604817","2025 Dec 23 07:17:00 PM","LAKECITY","6063","PROPERTY CRIME","L"
"2025-923217","2025 Dec 28 08:23:23 AM","67965498079","2025 Dec 23 07:43:00 PM","SANDPOINT","3020","ALL OTHER","U"
"2025-374860","2025 Dec 23 08:50:09 PM","67918748950","2025 Dec 23 07:47:00 PM","ROOSEVELT/RAVENNA","2056","ALL OTHER","U"
"2025-374860","2025 Dec 23 08:50:09 PM","67918568027","2025 Dec 23 07:47:00 PM","ROOSEVELT/RAVENNA","2056","PROPERTY CRIME","U"
"2025-374863","2025 Dec 24 05:49:52 AM","67921944719","2025 Dec 23 07:54:00 PM","BALLARD SOUTH","REDACTED","ALL OTHER","B"
"2025-374863","2025 Dec 24 05:49:52 AM","67921917446","2025 Dec 23 07:54:00 PM","BALLARD SOUTH","REDACTED","ALL OTHER","B"
"2025-375258","2025 Dec 24 12:08:20 PM","67924294204","2025 Dec 23 08:00:00 PM","QUEEN ANNE","7892","PROPERTY CRIME","Q"
"2025-375707","2025 Dec 24 09:43:23 PM","67927223568","2025 Dec 23 08:00:00 PM","LAKECITY","10714","PROPERTY CRIME","L"
"2025-374867","2025 Dec 23 10:47:20 PM","67919119092","2025 Dec 23 08:04:00 PM","BALLARD SOUTH","853","ALL OTHER","B"
"2025-374867","2025 Dec 23 10:47:20 PM","67919105226","2025 Dec 23 08:04:00 PM","BALLARD SOUTH","853","PROPERTY CRIME","B"
"2025-374867","2025 Dec 23 10:47:20 PM","67921031498","2025 Dec 23 08:04:00 PM","BALLARD SOUTH","853","ALL OTHER","B"
"2025-374875","2025 Dec 23 09:07:56 PM","67918597867","2025 Dec 23 08:07:00 PM","HIGHLAND PARK","520","ALL OTHER","F"
"2025-376064","2025 Dec 25 12:56:42 PM","67935735555","2025 Dec 23 08:25:00 PM","MID BEACON HILL","6563","PROPERTY CRIME","O"
"2026-900022","2026 Jan 02 07:32:11 AM","68017904627","2025 Dec 23 08:30:00 PM","EASTLAKE - WEST","2217","PROPERTY CRIME","D"
"2025-374885","2025 Dec 23 10:16:16 PM","67918921395","2025 Dec 23 08:38:00 PM","GEORGETOWN","2896","ALL OTHER","O"
"2025-374885","2025 Dec 23 10:16:16 PM","67918929630","2025 Dec 23 08:38:00 PM","GEORGETOWN","2896","ALL OTHER","O"
"2025-923486","2025 Dec 29 11:34:38 AM","67974647990","2025 Dec 23 09:00:00 PM","BELLTOWN","3447","PROPERTY CRIME","D"
"2025-374897","2025 Dec 23 10:43:27 PM","67919878581","2025 Dec 23 09:00:00 PM","CENTRAL AREA/SQUIRE PARK","REDACTED","ALL OTHER","C"
"2025-923476","2025 Dec 29 11:23:15 AM","67974533980","2025 Dec 23 09:00:00 PM","QUEEN ANNE","5445","PROPERTY CRIME","Q"
"2025-375172","2025 Dec 24 11:53:10 AM","67924202259","2025 Dec 23 09:00:00 PM","QUEEN ANNE","7185","PROPERTY CRIME","Q"
"2025-374896","2025 Dec 23 10:01:10 PM","68060503701","2025 Dec 23 09:11:00 PM","HIGH POINT","8483","ALL OTHER","F"
"2025-923479","2025 Dec 29 11:24:46 AM","67974546190","2025 Dec 23 09:30:00 PM","WALLINGFORD","2877","PROPERTY CRIME","B"
"2025-375387","2025 Dec 24 10:04:55 PM","67927939398","2025 Dec 23 09:30:00 PM","MAGNOLIA","6931","ALL OTHER","Q"
"2025-375387","2025 Dec 24 10:04:55 PM","67927908487","2025 Dec 23 09:30:00 PM","MAGNOLIA","6931","PROPERTY CRIME","Q"
"2025-923513","2025 Dec 29 01:43:41 PM","67975726131","2025 Dec 23 09:30:00 PM","MAGNOLIA","10880","PROPERTY CRIME","Q"
"2025-374960","2025 Dec 24 01:25:37 AM","67920912137","2025 Dec 23 10:00:00 PM","BALLARD SOUTH","5379","ALL OTHER","B"
"2025-923470","2025 Dec 29 09:56:00 AM","67973745923","2025 Dec 23 10:00:00 PM","QUEEN ANNE","5445","PROPERTY CRIME","Q"
"2025-375184","2025 Dec 24 11:35:41 AM","67924151250","2025 Dec 23 10:00:00 PM","SOUTH PARK","8440","PROPERTY CRIME","F"
"2025-375100","2025 Dec 24 07:42:50 AM","67922544761","2025 Dec 23 10:30:00 PM","NEW HOLLY","12363","PROPERTY CRIME","S"
"2025-923478","2025 Dec 29 11:24:25 AM","67974542698","2025 Dec 23 10:30:00 PM","FREMONT","7385","PROPERTY CRIME","B"
"2025-374949","2025 Dec 24 02:04:36 AM","67921038638","2025 Dec 23 10:33:00 PM","CHINATOWN/INTERNATIONAL DISTRICT","8145","ALL OTHER","K"
"2025-374956","2025 Dec 24 12:10:08 AM","67919882853","2025 Dec 23 10:49:00 PM","QUEEN ANNE","1607","PROPERTY CRIME","Q"
"2026-900126","2026 Jan 03 09:58:06 AM","68032969865","2025 Dec 23 11:00:00 PM","MAGNOLIA","4875","PROPERTY CRIME","Q"
"2026-900305","2026 Jan 05 07:48:27 AM","68057111088","2025 Dec 23 11:00:00 PM","BELLTOWN","3447","PROPERTY CRIME","D"
"2026-900457","2026 Jan 06 01:54:49 PM","68074738572","2025 Dec 23 11:00:00 PM","MAGNOLIA","3971","ALL OTHER","Q"
"2025-923483","2025 Dec 29 11:33:10 AM","67974633996","2025 Dec 23 11:00:00 PM","FREMONT","8636","ALL OTHER","B"
"2025-375497","2025 Dec 24 09:11:41 PM","67927091389","2025 Dec 23 11:00:00 PM","WALLINGFORD","8220","PROPERTY CRIME","B"
"2025-374965","2025 Dec 24 01:36:19 AM","67921085867","2025 Dec 23 11:12:00 PM","BITTERLAKE","3853","ALL OTHER","N"
"2025-374973","2025 Dec 24 03:21:08 AM","67921272808","2025 Dec 23 11:23:00 PM","WALLINGFORD","8222","PROPERTY CRIME","B"
"2025-374979","2025 Dec 24 02:06:29 AM","67921079970","2025 Dec 23 11:35:00 PM","SOUTH DELRIDGE","1483","VIOLENT CRIME","F"
"2025-374978","2025 Dec 24 12:51:57 AM","67920833602","2025 Dec 23 11:37:00 PM","CAPITOL HILL","6230","ALL OTHER","E"
"2025-923481","2025 Dec 29 11:25:29 AM","67974558340","2025 Dec 23 11:50:00 PM","CAPITOL HILL","10576","PROPERTY CRIME","E"
"2025-377454","2025 Dec 27 12:18:32 PM","67954610226","2025 Dec 24 12:00:00 AM","SOUTH PARK","2053","PROPERTY CRIME","F"
"2025-375080","2025 Dec 24 10:08:35 AM","67923548938","2025 Dec 24 12:00:00 AM","SODO","8015","ALL OTHER","O"
"2025-377663","2025 Dec 27 03:45:39 PM","67955881282","2025 Dec 24 12:00:00 AM","CAPITOL HILL","672","PROPERTY CRIME","E"
"2025-376702","2025 Dec 26 11:52:31 AM","67941655604","2025 Dec 24 12:00:00 AM","UNIVERSITY","12561","PROPERTY CRIME","U"
"2026-003131","2026 Jan 04 10:44:27 AM","68046316411","2025 Dec 24 12:00:00 AM","CAPITOL HILL","REDACTED","ALL OTHER","C"
"2025-376306","2025 Dec 25 11:16:24 PM","67938198719","2025 Dec 24 12:00:00 AM","LAKECITY","REDACTED","ALL OTHER","L"
"2025-375138","2025 Dec 24 09:00:27 AM","67923003036","2025 Dec 24 12:00:00 AM","FREMONT","2535","ALL OTHER","B"
"2026-007161","2026 Jan 08 01:17:35 PM","68103918044","2025 Dec 24 12:00:00 AM","NORTHGATE","2834","PROPERTY CRIME","N"
"2025-377663","2025 Dec 27 03:45:39 PM","67955897651","2025 Dec 24 12:00:00 AM","CAPITOL HILL","672","ALL OTHER","E"
"2026-005304","2026 Jan 06 04:28:01 PM","68076231666","2025 Dec 24 12:00:00 AM","SOUTH BEACON HILL","5550","PROPERTY CRIME","S"
"2026-004325","2026 Jan 05 04:17:03 PM","68061870902","2025 Dec 24 12:00:00 AM","NORTH ADMIRAL","2389","PROPERTY CRIME","W"
"2026-006273","2026 Jan 07 05:07:08 PM","68090596691","2025 Dec 24 12:00:00 AM","SLU/CASCADE","3930","ALL OTHER","D"
"2025-375139","2025 Dec 24 08:26:52 AM","67923307134","2025 Dec 24 12:00:00 AM","PHINNEY RIDGE","1133","PROPERTY CRIME","J"
"2025-378246","2025 Dec 28 09:24:57 AM","67965776513","2025 Dec 24 12:00:00 AM","SODO","6248","ALL OTHER","O"
"2025-923649","2025 Dec 30 01:51:45 PM","67986737969","2025 Dec 24 12:00:00 AM","ROOSEVELT/RAVENNA","2556","PROPERTY CRIME","U"
"2026-900023","2026 Jan 02 07:32:45 AM","68017909903","2025 Dec 24 12:00:00 AM","DOWNTOWN COMMERCIAL","2363","PROPERTY CRIME","M"
"2026-025099","2026 Jan 26 08:59:23 PM","68317053408","2025 Dec 24 12:00:00 AM","UNKNOWN","REDACTED","ALL OTHER","W"
"2025-923625","2025 Dec 30 01:39:20 PM","67986641688","2025 Dec 24 12:00:00 AM","DOWNTOWN COMMERCIAL","6611","PROPERTY CRIME","M"
"2025-376129","2025 Dec 25 09:41:29 PM","67937836037","2025 Dec 24 12:00:00 AM","SANDPOINT","4516","ALL OTHER","U"
"2025-374986","2025 Dec 24 02:21:59 AM","67921100440","2025 Dec 24 12:04:00 AM","FIRST HILL","1248","PROPERTY CRIME","G"
"2025-374986","2025 Dec 24 02:21:59 AM","67921106991","2025 Dec 24 12:04:00 AM","FIRST HILL","1248","PROPERTY CRIME","G"
"2025-374989","2025 Dec 24 12:50:57 AM","67920041348","2025 Dec 24 12:06:00 AM","MAGNOLIA","7973","PROPERTY CRIME","Q"
"2025-374992","2025 Dec 24 12:55:14 AM","67920518567","2025 Dec 24 12:17:00 AM","LAKECITY","7510","ALL OTHER","L"
"2026-900016","2026 Jan 02 07:28:10 AM","68017873123","2025 Dec 24 12:28:00 AM","PHINNEY RIDGE","7423","PROPERTY CRIME","J"
"2025-923474","2025 Dec 29 11:22:13 AM","67974524233","2025 Dec 24 01:00:00 AM","ROXHILL/WESTWOOD/ARBOR HEIGHTS","2092","PROPERTY CRIME","W"
"2025-923642","2025 Dec 30 01:49:18 PM","67986717898","2025 Dec 24 01:00:00 AM","BALLARD NORTH","6389","PROPERTY CRIME","J"
"2026-900106","2026 Jan 03 08:32:19 AM","68032523916","2025 Dec 24 01:00:00 AM","SANDPOINT","3022","PROPERTY CRIME","U"
"2025-923597","2025 Dec 30 09:35:45 AM","67984512444","2025 Dec 24 01:00:00 AM","COLUMBIA CITY","7835","PROPERTY CRIME","R"
"2025-375207","2025 Dec 24 05:14:31 PM","67926081206","2025 Dec 24 01:00:00 AM","FREMONT","12102","PROPERTY CRIME","B"
"2026-900133","2026 Jan 03 10:04:04 AM","68033002098","2025 Dec 24 01:00:00 AM","ALASKA JUNCTION","3084","PROPERTY CRIME","W"
"2025-375017","2025 Dec 24 01:54:20 AM","67921039203","2025 Dec 24 01:03:00 AM","SLU/CASCADE","2356","ALL OTHER","D"
"2025-923526","2025 Dec 29 01:51:59 PM","67975793717","2025 Dec 24 01:06:00 AM","BALLARD NORTH","11229","PROPERTY CRIME","J"
"2025-375026","2025 Dec 24 02:51:08 AM","67921186342","2025 Dec 24 01:21:00 AM","CAPITOL HILL","REDACTED","ALL OTHER","C"
"2025-375026","2025 Dec 24 02:51:08 AM","68060608675","2025 Dec 24 01:21:00 AM","CAPITOL HILL","REDACTED","ALL OTHER","C"
"2025-375028","2025 Dec 24 02:17:26 AM","67921097950","2025 Dec 24 01:29:00 AM","DOWNTOWN COMMERCIAL","REDACTED","VIOLENT CRIME","M"
"2025-375302","2025 Dec 24 01:52:46 PM","67924910301","2025 Dec 24 02:00:00 AM","WALLINGFORD","11149","PROPERTY CRIME","B"
"2025-375024","2025 Dec 24 03:09:23 AM","67921341244","2025 Dec 24 02:10:00 AM","FIRST HILL","10891","ALL OTHER","E"
"2025-375071","2025 Dec 24 06:03:29 AM","67921981758","2025 Dec 24 02:10:00 AM","QUEEN ANNE","8107","PROPERTY CRIME","Q"
"2025-375040","2025 Dec 24 04:14:50 AM","67921463273","2025 Dec 24 02:11:00 AM","CAPITOL HILL","6233","ALL OTHER","E"
"2026-900791","2026 Jan 11 10:08:36 AM","68132815681","2025 Dec 24 02:30:00 AM","BALLARD NORTH","10379","PROPERTY CRIME","J"
"2025-923523","2025 Dec 29 01:50:55 PM","67975784240","2025 Dec 24 03:00:00 AM","CAPITOL HILL","673","ALL OTHER","E"
"2025-375052","2025 Dec 24 04:56:04 AM","67921602326","2025 Dec 24 03:03:00 AM","SANDPOINT","REDACTED","ALL OTHER","U"
"2026-900135","2026 Jan 03 10:05:01 AM","68033007875","2025 Dec 24 03:30:00 AM","BITTERLAKE","12160","PROPERTY CRIME","N"
"2025-923580","2025 Dec 30 08:34:22 AM","67983833846","2025 Dec 24 03:45:00 AM","MAGNOLIA","7966","PROPERTY CRIME","Q"
"2025-375104","2025 Dec 24 07:41:54 AM","67922521054","2025 Dec 24 04:00:00 AM","LAKECITY","232","ALL OTHER","L"
"2025-923524","2025 Dec 29 01:51:16 PM","67975786525","2025 Dec 24 04:02:00 AM","MAGNOLIA","8367","PROPERTY CRIME","Q"
"2025-375070","2025 Dec 24 08:13:43 AM","67922786715","2025 Dec 24 04:25:00 AM","MAGNOLIA","7202","PROPERTY CRIME","Q"
"2025-923643","2025 Dec 30 01:49:37 PM","67986719951","2025 Dec 24 04:30:00 AM","SANDPOINT","10546","PROPERTY CRIME","U"
"2026-900951","2026 Jan 13 12:43:37 PM","68163400200","2025 Dec 24 04:39:00 AM","WALLINGFORD","11219","PROPERTY CRIME","J"
"2025-375315","2025 Dec 24 05:46:37 PM","67944234779","2025 Dec 24 05:00:00 AM","BITTERLAKE","8609","PROPERTY CRIME","N"
"2025-923484","2025 Dec 29 11:33:32 AM","67974637460","2025 Dec 24 05:00:00 AM","QUEEN ANNE","7687","PROPERTY CRIME","Q"
"2025-375315","2025 Dec 24 05:46:37 PM","67926195231","2025 Dec 24 05:00:00 AM","BITTERLAKE","8609","PROPERTY CRIME","N"
"2025-375077","2025 Dec 24 05:47:55 AM","67921887927","2025 Dec 24 05:01:00 AM","DOWNTOWN COMMERCIAL","6612","ALL OTHER","M"
"2025-375314","2025 Dec 24 07:02:07 PM","67926551749","2025 Dec 24 05:08:00 AM","QUEEN ANNE","10064","PROPERTY CRIME","Q"
"2026-901000","2026 Jan 13 01:49:46 PM","68164060102","2025 Dec 24 05:28:00 AM","UNIVERSITY","6718","ALL OTHER","U"
"2025-380409","2025 Dec 30 04:38:29 PM","67988118125","2025 Dec 24 06:00:00 AM","SLU/CASCADE","7123","PROPERTY CRIME","D"
"2025-380409","2025 Dec 30 04:38:29 PM","67991363161","2025 Dec 24 06:00:00 AM","SLU/CASCADE","7123","ALL OTHER","D"
"2025-923480","2025 Dec 29 11:25:08 AM","67974554812","2025 Dec 24 06:00:00 AM","MAGNOLIA","6702","PROPERTY CRIME","Q"
"2025-700624","2026 Jan 06 06:32:07 PM","68076998021","2025 Dec 24 06:01:00 AM","CENTRAL AREA/SQUIRE PARK","8210","PROPERTY CRIME","C"
"2025-375105","2025 Dec 24 07:49:54 AM","67922547842","2025 Dec 24 06:28:00 AM","QUEEN ANNE","1930","ALL OTHER","Q"
"2025-375210","2025 Dec 24 12:45:15 PM","67924511893","2025 Dec 24 06:30:00 AM","SANDPOINT","8642","PROPERTY CRIME","U"
"2025-375110","2025 Dec 24 01:01:16 PM","67924648616","2025 Dec 24 06:39:00 AM","ROOSEVELT/RAVENNA","2435","VIOLENT CRIME","J"
"2025-923477","2025 Dec 29 11:23:37 AM","67974536491","2025 Dec 24 07:00:00 AM","LAKECITY","13044","PROPERTY CRIME","L"
"2026-900704","2026 Jan 10 12:30:01 PM","68125956423","2025 Dec 24 07:00:00 AM","NEW HOLLY","2672","PROPERTY CRIME","S"
"2025-375120","2025 Dec 24 08:33:17 AM","67922821269","2025 Dec 24 07:03:00 AM","BELLTOWN","8956","PROPERTY CRIME","D"
"2025-375130","2025 Dec 24 08:51:59 AM","67922962875","2025 Dec 24 07:24:00 AM","PHINNEY RIDGE","1133","PROPERTY CRIME","J"
"2025-375301","2025 Dec 24 07:42:10 PM","67926738932","2025 Dec 24 07:30:00 AM","HIGHLAND PARK","REDACTED","ALL OTHER","F"
"2025-375560","2025 Dec 24 08:52:48 PM","67927042013","2025 Dec 24 07:30:00 AM","HIGH POINT","7331","PROPERTY CRIME","F"
"2025-375140","2025 Dec 24 09:00:35 AM","67923090883","2025 Dec 24 07:59:00 AM","BELLTOWN","2071","PROPERTY CRIME","D"
"2025-923545","2025 Dec 30 07:24:07 AM","67983224416","2025 Dec 24 08:00:00 AM","SLU/CASCADE","4776","PROPERTY CRIME","Q"
"2025-375421","2025 Dec 24 02:08:56 PM","67925047284","2025 Dec 24 08:03:00 AM","FIRST HILL","6336","PROPERTY CRIME","E"
"2026-900204","2026 Jan 04 07:15:59 AM","68045006171","2025 Dec 24 09:00:00 AM","NORTHGATE","4714","ALL OTHER","L"
"2025-380474","2025 Dec 30 01:15:35 PM","67986560455","2025 Dec 24 09:00:00 AM","BRIGHTON/DUNLAP","2965","PROPERTY CRIME","S"
"2025-375311","2025 Dec 24 07:21:21 PM","67926619455","2025 Dec 24 09:00:00 AM","PIONEER SQUARE","4074","PROPERTY CRIME","K"
"2025-923566","2025 Dec 30 08:05:13 AM","67983540616","2025 Dec 24 09:00:00 AM","PHINNEY RIDGE","394","PROPERTY CRIME","B"
"2026-900206","2026 Jan 04 07:16:53 AM","68045010395","2025 Dec 24 09:00:00 AM","NORTHGATE","4714","ALL OTHER","L"
"2025-376575","2025 Dec 26 10:15:57 AM","67941004268","2025 Dec 24 09:03:00 AM","CHINATOWN/INTERNATIONAL DISTRICT","3646","ALL OTHER","K"
"2025-375383","2025 Dec 24 06:31:30 PM","67926400544","2025 Dec 24 09:09:00 AM","PIONEER SQUARE","4074","PROPERTY CRIME","K"
"2025-375202","2025 Dec 24 09:57:37 AM","67923477474","2025 Dec 24 09:14:00 AM","HIGH POINT","REDACTED","ALL OTHER","F"
"2025-375202","2025 Dec 24 09:57:37 AM","67923488716","2025 Dec 24 09:14:00 AM","HIGH POINT","REDACTED","ALL OTHER","F"
"2025-375202","2025 Dec 24 09:57:37 AM","67923495992","2025 Dec 24 09:14:00 AM","HIGH POINT","REDACTED","ALL OTHER","F"
"2025-923541","2025 Dec 30 07:22:47 AM","67983212138","2025 Dec 24 09:15:00 AM","DOWNTOWN COMMERCIAL","3333","PROPERTY CRIME","K"
"2025-375159","2025 Dec 24 11:44:24 AM","67924314541","2025 Dec 24 09:18:00 AM","JUDKINS PARK/NORTH BEACON HILL","12328","ALL OTHER","G"
"2025-375159","2025 Dec 24 11:44:24 AM","67925700251","2025 Dec 24 09:18:00 AM","JUDKINS PARK/NORTH BEACON HILL","12328","ALL OTHER","G"
"2026-008982","2026 Jan 10 10:23:36 AM","68125319808","2025 Dec 24 09:55:00 AM","NORTHGATE","8134","ALL OTHER","L"
"2025-376033","2025 Dec 25 12:22:10 PM","67935555576","2025 Dec 24 10:00:00 AM","MADRONA/LESCHI","5166","VIOLENT CRIME","G"
"2025-375461","2025 Dec 24 02:39:15 PM","67925246486","2025 Dec 24 10:00:00 AM","GEORGETOWN","11067","PROPERTY CRIME","O"
"2026-900431","2026 Jan 06 07:55:27 AM","68070721525","2025 Dec 24 10:00:00 AM","WALLINGFORD","12499","PROPERTY CRIME","B"
"2025-375241","2025 Dec 24 10:51:57 AM","67923815121","2025 Dec 24 10:01:00 AM","BELLTOWN","2071","ALL OTHER","D"
"2025-923490","2025 Dec 29 11:36:15 AM","67974664372","2025 Dec 24 10:14:00 AM","BALLARD SOUTH","6056","ALL OTHER","B"
"2026-900548","2026 Jan 09 08:11:59 AM","68111404379","2025 Dec 24 10:45:00 AM","DOWNTOWN COMMERCIAL","12790","PROPERTY CRIME","M"
"2025-377494","2025 Dec 27 01:55:12 PM","67955185594","2025 Dec 24 10:52:00 AM","FREMONT","6392","PROPERTY CRIME","B"
"2025-376056","2025 Dec 25 12:45:00 PM","67935712470","2025 Dec 24 11:00:00 AM","RAINIER BEACH","3955","PROPERTY CRIME","S"
"2025-375178","2025 Dec 24 06:50:38 PM","67926474727","2025 Dec 24 11:00:00 AM","CENTRAL AREA/SQUIRE PARK","REDACTED","ALL OTHER","G"
"2025-376751","2025 Dec 26 12:41:09 PM","67941992705","2025 Dec 24 11:00:00 AM","MAGNOLIA","789","PROPERTY CRIME","Q"
"2025-375316","2026 Jan 11 05:07:31 PM","68135089733","2025 Dec 24 11:22:00 AM","NORTH BEACON HILL","10010","ALL OTHER","R"
"2025-923497","2025 Dec 29 12:35:31 PM","67975206366","2025 Dec 24 11:24:00 AM","UNIVERSITY","10191","PROPERTY CRIME","U"
"2025-923499","2025 Dec 29 12:36:12 PM","67975214227","2025 Dec 24 11:25:00 AM","UNIVERSITY","10191","PROPERTY CRIME","U"
"2025-923589","2025 Dec 30 09:32:03 AM","67984484228","2025 Dec 24 11:33:00 AM","NEW HOLLY","1629","PROPERTY CRIME","S"
"2025-375334","2025 Dec 24 12:44:24 PM","67924527478","2025 Dec 24 11:49:00 AM","NORTH BEACON HILL","10159","ALL OTHER","R"
"2026-900460","2026 Jan 06 01:57:25 PM","68074761338","2025 Dec 24 12:00:00 PM","CAPITOL HILL","664","PROPERTY CRIME","E"
"2026-900127","2026 Jan 03 09:58:31 AM","68032971875","2025 Dec 24 12:00:00 PM","ALASKA JUNCTION","3084","ALL OTHER","W"
"2025-923506","2025 Dec 29 12:53:13 PM","67975355691","2025 Dec 24 12:00:00 PM","QUEEN ANNE","7185","PROPERTY CRIME","Q"
"2025-923493","2025 Dec 29 12:33:55 PM","67975190027","2025 Dec 24 12:01:00 PM","ALASKA JUNCTION","454","PROPERTY CRIME","W"
"2025-923503","2025 Dec 29 12:51:54 PM","67975344418","2025 Dec 24 12:03:00 PM","QUEEN ANNE","7185","PROPERTY CRIME","Q"
"2025-375209","2025 Dec 24 12:17:20 PM","67924445857","2025 Dec 24 12:09:00 PM","NORTHGATE","600","VIOLENT CRIME","L"
"2025-375209","2025 Dec 24 12:17:20 PM","67924709075","2025 Dec 24 12:09:00 PM","NORTHGATE","600","ALL OTHER","L"
"2026-900211","2026 Jan 04 07:18:40 AM","68045018463","2025 Dec 24 12:15:00 PM","QUEEN ANNE","7185","PROPERTY CRIME","Q"
"2025-375393","2025 Dec 24 03:25:12 PM","67925649162","2025 Dec 24 12:30:00 PM","NORTH BEACON HILL","REDACTED","ALL OTHER","R"
"2025-375393","2025 Dec 24 03:25:12 PM","67936876216","2025 Dec 24 12:30:00 PM","DOWNTOWN COMMERCIAL","REDACTED","ALL OTHER","M"
"2025-375393","2025 Dec 24 03:25:12 PM","67936631217","2025 Dec 24 12:30:00 PM","DOWNTOWN COMMERCIAL","REDACTED","VIOLENT CRIME","M"
"2025-375379","2025 Dec 24 03:26:55 PM","67925510653","2025 Dec 24 12:41:00 PM","PIONEER SQUARE","12798","VIOLENT CRIME","K"
"2025-923531","2025 Dec 30 07:17:43 AM","67983175094","2025 Dec 24 01:00:00 PM","CAPITOL HILL","3396","PROPERTY CRIME","E"
"2025-375417","2025 Dec 24 02:48:53 PM","67925266415","2025 Dec 24 01:25:00 PM","SLU/CASCADE","5971","PROPERTY CRIME","D"
"2025-376323","2025 Dec 26 12:21:16 AM","67938444431","2025 Dec 24 01:30:00 PM","FIRST HILL","12792","PROPERTY CRIME","E"
"2025-923507","2025 Dec 29 12:53:35 PM","67975357958","2025 Dec 24 02:00:00 PM","PIGEON POINT","8161","ALL OTHER","F"
"2025-375446","2025 Dec 24 07:10:58 PM","67927048605","2025 Dec 24 02:05:00 PM","DOWNTOWN COMMERCIAL","REDACTED","ALL OTHER","K"
"2025-375440","2025 Dec 24 08:55:00 PM","67927020690","2025 Dec 24 02:05:00 PM","GEORGETOWN","REDACTED","ALL OTHER","O"
"2025-375440","2025 Dec 24 08:55:00 PM","67927039621","2025 Dec 24 02:05:00 PM","GEORGETOWN","REDACTED","ALL OTHER","O"
"2026-900112","2026 Jan 03 08:39:06 AM","68032558404","2025 Dec 24 02:16:00 PM","ROOSEVELT/RAVENNA","1916","PROPERTY CRIME","L"
"2026-900542","2026 Jan 09 08:07:55 AM","68111375328","2025 Dec 24 03:00:00 PM","QUEEN ANNE","5202","PROPERTY CRIME","D"
"2025-923519","2025 Dec 29 01:49:32 PM","67975771330","2025 Dec 24 03:00:00 PM","ROOSEVELT/RAVENNA","11238","PROPERTY CRIME","J"
"2025-375528","2025 Dec 24 08:03:19 PM","67926803701","2025 Dec 24 03:00:00 PM","SLU/CASCADE","REDACTED","ALL OTHER","Q"
"2025-375683","2025 Dec 24 09:48:30 PM","67927256647","2025 Dec 24 03:15:00 PM","ALASKA JUNCTION","7658","ALL OTHER","W"
"2025-376847","2025 Dec 26 05:24:17 PM","68060989298","2025 Dec 24 03:15:00 PM","SLU/CASCADE","REDACTED","ALL OTHER","M"
"2025-376847","2025 Dec 26 05:24:17 PM","67943988517","2025 Dec 24 03:15:00 PM","SLU/CASCADE","REDACTED","ALL OTHER","M"
"2026-900012","2026 Jan 02 06:36:31 AM","68016617059","2025 Dec 24 03:20:00 PM","MAGNOLIA","6693","PROPERTY CRIME","Q"
"2025-923516","2025 Dec 29 01:48:24 PM","67975760552","2025 Dec 24 03:35:00 PM","PIONEER SQUARE","885","PROPERTY CRIME","K"
"2025-923661","2025 Dec 30 01:56:03 PM","67986773312","2025 Dec 24 03:57:00 PM","DOWNTOWN COMMERCIAL","2363","ALL OTHER","M"
"2025-376251","2025 Dec 25 08:29:18 PM","67937672076","2025 Dec 24 04:00:00 PM","ALASKA JUNCTION","11240","PROPERTY CRIME","W"
"2025-375581","2025 Dec 24 08:09:08 PM","67926871866","2025 Dec 24 04:00:00 PM","SLU/CASCADE","4495","PROPERTY CRIME","Q"
"2026-900583","2026 Jan 09 11:53:57 AM","68113104257","2025 Dec 24 04:00:00 PM","SLU/CASCADE","6016","PROPERTY CRIME","D"
"2025-923512","2025 Dec 29 01:42:34 PM","67975717388","2025 Dec 24 04:00:00 PM","SLU/CASCADE","8960","PROPERTY CRIME","Q"
"2025-375524","2025 Dec 24 08:37:12 PM","67926939114","2025 Dec 24 04:00:00 PM","ROOSEVELT/RAVENNA","REDACTED","ALL OTHER","J"
"2026-900894","2026 Jan 13 07:35:05 AM","68160598649","2025 Dec 24 04:00:00 PM","BALLARD SOUTH","8097","PROPERTY CRIME","B"
"2025-375521","2025 Dec 24 08:26:30 PM","67926905406","2025 Dec 24 04:21:00 PM","BALLARD SOUTH","REDACTED","ALL OTHER","B"
"2025-375521","2025 Dec 24 08:26:30 PM","67927110372","2025 Dec 24 04:21:00 PM","BALLARD SOUTH","REDACTED","ALL OTHER","B"
"2025-923520","2025 Dec 29 01:49:50 PM","67975775849","2025 Dec 24 04:30:00 PM","QUEEN ANNE","1930","PROPERTY CRIME","Q"
"2025-375534","2025 Dec 24 07:35:28 PM","67926673150","2025 Dec 24 04:38:00 PM","UNIVERSITY","742","ALL OTHER","U"
"2025-375534","2025 Dec 24 07:35:28 PM","67926682232","2025 Dec 24 04:38:00 PM","UNIVERSITY","742","ALL OTHER","U"
"2026-900158","2026 Jan 03 11:23:12 AM","68033507896","2025 Dec 24 04:50:00 PM","CLAREMONT/RAINIER VISTA","5615","ALL OTHER","R"
"2026-900116","2026 Jan 03 09:36:14 AM","68032862020","2025 Dec 24 05:00:00 PM","MOUNT BAKER","7907","ALL OTHER","R"
"2025-376150","2025 Dec 25 05:40:44 PM","67936845779","2025 Dec 24 05:00:00 PM","UNKNOWN","REDACTED","ALL OTHER","99"
"2025-375548","2025 Dec 24 05:08:01 PM","67925991604","2025 Dec 24 05:03:00 PM","ROXHILL/WESTWOOD/ARBOR HEIGHTS","10484","PROPERTY CRIME","F"
"2025-375549","2025 Dec 24 07:33:15 PM","67926662361","2025 Dec 24 05:07:00 PM","CHINATOWN/INTERNATIONAL DISTRICT","1947","ALL OTHER","K"
"2025-375551","2025 Dec 24 06:58:39 PM","67926578714","2025 Dec 24 05:07:00 PM","DOWNTOWN COMMERCIAL","REDACTED","ALL OTHER","K"
"2025-375551","2025 Dec 24 06:58:39 PM","67926532544","2025 Dec 24 05:07:00 PM","DOWNTOWN COMMERCIAL","REDACTED","ALL OTHER","K"
"2025-375549","2025 Dec 24 07:33:15 PM","67944561369","2025 Dec 24 05:07:00 PM","CHINATOWN/INTERNATIONAL DISTRICT","1947","ALL OTHER","K"
"2025-375555","2025 Dec 24 06:34:02 PM","67926727645","2025 Dec 24 05:10:00 PM","CHINATOWN/INTERNATIONAL DISTRICT","1947","ALL OTHER","K"
"2025-375555","2025 Dec 24 06:34:02 PM","67926420718","2025 Dec 24 05:10:00 PM","CHINATOWN/INTERNATIONAL DISTRICT","1947","ALL OTHER","K"
"2025-923521","2025 Dec 29 01:50:09 PM","67975777702","2025 Dec 24 05:15:00 PM","QUEEN ANNE","1930","PROPERTY CRIME","Q"
"2025-375860","2025 Dec 25 03:50:54 AM","67931018285","2025 Dec 24 05:30:00 PM","JUDKINS PARK/NORTH BEACON HILL","1948","PROPERTY CRIME","G"
"2026-900874","2026 Jan 12 08:57:23 AM","68142991451","2025 Dec 24 05:59:00 PM","GREENWOOD","705","PROPERTY CRIME","J"
"2025-923547","2025 Dec 30 07:24:47 AM","67983231422","2025 Dec 24 06:00:00 PM","QUEEN ANNE","1321","PROPERTY CRIME","D"
"2025-376635","2025 Dec 26 03:44:40 PM","67943350621","2025 Dec 24 06:00:00 PM","GREENWOOD","2190","ALL OTHER","J"
"2025-923518","2025 Dec 29 01:49:15 PM","67975767963","2025 Dec 24 06:00:00 PM","QUEEN ANNE","10926","PROPERTY CRIME","Q"
"2025-923546","2025 Dec 30 07:24:26 AM","67983227908","2025 Dec 24 06:21:00 PM","UNKNOWN","99","ALL OTHER","99"
"2025-375599","2025 Dec 24 07:37:48 PM","67926696220","2025 Dec 24 06:30:00 PM","ALASKA JUNCTION","463","PROPERTY CRIME","W"
"2025-376269","2025 Dec 25 09:36:23 PM","67937832855","2025 Dec 24 06:30:00 PM","UNIVERSITY","10188","PROPERTY CRIME","U"
"2026-900115","2026 Jan 03 09:35:44 AM","68032860132","2025 Dec 24 06:33:00 PM","CHINATOWN/INTERNATIONAL DISTRICT","6407","ALL OTHER","K"
"2025-375604","2025 Dec 24 07:54:17 PM","67926796370","2025 Dec 24 06:45:00 PM","CAPITOL HILL","REDACTED","ALL OTHER","E"
"2025-923527","2025 Dec 29 01:52:18 PM","67975795941","2025 Dec 24 06:50:00 PM","SLU/CASCADE","2937","PROPERTY CRIME","M"
"2026-900162","2026 Jan 03 12:47:48 PM","68034064573","2025 Dec 24 07:00:00 PM","ROOSEVELT/RAVENNA","8855","PROPERTY CRIME","J"
"2025-375744","2025 Dec 24 11:18:26 PM","67927853600","2025 Dec 24 07:00:00 PM","UNIVERSITY","1001","PROPERTY CRIME","U"
"2026-900322","2026 Jan 05 08:33:36 AM","68057492729","2025 Dec 24 07:00:00 PM","HILLMAN CITY","7840","ALL OTHER","R"
"2025-923630","2025 Dec 30 01:41:36 PM","67986659361","2025 Dec 24 07:50:00 PM","BELLTOWN","10196","PROPERTY CRIME","D"
"2025-923539","2025 Dec 30 07:21:55 AM","67983205667","2025 Dec 24 08:00:00 PM","SLU/CASCADE","2509","ALL OTHER","D"
"2025-923534","2025 Dec 30 07:18:58 AM","67983184633","2025 Dec 24 08:00:00 PM","FREMONT","7359","PROPERTY CRIME","B"
"2026-900208","2026 Jan 04 07:17:38 AM","68045013634","2025 Dec 24 08:00:00 PM","FIRST HILL","4043","PROPERTY CRIME","G"
"2025-375657","2025 Dec 24 09:11:00 PM","67927136959","2025 Dec 24 08:07:00 PM","BITTERLAKE","8602","ALL OTHER","N"
"2025-375657","2025 Dec 24 09:11:00 PM","67931900598","2025 Dec 24 08:07:00 PM","BITTERLAKE","8602","ALL OTHER","N"
"2025-375657","2025 Dec 24 09:11:00 PM","67927126684","2025 Dec 24 08:07:00 PM","BITTERLAKE","8602","VIOLENT CRIME","N"
"2025-375662","2025 Dec 24 10:25:51 PM","67927383213","2025 Dec 24 08:11:00 PM","DOWNTOWN COMMERCIAL","12790","ALL OTHER","M"
"2025-375662","2025 Dec 24 10:25:51 PM","68060621335","2025 Dec 24 08:11:00 PM","DOWNTOWN COMMERCIAL","12790","ALL OTHER","M"
"2025-375499","2025 Dec 24 09:11:24 PM","67927080728","2025 Dec 24 08:13:00 PM","GEORGETOWN","4051","ALL OTHER","O"
"2026-015026","2026 Jan 16 11:51:15 AM","68202252710","2025 Dec 24 08:14:00 PM","BRIGHTON/DUNLAP","346","PROPERTY CRIME","S"
"2025-376591","2025 Dec 26 10:14:15 AM","67940999988","2025 Dec 24 08:20:00 PM","CAPITOL HILL","10878","PROPERTY CRIME","E"
"2025-375664","2025 Dec 25 12:42:37 AM","67933388848","2025 Dec 24 08:24:00 PM","CHINATOWN/INTERNATIONAL DISTRICT","REDACTED","ALL OTHER","K"
"2025-923542","2025 Dec 30 07:23:07 AM","67983213991","2025 Dec 24 08:30:00 PM","CAPITOL HILL","10252","PROPERTY CRIME","C"
"2025-923614","2025 Dec 30 10:45:05 AM","67985170003","2025 Dec 24 08:30:00 PM","SLU/CASCADE","3696","PROPERTY CRIME","D"
"2025-375721","2025 Dec 25 06:35:11 AM","68060914841","2025 Dec 24 08:30:00 PM","NORTH BEACON HILL","3652","ALL OTHER","R"
"2025-923544","2025 Dec 30 07:23:46 AM","67983222935","2025 Dec 24 08:30:00 PM","NORTHGATE","11447","PROPERTY CRIME","L"
"2025-374892","2025 Dec 25 12:59:53 AM","67928996983","2025 Dec 24 08:50:00 PM","CAPITOL HILL","640","ALL OTHER","C"
"2025-375697","2025 Dec 25 12:47:02 AM","67928426680","2025 Dec 24 09:15:00 PM","CAPITOL HILL","3523","VIOLENT CRIME","E"
"2025-375696","2025 Dec 25 02:41:12 AM","67930913847","2025 Dec 24 09:16:00 PM","QUEEN ANNE","6044","ALL OTHER","Q"
"2025-375696","2025 Dec 25 02:41:12 AM","67930894916","2025 Dec 24 09:16:00 PM","QUEEN ANNE","6044","ALL OTHER","Q"
"2025-375696","2025 Dec 25 02:41:12 AM","67930907846","2025 Dec 24 09:16:00 PM","QUEEN ANNE","6044","ALL OTHER","Q"
"2025-923528","2025 Dec 29 01:53:45 PM","67975806187","2025 Dec 24 09:30:00 PM","DOWNTOWN COMMERCIAL","470","PROPERTY CRIME","M"
"2025-375708","2025 Dec 24 10:56:40 PM","67927541020","2025 Dec 24 09:30:00 PM","NORTHGATE","859","ALL OTHER","N"
"2025-923540","2025 Dec 30 07:22:28 AM","67983210079","2025 Dec 24 09:30:00 PM","QUEEN ANNE","1612","PROPERTY CRIME","Q"
"2025-375952","2025 Dec 25 08:32:28 AM","67934767283","2025 Dec 24 09:45:00 PM","SLU/CASCADE","3163","PROPERTY CRIME","D"
"2025-375718","2025 Dec 25 02:43:57 AM","67929562438","2025 Dec 24 09:46:00 PM","SLU/CASCADE","3929","ALL OTHER","D"
"2025-375718","2025 Dec 25 02:43:57 AM","67929574447","2025 Dec 24 09:46:00 PM","SLU/CASCADE","3929","ALL OTHER","D"
"2025-375720","2025 Dec 25 04:09:29 AM","67931725419","2025 Dec 24 09:50:00 PM","CAPITOL HILL","3523","ALL OTHER","E"
"2025-375720","2025 Dec 25 04:09:29 AM","67931076767","2025 Dec 24 09:50:00 PM","CAPITOL HILL","3523","ALL OTHER","E"
"2025-923581","2025 Dec 30 09:25:49 AM","67984435140","2025 Dec 24 10:00:00 PM","PHINNEY RIDGE","1418","PROPERTY CRIME","B"
"2026-900599","2026 Jan 09 12:45:18 PM","68113502436","2025 Dec 24 10:10:00 PM","JUDKINS PARK/NORTH BEACON HILL","8577","PROPERTY CRIME","G"
"2025-375733","2025 Dec 24 11:55:28 PM","67928229283","2025 Dec 24 10:19:00 PM","BELLTOWN","1892","ALL OTHER","D"
"2025-375733","2025 Dec 24 11:55:28 PM","68060929521","2025 Dec 24 10:19:00 PM","BELLTOWN","1892","ALL OTHER","D"
"2025-375735","2025 Dec 24 11:13:31 PM","67927857472","2025 Dec 24 10:21:00 PM","BITTERLAKE","REDACTED","ALL OTHER","N"
"2025-375735","2025 Dec 24 11:13:31 PM","67929457923","2025 Dec 24 10:21:00 PM","BITTERLAKE","REDACTED","ALL OTHER","N"
"2025-375735","2025 Dec 24 11:13:31 PM","67929556420","2025 Dec 24 10:25:00 PM","GREENWOOD","REDACTED","ALL OTHER","N"
"2025-923533","2025 Dec 30 07:18:32 AM","67983181299","2025 Dec 24 11:00:00 PM","ALASKA JUNCTION","7003","PROPERTY CRIME","W"
"2025-376078","2025 Dec 25 01:44:27 PM","67935931982","2025 Dec 24 11:00:00 PM","BALLARD SOUTH","1783","PROPERTY CRIME","B"
"2025-376043","2025 Dec 25 11:57:23 AM","67935532579","2025 Dec 24 11:00:00 PM","QUEEN ANNE","2223","PROPERTY CRIME","Q"
"2025-376605","2025 Dec 26 10:00:22 AM","67940881050","2025 Dec 24 11:00:00 PM","NORTH DELRIDGE","515","PROPERTY CRIME","F"
"2025-923550","2025 Dec 30 07:26:25 AM","67983245962","2025 Dec 24 11:00:00 PM","SLU/CASCADE","8491","ALL OTHER","D"
"2025-376145","2025 Dec 25 10:50:48 PM","67938102728","2025 Dec 24 11:00:00 PM","BITTERLAKE","REDACTED","ALL OTHER","N"
"2025-376039","2025 Dec 25 12:00:35 PM","67935496784","2025 Dec 24 11:00:00 PM","ROOSEVELT/RAVENNA","10980","ALL OTHER","L"
"2025-375999","2025 Dec 25 10:42:29 AM","67935189449","2025 Dec 24 11:15:00 PM","SANDPOINT","1221","PROPERTY CRIME","U"
"2025-375759","2025 Dec 25 12:13:36 AM","67928304647","2025 Dec 24 11:17:00 PM","BALLARD NORTH","11312","PROPERTY CRIME","J"
"2025-375759","2025 Dec 25 12:13:36 AM","67928395067","2025 Dec 24 11:17:00 PM","BALLARD NORTH","11312","ALL OTHER","J"
"2025-375763","2025 Dec 25 12:26:20 AM","67928401964","2025 Dec 24 11:20:00 PM","JUDKINS PARK/NORTH BEACON HILL","REDACTED","ALL OTHER","G"
"2025-375764","2025 Dec 25 02:13:29 AM","67929463989","2025 Dec 24 11:20:00 PM","NORTH BEACON HILL","2166","ALL OTHER","R"
"2025-375763","2025 Dec 25 12:26:20 AM","67928410599","2025 Dec 24 11:20:00 PM","JUDKINS PARK/NORTH BEACON HILL","REDACTED","VIOLENT CRIME","G"
"2025-375780","2025 Dec 25 03:46:55 AM","67930934067","2025 Dec 24 11:54:00 PM","ROOSEVELT/RAVENNA","REDACTED","ALL OTHER","U"
"2025-375780","2025 Dec 25 03:46:55 AM","67931021021","2025 Dec 24 11:54:00 PM","ROOSEVELT/RAVENNA","REDACTED","ALL OTHER","U"
"2025-375782","2025 Dec 25 01:42:10 AM","67929457619","2025 Dec 24 11:57:00 PM","SLU/CASCADE","1010","VIOLENT CRIME","D"
"2026-900827","2026 Jan 11 12:04:07 PM","68133430302","2025 Dec 25 12:00:00 AM","SOUTH DELRIDGE","5319","ALL OTHER","F"
"2026-005387","2026 Jan 06 06:14:01 PM","68076950864","2025 Dec 25 12:00:00 AM","UNIVERSITY","1972","PROPERTY CRIME","U"
"2025-378996","2025 Dec 29 08:04:11 AM","67972819329","2025 Dec 25 12:00:00 AM","BALLARD SOUTH","3346","PROPERTY CRIME","B"
"2025-923585","2025 Dec 30 09:30:19 AM","67984468535","2025 Dec 25 12:00:00 AM","SANDPOINT","602","PROPERTY CRIME","U"
"2025-376942","2025 Dec 26 05:09:31 PM","67943960350","2025 Dec 25 12:00:00 AM","NORTHGATE","4588","PROPERTY CRIME","L"
"2025-375758","2025 Dec 25 02:54:21 AM","67938336514","2025 Dec 25 12:00:00 AM","MAGNOLIA","REDACTED","ALL OTHER","Q"
"2025-376554","2025 Dec 26 02:16:34 PM","67942717542","2025 Dec 25 12:00:00 AM","NORTHGATE","8990","ALL OTHER","N"
"2026-005109","2026 Jan 06 01:02:11 PM","68074348819","2025 Dec 25 12:00:00 AM","UNIVERSITY","3510","PROPERTY CRIME","U"
"2025-376020","2025 Dec 26 02:05:36 AM","67938743838","2025 Dec 25 12:00:00 AM","QUEEN ANNE","8948","ALL OTHER","Q"
"2026-007006","2026 Jan 08 12:54:48 PM","68105197417","2025 Dec 25 12:00:00 AM","MOUNT BAKER","REDACTED","ALL OTHER","R"
"2026-900095","2026 Jan 03 08:11:28 AM","68032416752","2025 Dec 25 12:00:00 AM","BALLARD SOUTH","4174","PROPERTY CRIME","B"
"2025-375758","2025 Dec 25 02:54:21 AM","67929580170","2025 Dec 25 12:00:00 AM","MAGNOLIA","REDACTED","ALL OTHER","Q"
"2025-380246","2025 Dec 30 09:41:25 AM","67984579363","2025 Dec 25 12:00:00 AM","CHINATOWN/INTERNATIONAL DISTRICT","7712","PROPERTY CRIME","K"
"2026-010976","2026 Jan 12 01:42:09 PM","68151494498","2025 Dec 25 12:00:00 AM","RAINIER VIEW","11054","PROPERTY CRIME","S"
"2025-377843","2025 Dec 28 07:29:01 AM","67965307530","2025 Dec 25 12:00:00 AM","BALLARD SOUTH","12465","ALL OTHER","B"
"2025-379652","2025 Dec 29 06:17:48 PM","67977605362","2025 Dec 25 12:00:00 AM","BALLARD SOUTH","6454","PROPERTY CRIME","B"
"2025-375801","2025 Dec 25 02:32:02 AM","67929507779","2025 Dec 25 12:20:00 AM","DOWNTOWN COMMERCIAL","7090","PROPERTY CRIME","M"
"2025-375800","2025 Dec 25 03:47:16 AM","67931024810","2025 Dec 25 12:29:00 AM","SOUTH PARK","6262","ALL OTHER","F"
"2025-923530","2025 Dec 30 06:01:35 AM","67982431680","2025 Dec 25 12:30:00 AM","DOWNTOWN COMMERCIAL","3167","ALL OTHER","K"
"2025-923645","2025 Dec 30 01:50:23 PM","67986725090","2025 Dec 25 12:30:00 AM","UNKNOWN","99","PROPERTY CRIME","99"
"2025-923578","2025 Dec 30 08:33:27 AM","67983823751","2025 Dec 25 12:30:00 AM","QUEEN ANNE","4703","PROPERTY CRIME","Q"
"2025-375798","2025 Dec 25 01:33:14 AM","67929332374","2025 Dec 25 12:37:00 AM","UNIVERSITY","4740","ALL OTHER","U"
"2025-923537","2025 Dec 30 07:21:14 AM","67983199933","2025 Dec 25 12:47:00 AM","BITTERLAKE","3320","PROPERTY CRIME","N"
"2025-375754","2025 Dec 25 01:45:00 AM","67929449460","2025 Dec 25 12:47:00 AM","BELLTOWN","5142","ALL OTHER","D"
"2025-375807","2025 Dec 25 04:50:24 AM","67931783400","2025 Dec 25 12:55:00 AM","CAPITOL HILL","6230","ALL OTHER","E"
"2025-923603","2025 Dec 30 10:40:36 AM","67985126968","2025 Dec 25 01:00:00 AM","CAPITOL HILL","3389","PROPERTY CRIME","E"
"2025-923575","2025 Dec 30 08:31:21 AM","67983799841","2025 Dec 25 01:00:00 AM","MILLER PARK","4331","ALL OTHER","C"
"2025-375997","2025 Dec 25 11:20:48 AM","67935343243","2025 Dec 25 01:00:00 AM","PIONEER SQUARE","12275","PROPERTY CRIME","K"
"2025-376534","2025 Dec 26 07:16:17 AM","67939905951","2025 Dec 25 01:00:00 AM","QUEEN ANNE","5006","PROPERTY CRIME","Q"
"2025-375825","2025 Dec 25 02:48:41 AM","67929556448","2025 Dec 25 01:28:00 AM","MOUNT BAKER","812","ALL OTHER","R"
"2025-376031","2025 Dec 25 11:40:41 AM","67935444023","2025 Dec 25 01:30:00 AM","PIONEER SQUARE","3172","PROPERTY CRIME","K"
"2025-375967","2025 Dec 25 09:33:49 AM","67934970697","2025 Dec 25 01:30:00 AM","ROOSEVELT/RAVENNA","5032","PROPERTY CRIME","U"
"2025-923543","2025 Dec 30 07:23:28 AM","67983215915","2025 Dec 25 02:00:00 AM","QUEEN ANNE","7177","PROPERTY CRIME","Q"
"2025-375947","2025 Dec 25 04:25:15 PM","67936559047","2025 Dec 25 02:00:00 AM","SLU/CASCADE","2463","ALL OTHER","D"
"2025-376899","2025 Dec 27 12:29:02 AM","67946814747","2025 Dec 25 02:00:00 AM","CENTRAL AREA/SQUIRE PARK","4408","ALL OTHER","C"
"2025-923592","2025 Dec 30 09:33:32 AM","67984494739","2025 Dec 25 02:16:00 AM","SODO","8430","PROPERTY CRIME","O"
"2025-923582","2025 Dec 30 09:27:48 AM","67984451332","2025 Dec 25 02:37:00 AM","QUEEN ANNE","3889","PROPERTY CRIME","Q"
"2025-375930","2025 Dec 25 07:39:53 AM","67934585780","2025 Dec 25 03:00:00 AM","QUEEN ANNE","6716","PROPERTY CRIME","Q"
"2025-376405","2025 Dec 26 01:02:43 AM","67938548543","2025 Dec 25 03:00:00 AM","FIRST HILL","REDACTED","ALL OTHER","E"
"2025-375884","2025 Dec 25 07:25:58 AM","67935738821","2025 Dec 25 03:05:00 AM","LAKEWOOD/SEWARD PARK","2972","PROPERTY CRIME","R"
"2026-900119","2026 Jan 03 09:37:44 AM","68032870181","2025 Dec 25 03:10:00 AM","FREMONT","10232","PROPERTY CRIME","B"
"2025-375901","2025 Dec 25 08:17:14 AM","67934683847","2025 Dec 25 03:30:00 AM","NORTHGATE","11341","PROPERTY CRIME","N"
"2026-900079","2026 Jan 03 05:56:54 AM","68030221519","2025 Dec 25 03:44:00 AM","ROOSEVELT/RAVENNA","2848","PROPERTY CRIME","J"
"2025-375888","2025 Dec 25 08:19:06 AM","67934700507","2025 Dec 25 03:46:00 AM","ALASKA JUNCTION","201","PROPERTY CRIME","W"
"2025-375880","2025 Dec 25 05:28:15 AM","67933416674","2025 Dec 25 03:52:00 AM","BELLTOWN","8199","ALL OTHER","D"
"2025-379014","2025 Dec 29 08:34:49 AM","67973072095","2025 Dec 25 04:00:00 AM","FAUNTLEROY SW","10","PROPERTY CRIME","W"
"2025-376753","2025 Dec 26 01:00:43 PM","67942276391","2025 Dec 25 04:00:00 AM","ROXHILL/WESTWOOD/ARBOR HEIGHTS","10653","PROPERTY CRIME","F"
"2025-375892","2025 Dec 25 07:25:41 AM","67935635712","2025 Dec 25 04:55:00 AM","MOUNT BAKER","REDACTED","ALL OTHER","R"
"2026-900087","2026 Jan 03 07:54:15 AM","68032323067","2025 Dec 25 05:00:00 AM","BALLARD SOUTH","6450","PROPERTY CRIME","B"
"2025-375895","2025 Dec 25 06:53:43 AM","67934402296","2025 Dec 25 05:08:00 AM","BRIGHTON/DUNLAP","2965","ALL OTHER","S"
"2025-923587","2025 Dec 30 09:31:10 AM","67984477870","2025 Dec 25 05:24:00 AM","MOUNT BAKER","3832","ALL OTHER","R"
"2025-375902","2025 Dec 25 01:01:28 PM","67935711307","2025 Dec 25 05:36:00 AM","CHINATOWN/INTERNATIONAL DISTRICT","REDACTED","ALL OTHER","K"
"2025-923569","2025 Dec 30 08:06:14 AM","67983557437","2025 Dec 25 05:41:00 AM","DOWNTOWN COMMERCIAL","3706","PROPERTY CRIME","M"
"2025-376625","2025 Dec 26 07:54:27 PM","67944945677","2025 Dec 25 06:00:00 AM","ROXHILL/WESTWOOD/ARBOR HEIGHTS","2327","PROPERTY CRIME","F"
"2026-900123","2026 Jan 03 09:39:53 AM","68032879087","2025 Dec 25 06:00:00 AM","COLUMBIA CITY","7835","PROPERTY CRIME","R"
"2025-923564","2025 Dec 30 08:04:36 AM","67983535238","2025 Dec 25 06:00:00 AM","CAPITOL HILL","11147","PROPERTY CRIME","C"
"2025-375912","2025 Dec 25 07:38:51 AM","67934561045","2025 Dec 25 06:15:00 AM","GREENWOOD","2620","PROPERTY CRIME","J"
"2025-375915","2025 Dec 25 07:29:01 AM","67934527364","2025 Dec 25 06:30:00 AM","CAPITOL HILL","3512","PROPERTY CRIME","E"
"2025-376526","2025 Dec 26 08:11:19 AM","67940285771","2025 Dec 25 06:30:00 AM","GREENWOOD","1127","PROPERTY CRIME","J"
"2025-375924","2025 Dec 25 07:12:35 AM","67934487061","2025 Dec 25 06:30:00 AM","ROXHILL/WESTWOOD/ARBOR HEIGHTS","5534","PROPERTY CRIME","F"
"2025-923595","2025 Dec 30 09:34:46 AM","67984503899","2025 Dec 25 06:50:00 AM","BALLARD SOUTH","8097","PROPERTY CRIME","B"
"2025-923598","2025 Dec 30 10:38:18 AM","67985072263","2025 Dec 25 06:54:00 AM","PHINNEY RIDGE","6889","ALL OTHER","J"
"2025-375943","2025 Dec 26 01:39:42 PM","67942454183","2025 Dec 25 07:58:00 AM","NORTHGATE","8990","ALL OTHER","N"
"2025-375951","2025 Dec 25 12:04:45 PM","67935857275","2025 Dec 25 08:00:00 AM","LAKECITY","259","ALL OTHER","L"
"2025-375951","2025 Dec 25 12:04:45 PM","67935550214","2025 Dec 25 08:00:00 AM","LAKECITY","259","ALL OTHER","L"
"2025-376615","2025 Dec 26 10:23:38 AM","67941013143","2025 Dec 25 08:00:00 AM","RAINIER BEACH","7011","PROPERTY CRIME","S"
"2025-923532","2025 Dec 30 07:18:07 AM","67983177911","2025 Dec 25 08:39:00 AM","LAKECITY","7498","PROPERTY CRIME","L"
"2025-375969","2025 Dec 25 09:47:25 AM","67935043797","2025 Dec 25 09:00:00 AM","SLU/CASCADE","12493","PROPERTY CRIME","Q"
"2026-900487","2026 Jan 07 08:01:31 AM","68085075638","2025 Dec 25 09:17:00 AM","ROOSEVELT/RAVENNA","4919","PROPERTY CRIME","L"
"2025-923561","2025 Dec 30 08:03:17 AM","67983518757","2025 Dec 25 09:31:00 AM","CAPITOL HILL","2470","PROPERTY CRIME","C"
"2025-376045","2025 Dec 25 01:15:12 PM","67935804480","2025 Dec 25 10:00:00 AM","NORTHGATE","7506","ALL OTHER","L"
"2026-900008","2026 Jan 02 06:34:53 AM","68016605071","2025 Dec 25 10:00:00 AM","PHINNEY RIDGE","6030","PROPERTY CRIME","J"
"2025-375990","2025 Dec 25 01:01:10 PM","67935703418","2025 Dec 25 10:16:00 AM","RAINIER VIEW","3135","VIOLENT CRIME","S"
"2025-376596","2025 Dec 26 10:45:19 AM","67941109841","2025 Dec 25 10:30:00 AM","JUDKINS PARK/NORTH BEACON HILL","3312","PROPERTY CRIME","G"
"2025-376542","2025 Dec 26 07:49:44 AM","67940131005","2025 Dec 25 11:00:00 AM","MAGNOLIA","3597","PROPERTY CRIME","Q"
"2025-376025","2025 Dec 25 01:09:27 PM","67935755269","2025 Dec 25 11:05:00 AM","GREENWOOD","5969","ALL OTHER","J"
"2025-376493","2025 Dec 26 07:41:07 AM","67940038377","2025 Dec 25 11:10:00 AM","ROXHILL/WESTWOOD/ARBOR HEIGHTS","2327","PROPERTY CRIME","F"
"2025-923571","2025 Dec 30 08:11:41 AM","67983599314","2025 Dec 25 11:10:00 AM","FIRST HILL","6237","PROPERTY CRIME","E"
"2025-376042","2025 Dec 25 03:43:19 PM","67936391060","2025 Dec 25 11:49:00 AM","COMMERCIAL DUWAMISH","11143","PROPERTY CRIME","F"
"2025-376046","2025 Dec 25 03:25:33 PM","67936307051","2025 Dec 25 11:50:00 AM","LAKECITY","6196","ALL OTHER","L"
"2025-376903","2025 Dec 26 04:21:59 PM","67943686966","2025 Dec 25 12:00:00 PM","BRIGHTON/DUNLAP","3407","PROPERTY CRIME","S"
"2025-376903","2025 Dec 26 04:21:59 PM","67943652964","2025 Dec 25 12:00:00 PM","BRIGHTON/DUNLAP","3407","PROPERTY CRIME","S"
"2025-377649","2025 Dec 27 03:06:42 PM","67955626957","2025 Dec 25 12:04:00 PM","ALASKA JUNCTION","11383","ALL OTHER","W"
"2026-900841","2026 Jan 11 12:30:39 PM","68133574416","2025 Dec 25 12:10:00 PM","ROXHILL/WESTWOOD/ARBOR HEIGHTS","12639","PROPERTY CRIME","W"
"2026-900401","2026 Jan 05 11:42:27 AM","68059192833","2025 Dec 25 12:30:00 PM","MAGNOLIA","5196","PROPERTY CRIME","Q"
"2026-900306","2026 Jan 05 07:48:56 AM","68057115173","2025 Dec 25 12:50:00 PM","BALLARD SOUTH","10084","PROPERTY CRIME","B"
"2025-376122","2025 Dec 25 03:42:14 PM","67936389003","2025 Dec 25 01:45:00 PM","PIONEER SQUARE","4074","ALL OTHER","K"
"2025-376122","2025 Dec 25 03:42:14 PM","67936414884","2025 Dec 25 01:45:00 PM","PIONEER SQUARE","4074","ALL OTHER","K"
"2025-376099","2025 Dec 25 02:22:00 PM","67936024203","2025 Dec 25 01:53:00 PM","CAPITOL HILL","6242","ALL OTHER","E"
"2025-380259","2025 Dec 30 10:40:25 AM","67985168520","2025 Dec 25 02:27:00 PM","NORTHGATE","7920","PROPERTY CRIME","N"
"2025-923563","2025 Dec 30 08:04:15 AM","67983531811","2025 Dec 25 03:00:00 PM","BALLARD NORTH","245","ALL OTHER","J"
"2025-376134","2025 Dec 25 04:46:52 PM","67936644780","2025 Dec 25 03:05:00 PM","CHINATOWN/INTERNATIONAL DISTRICT","6360","ALL OTHER","K"
"2025-376002","2025 Dec 25 06:39:31 PM","67937093896","2025 Dec 25 03:30:00 PM","NORTHGATE","REDACTED","ALL OTHER","N"
"2025-923551","2025 Dec 30 07:26:45 AM","67983249050","2025 Dec 25 03:45:00 PM","BELLTOWN","8199","PROPERTY CRIME","D"
"2025-923549","2025 Dec 30 07:25:28 AM","67983237082","2025 Dec 25 03:50:00 PM","BALLARD SOUTH","5063","ALL OTHER","B"
"2025-376572","2025 Dec 26 01:58:17 PM","67942604403","2025 Dec 25 04:00:00 PM","ROOSEVELT/RAVENNA","10996","PROPERTY CRIME","U"
"2025-923567","2025 Dec 30 08:05:34 AM","67983543696","2025 Dec 25 04:00:00 PM","SANDPOINT","4193","ALL OTHER","U"
"2025-376551","2025 Dec 26 08:53:47 AM","67940494543","2025 Dec 25 04:00:00 PM","PIONEER SQUARE","3171","ALL OTHER","K"
"2025-376160","2025 Dec 25 05:01:23 PM","67936682795","2025 Dec 25 04:00:00 PM","CENTRAL AREA/SQUIRE PARK","REDACTED","VIOLENT CRIME","C"
"2025-376160","2025 Dec 25 05:01:23 PM","67937411254","2025 Dec 25 04:00:00 PM","CENTRAL AREA/SQUIRE PARK","REDACTED","ALL OTHER","C"
"2025-376160","2025 Dec 25 05:01:23 PM","68060942817","2025 Dec 25 04:00:00 PM","CENTRAL AREA/SQUIRE PARK","REDACTED","ALL OTHER","C"
"2025-923610","2025 Dec 30 10:43:08 AM","67985153009","2025 Dec 25 04:30:00 PM","MONTLAKE/PORTAGE BAY","12441","ALL OTHER","C"
"2026-900212","2026 Jan 04 07:19:00 AM","68045020026","2025 Dec 25 04:30:00 PM","CENTRAL AREA/SQUIRE PARK","7565","PROPERTY CRIME","C"
"2025-376411","2025 Dec 26 09:44:59 AM","67940763843","2025 Dec 25 04:30:00 PM","SLU/CASCADE","10090","PROPERTY CRIME","D"
"2025-376215","2025 Dec 25 10:01:03 PM","67937921147","2025 Dec 25 05:00:00 PM","SODO","7867","PROPERTY CRIME","O"
"2025-923586","2025 Dec 30 09:30:42 AM","67984471971","2025 Dec 25 05:00:00 PM","MORGAN","10905","PROPERTY CRIME","W"
"2025-376197","2025 Dec 25 08:28:14 PM","67937541263","2025 Dec 25 05:34:00 PM","SLU/CASCADE","REDACTED","ALL OTHER","M"
"2025-376200","2025 Dec 25 05:51:02 PM","67944572407","2025 Dec 25 05:43:00 PM","CHINATOWN/INTERNATIONAL DISTRICT","1947","ALL OTHER","K"
"2025-376200","2025 Dec 25 05:51:02 PM","67936883261","2025 Dec 25 05:43:00 PM","CHINATOWN/INTERNATIONAL DISTRICT","1947","ALL OTHER","K"
"2025-923554","2025 Dec 30 07:28:27 AM","67983263129","2025 Dec 25 05:45:00 PM","ROOSEVELT/RAVENNA","5070","PROPERTY CRIME","U"
"2025-376203","2025 Dec 26 03:38:29 PM","67943838600","2025 Dec 25 05:46:00 PM","PIONEER SQUARE","12683","PROPERTY CRIME","K"
"2025-376321","2025 Dec 26 03:02:39 AM","67938886508","2025 Dec 25 06:00:00 PM","BITTERLAKE","12160","VIOLENT CRIME","N"
"2025-923557","2025 Dec 30 08:01:59 AM","67983507709","2025 Dec 25 06:00:00 PM","FREMONT","2921","ALL OTHER","B"
"2025-376725","2025 Dec 26 12:25:06 PM","67941913380","2025 Dec 25 06:00:00 PM","ROOSEVELT/RAVENNA","10996","PROPERTY CRIME","U"
"2025-376730","2025 Dec 26 12:39:04 PM","67942036829","2025 Dec 25 06:00:00 PM","NORTHGATE","1065","PROPERTY CRIME","L"
"2025-376611","2025 Dec 26 07:13:17 PM","67944700318","2025 Dec 25 06:00:00 PM","CLAREMONT/RAINIER VISTA","7469","PROPERTY CRIME","R"
"2026-004466","2026 Jan 05 06:33:28 PM","68063416142","2025 Dec 25 06:00:00 PM","MONTLAKE/PORTAGE BAY","6703","PROPERTY CRIME","C"
"2025-376222","2025 Dec 25 06:38:58 PM","67944580039","2025 Dec 25 06:30:00 PM","BELLTOWN","2938","ALL OTHER","M"
"2025-376222","2025 Dec 25 06:38:58 PM","67937119325","2025 Dec 25 06:30:00 PM","BELLTOWN","2938","ALL OTHER","M"
"2026-900074","2026 Jan 02 02:00:49 PM","68021213938","2025 Dec 25 06:45:00 PM","ALASKA JUNCTION","11240","PROPERTY CRIME","W"
"2025-376351","2025 Dec 26 03:50:44 AM","67939015745","2025 Dec 25 07:00:00 PM","DOWNTOWN COMMERCIAL","REDACTED","VIOLENT CRIME","K"
"2025-376285","2025 Dec 25 08:55:00 PM","67937660305","2025 Dec 25 07:50:00 PM","NORTH BEACON HILL","5947","VIOLENT CRIME","R"
"2025-376778","2025 Dec 26 01:04:08 PM","67942147443","2025 Dec 25 08:00:00 PM","GREENWOOD","1127","ALL OTHER","J"
"2025-376563","2025 Dec 26 08:33:00 AM","67940347598","2025 Dec 25 08:00:00 PM","BRIGHTON/DUNLAP","8547","PROPERTY CRIME","S"
"2025-923559","2025 Dec 30 08:02:39 AM","67983513854","2025 Dec 25 08:00:00 PM","SANDPOINT","3734","ALL OTHER","U"
"2025-376647","2025 Dec 26 11:05:59 AM","67941296444","2025 Dec 25 08:00:00 PM","BALLARD NORTH","3139","PROPERTY CRIME","J"
"2025-923560","2025 Dec 30 08:02:59 AM","67983516189","2025 Dec 25 08:00:00 PM","RAINIER VIEW","4942","PROPERTY CRIME","S"
"2025-376281","2025 Dec 25 10:11:01 PM","67937991827","2025 Dec 25 08:15:00 PM","MADRONA/LESCHI","REDACTED","ALL OTHER","C"
"2025-376294","2025 Dec 26 03:52:55 AM","67939020775","2025 Dec 25 08:34:00 PM","DOWNTOWN COMMERCIAL","1018","ALL OTHER","K"
"2025-376292","2025 Dec 25 09:52:26 PM","67937950125","2025 Dec 25 08:38:00 PM","CAPITOL HILL","REDACTED","ALL OTHER","C"
"2025-376292","2025 Dec 25 09:52:26 PM","67937955733","2025 Dec 25 08:38:00 PM","CAPITOL HILL","REDACTED","ALL OTHER","C"
"2025-376292","2025 Dec 25 09:52:26 PM","67937922617","2025 Dec 25 08:38:00 PM","CAPITOL HILL","REDACTED","VIOLENT CRIME","C"
"2025-376736","2025 Dec 26 04:06:15 PM","67943491194","2025 Dec 25 08:45:00 PM","EASTLAKE - WEST","10192","PROPERTY CRIME","D"
"2025-923600","2025 Dec 30 10:39:07 AM","67985113374","2025 Dec 25 08:45:00 PM","BALLARD SOUTH","6915","PROPERTY CRIME","B"
"2025-380814","2025 Dec 30 08:16:37 PM","67989381649","2025 Dec 25 09:00:00 PM","EASTLAKE - EAST","5402","PROPERTY CRIME","C"
"2025-376526","2025 Dec 26 08:11:19 AM","67940307766","2025 Dec 25 09:00:00 PM","GREENWOOD","1127","ALL OTHER","J"
"2025-923593","2025 Dec 30 09:33:56 AM","67984498275","2025 Dec 25 09:00:00 PM","CAPITOL HILL","4889","PROPERTY CRIME","C"
"2025-376663","2025 Dec 26 10:59:12 AM","67941319573","2025 Dec 25 09:00:00 PM","UNIVERSITY","12547","PROPERTY CRIME","U"
"2025-376686","2025 Dec 26 03:07:43 PM","67943102481","2025 Dec 25 09:00:00 PM","QUEEN ANNE","12023","PROPERTY CRIME","Q"
"2025-376616","2025 Dec 26 01:43:20 PM","67942498603","2025 Dec 25 09:00:00 PM","BRIGHTON/DUNLAP","8162","ALL OTHER","S"
"2025-376616","2025 Dec 26 01:43:20 PM","67942479876","2025 Dec 25 09:00:00 PM","BRIGHTON/DUNLAP","8162","PROPERTY CRIME","S"
"2025-376652","2025 Dec 26 12:15:39 PM","67941904032","2025 Dec 25 09:13:00 PM","RAINIER BEACH","7639","ALL OTHER","S"
"2025-376993","2025 Dec 26 07:39:01 PM","67944870275","2025 Dec 25 09:35:00 PM","MILLER PARK","1899","ALL OTHER","C"
"2025-376336","2025 Dec 25 10:24:49 PM","67937991762","2025 Dec 25 09:38:00 PM","CHINATOWN/INTERNATIONAL DISTRICT","REDACTED","ALL OTHER","K"
"2025-376336","2025 Dec 25 10:24:49 PM","67938601775","2025 Dec 25 09:38:00 PM","CHINATOWN/INTERNATIONAL DISTRICT","REDACTED","VIOLENT CRIME","K"
"2025-376297","2025 Dec 26 04:34:38 AM","67939161558","2025 Dec 25 09:41:00 PM","QUEEN ANNE","7045","ALL OTHER","Q"
"2026-900272","2026 Jan 04 08:24:06 PM","68049524206","2025 Dec 25 10:00:00 PM","MAGNOLIA","10465","PROPERTY CRIME","Q"
"2025-376593","2025 Dec 26 08:14:34 PM","67945097389","2025 Dec 25 10:00:00 PM","FREMONT","10126","PROPERTY CRIME","B"
"2025-376752","2025 Dec 26 04:21:31 PM","67944033829","2025 Dec 25 11:00:00 PM","BRIGHTON/DUNLAP","8550","PROPERTY CRIME","S"
"2025-376600","2025 Dec 26 05:44:18 PM","67944136481","2025 Dec 25 11:00:00 PM","CAPITOL HILL","3511","PROPERTY CRIME","E"
"2026-000412","2026 Jan 01 11:29:36 AM","68148130364","2025 Dec 25 11:00:00 PM","SOUTH BEACON HILL","3096","PROPERTY CRIME","S"
"2025-923556","2025 Dec 30 08:01:28 AM","67983502945","2025 Dec 25 11:00:00 PM","ROOSEVELT/RAVENNA","10996","PROPERTY CRIME","U"
"2025-923568","2025 Dec 30 08:05:54 AM","67983555182","2025 Dec 25 11:00:00 PM","WALLINGFORD","8840","PROPERTY CRIME","B"
"2026-000412","2026 Jan 01 11:29:36 AM","68006904739","2025 Dec 25 11:00:00 PM","SOUTH BEACON HILL","3096","PROPERTY CRIME","S"
"2026-900550","2026 Jan 09 08:12:41 AM","68111409485","2025 Dec 25 11:09:00 PM","UNIVERSITY","509","PROPERTY CRIME","U"
"2025-376398","2025 Dec 26 12:00:56 AM","67938346092","2025 Dec 25 11:41:00 PM","CAPITOL HILL","REDACTED","ALL OTHER","C"
"2026-900338","2026 Jan 05 09:59:12 AM","68058291062","2025 Dec 25 11:45:00 PM","GREENWOOD","2540","PROPERTY CRIME","N"
"2025-923583","2025 Dec 30 09:28:18 AM","67984454347","2025 Dec 25 11:46:00 PM","QUEEN ANNE","3889","PROPERTY CRIME","Q"
"2025-376401","2025 Dec 26 01:45:57 AM","67938679481","2025 Dec 25 11:58:00 PM","CAPITOL HILL","7622","ALL OTHER","E"
"2025-376401","2025 Dec 26 01:45:57 AM","67938733267","2025 Dec 25 11:58:00 PM","CAPITOL HILL","7622","ALL OTHER","E"
"2025-376404","2025 Dec 26 11:19:59 PM","67946266682","2025 Dec 25 11:59:00 PM","SLU/CASCADE","1896","PROPERTY CRIME","Q"
"2025-376666","2025 Dec 26 01:13:02 PM","67944421508","2025 Dec 26 12:00:00 AM","LAKECITY","5659","ALL OTHER","L"
"2025-381194","2025 Dec 31 08:52:22 AM","67993701175","2025 Dec 26 12:00:00 AM","SANDPOINT","8011","ALL OTHER","U"
"2026-015544","2026 Jan 16 10:28:30 PM","68206176659","2025 Dec 26 12:00:00 AM","QUEEN ANNE","1607","PROPERTY CRIME","Q"
"2025-380159","2025 Dec 30 08:16:55 AM","67987552791","2025 Dec 26 12:00:00 AM","NORTH BEACON HILL","3458","ALL OTHER","R"
"2025-376666","2025 Dec 26 01:13:02 PM","67944467126","2025 Dec 26 12:00:00 AM","LAKECITY","5659","ALL OTHER","L"
"2025-379018","2025 Dec 29 09:02:24 AM","67973310028","2025 Dec 26 12:00:00 AM","SANDPOINT","3020","PROPERTY CRIME","U"
"2025-923652","2025 Dec 30 01:52:42 PM","67986745516","2025 Dec 26 12:00:00 AM","CAPITOL HILL","6671","PROPERTY CRIME","E"
"2025-381027","2025 Dec 31 02:44:46 AM","67991571860","2025 Dec 26 12:00:00 AM","QUEEN ANNE","REDACTED","ALL OTHER","Q"
"2026-004560","2026 Jan 05 10:35:52 PM","68065619336","2025 Dec 26 12:00:00 AM","NORTHGATE","REDACTED","VIOLENT CRIME","N"
"2025-380159","2025 Dec 30 08:16:55 AM","67983677773","2025 Dec 26 12:00:00 AM","NORTH BEACON HILL","3458","ALL OTHER","R"
"2025-378571","2025 Dec 28 05:08:31 PM","67968209586","2025 Dec 26 12:00:00 AM","QUEEN ANNE","1704","PROPERTY CRIME","Q"
"2026-900568","2026 Jan 09 10:10:26 AM","68112271296","2025 Dec 26 12:00:00 AM","SLU/CASCADE","8493","PROPERTY CRIME","D"
"2025-376817","2025 Dec 26 04:22:08 PM","67943598784","2025 Dec 26 12:00:00 AM","UNIVERSITY","6462","PROPERTY CRIME","U"
"2025-379172","2025 Dec 29 11:14:17 AM","67974581492","2025 Dec 26 12:00:00 AM","MILLER PARK","REDACTED","ALL OTHER","C"
"2026-900240","2026 Jan 04 09:13:23 AM","68045798326","2025 Dec 26 12:00:00 AM","CAPITOL HILL","3390","PROPERTY CRIME","E"
"2025-923574","2025 Dec 30 08:30:56 AM","67983793657","2025 Dec 26 12:00:00 AM","BALLARD NORTH","7169","PROPERTY CRIME","N"
"2026-008481","2026 Jan 09 08:27:01 PM","68117132908","2025 Dec 26 12:00:00 AM","MAGNOLIA","5430","PROPERTY CRIME","Q"
"2025-376410","2025 Dec 26 01:16:48 AM","67938609106","2025 Dec 26 12:14:00 AM","HIGH POINT","2048","PROPERTY CRIME","F"
"2025-923555","2025 Dec 30 07:37:55 AM","67983326453","2025 Dec 26 12:25:00 AM","BELLTOWN","4710","PROPERTY CRIME","D"
"2025-376417","2025 Dec 26 03:51:46 AM","67939021999","2025 Dec 26 12:28:00 AM","FIRST HILL","4041","ALL OTHER","G"
"2025-376871","2025 Dec 26 03:31:57 PM","67943230277","2025 Dec 26 12:30:00 AM","ROXHILL/WESTWOOD/ARBOR HEIGHTS","5534","PROPERTY CRIME","F"
"2025-376399","2025 Dec 26 02:19:14 AM","67938782959","2025 Dec 26 12:37:00 AM","QUEEN ANNE","3889","PROPERTY CRIME","Q"
"2025-377520","2025 Dec 27 11:52:20 AM","67954455975","2025 Dec 26 12:44:00 AM","BALLARD SOUTH","4847","PROPERTY CRIME","B"
"2025-376425","2025 Dec 26 02:50:42 AM","67938855492","2025 Dec 26 12:45:00 AM","FIRST HILL","REDACTED","ALL OTHER","E"
"2025-376425","2025 Dec 26 02:50:42 AM","67938878770","2025 Dec 26 12:48:00 AM","FIRST HILL","REDACTED","ALL OTHER","E"
"2025-376429","2025 Dec 26 01:53:38 AM","67938735730","2025 Dec 26 12:53:00 AM","BALLARD SOUTH","852","VIOLENT CRIME","B"
"2025-376429","2025 Dec 26 01:53:38 AM","68004846215","2025 Dec 26 12:53:00 AM","BALLARD SOUTH","852","ALL OTHER","B"
"2026-900161","2026 Jan 03 12:44:01 PM","68034036366","2025 Dec 26 01:00:00 AM","NORTHGATE","1967","PROPERTY CRIME","N"
"2026-900233","2026 Jan 04 09:10:33 AM","68045782313","2025 Dec 26 01:00:00 AM","PIONEER SQUARE","8911","PROPERTY CRIME","K"
"2025-380759","2025 Dec 30 08:04:23 PM","67989358428","2025 Dec 26 01:00:00 AM","LAKECITY","6206","PROPERTY CRIME","L"
"2026-900233","2026 Jan 04 09:10:33 AM","68048763595","2025 Dec 26 01:00:00 AM","PIONEER SQUARE","8911","ALL OTHER","K"
"2025-376433","2025 Dec 26 02:50:43 AM","67938848122","2025 Dec 26 01:02:00 AM","MOUNT BAKER","7909","VIOLENT CRIME","R"
"2025-376435","2025 Dec 26 02:25:19 AM","67938866490","2025 Dec 26 01:07:00 AM","QUEEN ANNE","1611","PROPERTY CRIME","Q"
"2025-923601","2025 Dec 30 10:39:41 AM","67985118539","2025 Dec 26 01:16:00 AM","ROOSEVELT/RAVENNA","7393","PROPERTY CRIME","U"
"2025-376450","2025 Dec 26 03:19:55 AM","67938927040","2025 Dec 26 01:42:00 AM","NORTH BEACON HILL","REDACTED","ALL OTHER","R"
"2025-376431","2025 Dec 26 02:34:29 AM","67938815013","2025 Dec 26 01:44:00 AM","QUEEN ANNE","5217","ALL OTHER","Q"
"2025-376431","2025 Dec 26 02:34:29 AM","67938846951","2025 Dec 26 01:44:00 AM","QUEEN ANNE","5217","VIOLENT CRIME","Q"
"2025-376455","2025 Dec 26 04:02:18 AM","67939061736","2025 Dec 26 01:49:00 AM","WALLINGFORD","2412","ALL OTHER","B"
"2025-376427","2025 Dec 26 02:05:57 AM","67938875495","2025 Dec 26 01:49:00 AM","UNIVERSITY","2478","ALL OTHER","U"
"2026-900086","2026 Jan 03 07:48:24 AM","68032288529","2025 Dec 26 02:00:00 AM","BELLTOWN","8887","PROPERTY CRIME","D"
"2026-001440","2026 Jan 02 04:03:54 PM","68022667936","2025 Dec 26 02:20:00 AM","ROOSEVELT/RAVENNA","10996","PROPERTY CRIME","U"
"2025-376470","2025 Dec 26 03:16:59 AM","67938915867","2025 Dec 26 02:33:00 AM","FIRST HILL","REDACTED","ALL OTHER","G"
"2025-376472","2025 Dec 26 04:04:41 AM","67939210305","2025 Dec 26 02:41:00 AM","SLU/CASCADE","2356","ALL OTHER","D"
"2025-376472","2025 Dec 26 04:04:41 AM","67939206435","2025 Dec 26 02:41:00 AM","SLU/CASCADE","10500","ALL OTHER","D"
"2025-923599","2025 Dec 30 10:38:41 AM","67985109246","2025 Dec 26 02:56:00 AM","BALLARD NORTH","12010","PROPERTY CRIME","J"
"2025-923607","2025 Dec 30 10:42:02 AM","67985141325","2025 Dec 26 03:00:00 AM","WALLINGFORD","7646","PROPERTY CRIME","B"
"2025-376596","2025 Dec 26 10:45:19 AM","67941139129","2025 Dec 26 03:00:00 AM","JUDKINS PARK/NORTH BEACON HILL","3312","ALL OTHER","G"
"2025-376578","2025 Dec 26 09:23:27 AM","67940671178","2025 Dec 26 03:00:00 AM","ROOSEVELT/RAVENNA","6173","PROPERTY CRIME","J"
"2025-376932","2025 Dec 26 05:22:13 PM","67943992076","2025 Dec 26 03:00:00 AM","ROOSEVELT/RAVENNA","6173","ALL OTHER","J"
"2025-376769","2025 Dec 26 01:28:41 PM","67942334928","2025 Dec 26 03:00:00 AM","HIGH POINT","4377","PROPERTY CRIME","F"
"2025-376477","2025 Dec 26 09:03:51 AM","67940523112","2025 Dec 26 03:01:00 AM","PIONEER SQUARE","REDACTED","VIOLENT CRIME","K"
"2025-376479","2025 Dec 26 03:43:26 AM","67938995495","2025 Dec 26 03:09:00 AM","CAPITOL HILL","3989","PROPERTY CRIME","C"
"2025-923572","2025 Dec 30 08:29:03 AM","67983769297","2025 Dec 26 03:25:00 AM","BALLARD NORTH","4171","PROPERTY CRIME","J"
"2025-381458","2025 Dec 31 05:50:15 PM","68000584643","2025 Dec 26 03:50:00 AM","BITTERLAKE","10603","PROPERTY CRIME","N"
"2026-901023","2026 Jan 20 09:33:11 PM","68249607331","2025 Dec 26 04:00:00 AM","PIONEER SQUARE","3171","ALL OTHER","K"
"2026-900676","2026 Jan 10 09:36:29 AM","68125078071","2025 Dec 26 04:02:00 AM","CENTRAL AREA/SQUIRE PARK","1900","PROPERTY CRIME","C"
"2025-376486","2025 Dec 26 06:07:42 AM","67939551867","2025 Dec 26 04:03:00 AM","MORGAN","2680","PROPERTY CRIME","W"
"2025-376491","2025 Dec 26 05:24:28 AM","67941340296","2025 Dec 26 04:12:00 AM","BELLTOWN","REDACTED","ALL OTHER","D"
"2025-376491","2025 Dec 26 05:24:28 AM","67939360157","2025 Dec 26 04:12:00 AM","BELLTOWN","REDACTED","ALL OTHER","D"
"2025-376491","2025 Dec 26 05:24:28 AM","67941323579","2025 Dec 26 04:12:00 AM","BELLTOWN","REDACTED","ALL OTHER","D"
"2025-376533","2025 Dec 26 09:31:03 AM","67941350501","2025 Dec 26 05:00:00 AM","ALASKA JUNCTION","7660","PROPERTY CRIME","W"
"2026-900370","2026 Jan 05 10:33:33 AM","68058609375","2025 Dec 26 05:00:00 AM","PHINNEY RIDGE","1123","PROPERTY CRIME","J"
"2025-377485","2025 Dec 27 01:09:01 PM","67954944970","2025 Dec 26 05:00:00 AM","SOUTH PARK","2381","PROPERTY CRIME","F"
"2025-376541","2025 Dec 26 08:04:03 AM","67940169581","2025 Dec 26 05:20:00 AM","SOUTH PARK","2381","PROPERTY CRIME","F"
"2025-376509","2025 Dec 26 06:43:27 AM","67939783827","2025 Dec 26 05:22:00 AM","GEORGETOWN","6011","PROPERTY CRIME","O"
"2025-923579","2025 Dec 30 08:34:02 AM","67983830816","2025 Dec 26 05:45:00 AM","ALASKA JUNCTION","7003","PROPERTY CRIME","W"
"2025-376520","2025 Dec 26 07:01:12 AM","67939824375","2025 Dec 26 05:45:00 AM","CENTRAL AREA/SQUIRE PARK","1906","PROPERTY CRIME","C"
"2025-376512","2025 Dec 26 06:03:30 AM","67939532376","2025 Dec 26 05:48:00 AM","DOWNTOWN COMMERCIAL","6612","ALL OTHER","M"
"2025-376512","2025 Dec 26 06:03:30 AM","67948862846","2025 Dec 26 05:48:00 AM","DOWNTOWN COMMERCIAL","6612","ALL OTHER","M"
"2025-923632","2025 Dec 30 01:42:18 PM","67986665148","2025 Dec 26 06:00:00 AM","ALASKA JUNCTION","3090","PROPERTY CRIME","W"
"2025-376518","2025 Dec 26 07:51:03 AM","67940089503","2025 Dec 26 06:14:00 AM","GENESEE","4316","ALL OTHER","R"
"2025-923596","2025 Dec 30 09:35:20 AM","67984508658","2025 Dec 26 06:25:00 AM","GREENWOOD","12195","PROPERTY CRIME","N"
"2025-377049","2025 Dec 26 09:21:57 PM","67945446315","2025 Dec 26 08:00:00 AM","FREMONT","7359","PROPERTY CRIME","B"
"2026-900628","2026 Jan 10 07:20:26 AM","68124458661","2025 Dec 26 08:00:00 AM","SANDPOINT","2578","PROPERTY CRIME","U"
"2026-900181","2026 Jan 04 06:03:57 AM","68043444707","2025 Dec 26 08:00:00 AM","BALLARD NORTH","4172","PROPERTY CRIME","J"
"2025-923651","2025 Dec 30 01:52:23 PM","67986742415","2025 Dec 26 08:25:00 AM","MADISON PARK","11102","PROPERTY CRIME","C"
"2025-376571","2025 Dec 26 09:09:09 AM","67942118225","2025 Dec 26 08:32:00 AM","BELLTOWN","1325","ALL OTHER","D"
"2025-376571","2025 Dec 26 09:09:09 AM","67940564918","2025 Dec 26 08:35:00 AM","BELLTOWN","1325","ALL OTHER","D"
"2026-003351","2026 Jan 04 04:01:17 PM","68048103684","2025 Dec 26 08:50:00 AM","DOWNTOWN COMMERCIAL","4071","ALL OTHER","K"
"2025-377442","2025 Dec 27 10:20:11 AM","67953943419","2025 Dec 26 09:15:00 AM","UNIVERSITY","5248","PROPERTY CRIME","U"
"2025-377567","2025 Dec 28 09:38:06 AM","67966675614","2025 Dec 26 09:30:00 AM","UNIVERSITY","2088","ALL OTHER","U"
"2026-900231","2026 Jan 04 08:00:04 AM","68045222161","2025 Dec 26 09:37:00 AM","QUEEN ANNE","11218","PROPERTY CRIME","Q"
"2026-901040","2026 Jan 20 10:06:56 PM","68249761466","2025 Dec 26 09:53:00 AM","DOWNTOWN COMMERCIAL","6612","ALL OTHER","M"
"2025-376621","2025 Dec 26 10:32:02 AM","67941031989","2025 Dec 26 10:00:00 AM","RAINIER VIEW","REDACTED","ALL OTHER","S"
"2025-376687","2025 Dec 26 06:30:41 PM","67944426993","2025 Dec 26 10:00:00 AM","MILLER PARK","3988","PROPERTY CRIME","C"
"2025-923573","2025 Dec 30 08:30:06 AM","67983782212","2025 Dec 26 10:05:00 AM","MAGNOLIA","3589","PROPERTY CRIME","Q"
"2025-376633","2025 Dec 26 01:49:22 PM","67942474324","2025 Dec 26 10:19:00 AM","COLUMBIA CITY","REDACTED","ALL OTHER","R"
"2025-923612","2025 Dec 30 10:44:19 AM","67985162825","2025 Dec 26 10:45:00 AM","QUEEN ANNE","8487","PROPERTY CRIME","Q"
"2025-376672","2025 Dec 26 01:21:48 PM","67942279419","2025 Dec 26 10:57:00 AM","ROXHILL/WESTWOOD/ARBOR HEIGHTS","10484","PROPERTY CRIME","F"
"2026-901158","2026 Jan 26 10:31:12 AM","68312838022","2025 Dec 26 11:00:00 AM","CAPITOL HILL","13059","PROPERTY CRIME","E"
"2025-376684","2025 Dec 26 12:59:19 PM","67942116905","2025 Dec 26 11:08:00 AM","CAPITOL HILL","REDACTED","ALL OTHER","E"
"2025-376684","2025 Dec 26 12:59:19 PM","67942104175","2025 Dec 26 11:08:00 AM","CAPITOL HILL","REDACTED","ALL OTHER","E"
"2025-376684","2025 Dec 26 12:59:19 PM","67942157519","2025 Dec 26 11:08:00 AM","CAPITOL HILL","REDACTED","ALL OTHER","E"
"2025-376694","2025 Dec 26 09:54:48 PM","67945615049","2025 Dec 26 11:13:00 AM","BRIGHTON/DUNLAP","REDACTED","ALL OTHER","S"
"2025-376692","2025 Dec 26 12:28:54 PM","67941905737","2025 Dec 26 11:17:00 AM","DOWNTOWN COMMERCIAL","2363","PROPERTY CRIME","M"
"2025-376692","2025 Dec 26 12:28:54 PM","67941911375","2025 Dec 26 11:17:00 AM","DOWNTOWN COMMERCIAL","2363","ALL OTHER","M"
"2025-923238","2025 Dec 28 08:37:18 AM","67965554655","2025 Dec 26 11:30:00 AM","UNIVERSITY","8130","PROPERTY CRIME","U"
"2026-900202","2026 Jan 04 07:15:09 AM","68045002884","2025 Dec 26 12:00:00 PM","UNKNOWN","99","ALL OTHER","99"
"2025-378995","2025 Dec 29 07:52:28 AM","67972734622","2025 Dec 26 12:00:00 PM","UNIVERSITY","8510","PROPERTY CRIME","U"
"2025-923591","2025 Dec 30 09:33:03 AM","67984491497","2025 Dec 26 12:01:00 PM","CAPITOL HILL","1046","ALL OTHER","C"
"2025-376742","2025 Dec 26 01:20:41 PM","67942438622","2025 Dec 26 12:21:00 PM","DOWNTOWN COMMERCIAL","REDACTED","ALL OTHER","K"
"2025-376742","2025 Dec 26 01:20:41 PM","67942339758","2025 Dec 26 12:21:00 PM","DOWNTOWN COMMERCIAL","REDACTED","VIOLENT CRIME","K"
"2025-376697","2025 Dec 26 01:01:23 PM","67942159102","2025 Dec 26 12:31:00 PM","CAPITOL HILL","3397","ALL OTHER","E"
"2025-376750","2025 Dec 26 02:36:27 PM","67942928213","2025 Dec 26 12:34:00 PM","JUDKINS PARK/NORTH BEACON HILL","10824","ALL OTHER","G"
"2025-376750","2025 Dec 26 02:36:27 PM","67942903180","2025 Dec 26 12:34:00 PM","JUDKINS PARK/NORTH BEACON HILL","10824","ALL OTHER","G"
"2025-376972","2025 Dec 26 06:43:34 PM","67944540891","2025 Dec 26 01:00:00 PM","HIGH POINT","7331","PROPERTY CRIME","F"
"2025-376788","2025 Dec 26 03:03:29 PM","67944384823","2025 Dec 26 01:10:00 PM","NORTHGATE","REDACTED","ALL OTHER","N"
"2025-923602","2025 Dec 30 10:40:08 AM","67985122986","2025 Dec 26 01:15:00 PM","BALLARD SOUTH","7601","PROPERTY CRIME","B"
"2025-376793","2025 Dec 26 02:17:52 PM","68060972278","2025 Dec 26 01:17:00 PM","MILLER PARK","5459","ALL OTHER","C"
"2025-376830","2025 Dec 26 07:31:49 PM","67944867986","2025 Dec 26 01:57:00 PM","NORTHGATE","6352","PROPERTY CRIME","L"
"2025-376830","2025 Dec 26 07:31:49 PM","67944850742","2025 Dec 26 01:57:00 PM","NORTHGATE","6352","ALL OTHER","L"
"2025-379615","2025 Dec 29 06:18:57 PM","67977587747","2025 Dec 26 02:00:00 PM","ALASKA JUNCTION","10538","ALL OTHER","W"
"2025-376834","2025 Dec 26 05:27:06 PM","67944023285","2025 Dec 26 02:04:00 PM","DOWNTOWN COMMERCIAL","6612","ALL OTHER","M"
"2025-376834","2025 Dec 26 05:27:06 PM","67943997268","2025 Dec 26 02:04:00 PM","DOWNTOWN COMMERCIAL","6612","ALL OTHER","M"
"2025-376860","2025 Dec 27 01:32:02 PM","67955060633","2025 Dec 26 02:52:00 PM","ALASKA JUNCTION","6053","PROPERTY CRIME","W"
"2025-377441","2025 Dec 27 09:28:49 AM","67953769820","2025 Dec 26 03:00:00 PM","MADRONA/LESCHI","8394","PROPERTY CRIME","C"
"2025-376998","2025 Dec 26 10:19:17 PM","67945890673","2025 Dec 26 03:00:00 PM","NORTH BEACON HILL","3464","ALL OTHER","R"
"2025-923617","2025 Dec 30 10:46:22 AM","67985181138","2025 Dec 26 03:00:00 PM","FREMONT","12370","PROPERTY CRIME","B"
"2025-376998","2025 Dec 26 10:19:17 PM","67945863836","2025 Dec 26 03:00:00 PM","NORTH BEACON HILL","3464","VIOLENT CRIME","R"
"2025-376886","2025 Dec 26 04:32:37 PM","67943644786","2025 Dec 26 03:22:00 PM","CAPITOL HILL","6227","ALL OTHER","E"
"2025-376891","2025 Dec 26 07:55:29 PM","67944987738","2025 Dec 26 03:28:00 PM","LAKEWOOD/SEWARD PARK","REDACTED","ALL OTHER","R"
"2025-923609","2025 Dec 30 10:42:45 AM","67985149290","2025 Dec 26 03:47:00 PM","DOWNTOWN COMMERCIAL","12998","PROPERTY CRIME","M"
"2025-376921","2025 Dec 26 06:38:11 PM","67944452746","2025 Dec 26 03:55:00 PM","CLAREMONT/RAINIER VISTA","7469","VIOLENT CRIME","R"
"2025-376926","2025 Dec 26 05:12:52 PM","67943974147","2025 Dec 26 04:00:00 PM","RAINIER BEACH","7010","ALL OTHER","S"
"2025-377142","2025 Dec 26 09:53:08 PM","67945608560","2025 Dec 26 04:00:00 PM","FIRST HILL","4214","PROPERTY CRIME","E"
"2025-376926","2025 Dec 26 05:12:52 PM","67943966729","2025 Dec 26 04:00:00 PM","RAINIER BEACH","5411","ALL OTHER","S"
"2025-376926","2025 Dec 26 05:12:52 PM","67943971106","2025 Dec 26 04:00:00 PM","RAINIER BEACH","5411","ALL OTHER","S"
"2026-900132","2026 Jan 03 10:01:01 AM","68032986349","2025 Dec 26 04:00:00 PM","MAGNOLIA","274","PROPERTY CRIME","Q"
"2025-376935","2025 Dec 26 06:36:57 PM","67946899034","2025 Dec 26 04:12:00 PM","SLU/CASCADE","12993","ALL OTHER","M"
"2025-376935","2025 Dec 26 06:36:57 PM","67944490221","2025 Dec 26 04:12:00 PM","SLU/CASCADE","12993","ALL OTHER","M"
"2025-376935","2025 Dec 26 06:36:57 PM","67946901313","2025 Dec 26 04:12:00 PM","SLU/CASCADE","12993","ALL OTHER","M"
"2025-923626","2025 Dec 30 01:39:53 PM","67986645499","2025 Dec 26 04:30:00 PM","FIRST HILL","7625","ALL OTHER","E"
"2025-378954","2025 Dec 29 11:34:37 AM","67974671194","2025 Dec 26 04:30:00 PM","BALLARD SOUTH","12465","PROPERTY CRIME","B"
"2025-376998","2025 Dec 26 10:19:17 PM","67945897176","2025 Dec 26 04:30:00 PM","SLU/CASCADE","4498","ALL OTHER","D"
"2025-923605","2025 Dec 30 10:41:18 AM","67985136331","2025 Dec 26 04:45:00 PM","CAPITOL HILL","674","ALL OTHER","E"
"2025-923606","2025 Dec 30 10:41:39 AM","67985138861","2025 Dec 26 05:00:00 PM","CAPITOL HILL","13064","ALL OTHER","E"
"2025-377597","2025 Dec 27 01:33:17 PM","67955087373","2025 Dec 26 05:00:00 PM","HIGHLAND PARK","227","PROPERTY CRIME","F"
"2026-900054","2026 Jan 02 11:35:12 AM","68019907520","2025 Dec 26 05:00:00 PM","FREMONT","2730","ALL OTHER","B"
"2025-923608","2025 Dec 30 10:42:29 AM","67987019373","2025 Dec 26 05:00:00 PM","EASTLAKE - EAST","11222","ALL OTHER","C"
"2025-923608","2025 Dec 30 10:42:29 AM","67985145959","2025 Dec 26 05:00:00 PM","EASTLAKE - EAST","11222","ALL OTHER","C"
"2025-376962","2025 Dec 26 09:51:44 PM","67945631810","2025 Dec 26 05:01:00 PM","NORTHGATE","6541","PROPERTY CRIME","N"
"2025-923637","2025 Dec 30 01:44:35 PM","67986682466","2025 Dec 26 05:30:00 PM","ROXHILL/WESTWOOD/ARBOR HEIGHTS","5927","PROPERTY CRIME","W"
"2026-900020","2026 Jan 02 07:30:21 AM","68017888754","2025 Dec 26 05:30:00 PM","SLU/CASCADE","718","PROPERTY CRIME","D"
"2025-376988","2025 Dec 26 06:04:01 PM","67944259121","2025 Dec 26 05:34:00 PM","UNKNOWN","99","ALL OTHER","99"
"2026-900145","2026 Jan 03 10:55:42 AM","68033291324","2025 Dec 26 05:41:00 PM","NORTH DELRIDGE","5511","PROPERTY CRIME","F"
"2026-700012","2026 Jan 12 03:49:24 PM","68153076739","2025 Dec 26 05:55:00 PM","ALASKA JUNCTION","7003","PROPERTY CRIME","W"
"2025-923618","2025 Dec 30 10:47:22 AM","67985189387","2025 Dec 26 06:00:00 PM","BALLARD SOUTH","10117","ALL OTHER","B"
"2026-000406","2026 Jan 01 11:23:28 AM","68006849469","2025 Dec 26 06:00:00 PM","GREENWOOD","2824","PROPERTY CRIME","N"
"2025-923640","2025 Dec 30 01:45:36 PM","67986689757","2025 Dec 26 06:00:00 PM","GREENWOOD","6083","PROPERTY CRIME","J"
"2025-923631","2025 Dec 30 01:41:58 PM","67986662445","2025 Dec 26 06:15:00 PM","ALASKA JUNCTION","464","ALL OTHER","W"
"2025-923647","2025 Dec 30 01:51:03 PM","67986731339","2025 Dec 26 06:22:00 PM","CAPITOL HILL","6227","ALL OTHER","E"
"2025-923647","2025 Dec 30 01:51:03 PM","67987057437","2025 Dec 26 06:22:00 PM","CAPITOL HILL","6227","ALL OTHER","E"
"2025-923655","2025 Dec 30 01:53:39 PM","67986751987","2025 Dec 26 06:30:00 PM","QUEEN ANNE","12017","PROPERTY CRIME","Q"
"2025-923616","2025 Dec 30 10:45:57 AM","67985178141","2025 Dec 26 06:40:00 PM","BALLARD SOUTH","3349","PROPERTY CRIME","B"
"2025-377035","2025 Dec 26 08:39:23 PM","67945457283","2025 Dec 26 06:59:00 PM","LAKECITY","REDACTED","ALL OTHER","L"
"2025-377035","2025 Dec 26 08:39:23 PM","67945738481","2025 Dec 26 06:59:00 PM","LAKECITY","REDACTED","VIOLENT CRIME","L"
"2025-377035","2025 Dec 26 08:39:23 PM","68060998614","2025 Dec 26 06:59:00 PM","LAKECITY","REDACTED","ALL OTHER","L"
"2026-900001","2026 Jan 02 05:45:55 AM","68014905123","2025 Dec 26 07:00:00 PM","FIRST HILL","3524","PROPERTY CRIME","E"
"2025-377014","2025 Dec 26 09:21:20 PM","67945496453","2025 Dec 26 07:00:00 PM","UNIVERSITY","6404","ALL OTHER","U"
"2026-900053","2026 Jan 02 11:34:49 AM","68019904895","2025 Dec 26 07:00:00 PM","DOWNTOWN COMMERCIAL","10326","ALL OTHER","M"
"2025-377014","2025 Dec 26 09:21:20 PM","67945486607","2025 Dec 26 07:00:00 PM","UNIVERSITY","6404","ALL OTHER","U"
"2025-377053","2025 Dec 26 10:35:28 PM","67945852978","2025 Dec 26 07:31:00 PM","MOUNT BAKER","7847","ALL OTHER","R"
"2026-900248","2026 Jan 04 09:29:32 AM","68045883184","2025 Dec 26 07:33:00 PM","CHINATOWN/INTERNATIONAL DISTRICT","3646","PROPERTY CRIME","K"
"2025-377059","2025 Dec 26 08:43:21 PM","67945278653","2025 Dec 26 07:38:00 PM","MORGAN","3813","ALL OTHER","W"
"2025-378669","2025 Dec 28 09:10:38 PM","67969458074","2025 Dec 26 07:52:00 PM","UNIVERSITY","67","PROPERTY CRIME","U"
"2025-377078","2025 Dec 26 11:26:27 PM","67946322514","2025 Dec 26 08:20:00 PM","DOWNTOWN COMMERCIAL","2084","ALL OTHER","M"
"2025-377078","2025 Dec 26 11:26:27 PM","67946313346","2025 Dec 26 08:20:00 PM","DOWNTOWN COMMERCIAL","2084","ALL OTHER","M"
"2025-377077","2025 Dec 26 10:19:43 PM","67954192659","2025 Dec 26 08:23:00 PM","FREMONT","4066","ALL OTHER","B"
"2025-377134","2025 Dec 26 09:57:22 PM","67945658603","2025 Dec 26 08:30:00 PM","ROXHILL/WESTWOOD/ARBOR HEIGHTS","10483","PROPERTY CRIME","W"
"2026-900038","2026 Jan 02 10:51:54 AM","68019536656","2025 Dec 26 08:31:00 PM","SLU/CASCADE","2936","ALL OTHER","D"
"2025-377109","2025 Dec 26 09:58:39 PM","67945631040","2025 Dec 26 08:52:00 PM","NORTH DELRIDGE","10637","ALL OTHER","W"
"2026-900152","2026 Jan 03 11:20:59 AM","68283791677","2025 Dec 26 09:00:00 PM","MID BEACON HILL","5557","ALL OTHER","S"
"2026-900152","2026 Jan 03 11:20:59 AM","68033494293","2025 Dec 26 09:00:00 PM","MID BEACON HILL","5557","PROPERTY CRIME","S"
"2025-377354","2025 Dec 27 07:49:53 AM","67953260349","2025 Dec 26 09:00:00 PM","MOUNT BAKER","2080","PROPERTY CRIME","R"
"2025-377460","2025 Dec 27 12:44:09 PM","67954812985","2025 Dec 26 09:00:00 PM","CHINATOWN/INTERNATIONAL DISTRICT","5348","PROPERTY CRIME","K"
"2025-377567","2025 Dec 28 09:38:06 AM","67966654609","2025 Dec 26 09:00:00 PM","UNIVERSITY","2088","VIOLENT CRIME","U"
"2025-377136","2025 Dec 27 12:11:25 AM","67946760210","2025 Dec 26 09:25:00 PM","FAUNTLEROY SW","10312","ALL OTHER","W"
"2025-377136","2025 Dec 27 12:11:25 AM","67946763194","2025 Dec 26 09:25:00 PM","FAUNTLEROY SW","10312","ALL OTHER","W"
"2025-377143","2025 Dec 27 12:57:39 AM","67947698574","2025 Dec 26 09:36:00 PM","SLU/CASCADE","1009","VIOLENT CRIME","D"
"2025-923653","2025 Dec 30 01:53:02 PM","67986747716","2025 Dec 26 10:00:00 PM","SLU/CASCADE","8492","PROPERTY CRIME","D"
"2025-380028","2025 Dec 30 01:14:08 AM","67980204653","2025 Dec 26 10:00:00 PM","SOUTH DELRIDGE","5081","ALL OTHER","F"
"2026-900052","2026 Jan 02 11:34:32 AM","68019902022","2025 Dec 26 10:00:00 PM","DOWNTOWN COMMERCIAL","10326","ALL OTHER","M"
"2025-377163","2025 Dec 27 01:45:42 AM","67966375249","2025 Dec 26 10:22:00 PM","RAINIER BEACH","7011","ALL OTHER","S"
"2025-377075","2025 Dec 26 08:39:04 PM","67945209128","2025 Dec 26 10:30:00 PM","ROOSEVELT/RAVENNA","11008","ALL OTHER","U"
"2025-377183","2025 Dec 27 01:09:02 AM","67947773909","2025 Dec 26 10:30:00 PM","ALASKA JUNCTION","REDACTED","VIOLENT CRIME","W"
"2025-377561","2025 Dec 27 08:15:59 PM","67957435911","2025 Dec 26 10:35:00 PM","WALLINGFORD","2417","ALL OTHER","B"
"2025-377169","2025 Dec 26 11:39:48 PM","67946355626","2025 Dec 26 10:37:00 PM","CHINATOWN/INTERNATIONAL DISTRICT","10009","ALL OTHER","K"
"2025-377171","2025 Dec 26 11:53:58 PM","67946734231","2025 Dec 26 10:38:00 PM","BALLARD SOUTH","7095","ALL OTHER","B"
"2025-377176","2025 Dec 27 05:02:30 AM","67950347497","2025 Dec 26 10:40:00 PM","FIRST HILL","3145","ALL OTHER","E"
"2025-377181","2025 Dec 26 10:52:15 PM","67945919264","2025 Dec 26 10:42:00 PM","CAPITOL HILL","7708","ALL OTHER","E"
"2026-900134","2026 Jan 03 10:04:22 AM","68033004075","2025 Dec 26 11:00:00 PM","CAPITOL HILL","7709","PROPERTY CRIME","E"
"2025-923628","2025 Dec 30 01:40:38 PM","67986650287","2025 Dec 26 11:00:00 PM","COLUMBIA CITY","2118","PROPERTY CRIME","R"
"2025-377146","2025 Dec 26 11:34:29 PM","67946353314","2025 Dec 26 11:20:00 PM","SOUTH DELRIDGE","12701","PROPERTY CRIME","F"
"2025-377207","2025 Dec 27 01:09:45 AM","67950340930","2025 Dec 26 11:43:00 PM","PIONEER SQUARE","7130","ALL OTHER","K"
"2025-377207","2025 Dec 27 01:09:45 AM","67950346148","2025 Dec 26 11:43:00 PM","PIONEER SQUARE","7130","ALL OTHER","K"
"2025-377207","2025 Dec 27 01:09:45 AM","67950343004","2025 Dec 26 11:43:00 PM","PIONEER SQUARE","7130","ALL OTHER","K"
"2025-377207","2025 Dec 27 01:09:45 AM","67950345033","2025 Dec 26 11:43:00 PM","PIONEER SQUARE","7130","ALL OTHER","K"
"2025-923650","2025 Dec 30 01:52:04 PM","67986740153","2025 Dec 26 11:45:00 PM","FREMONT","7390","PROPERTY CRIME","B"
"2025-923635","2025 Dec 30 01:43:48 PM","67986676862","2025 Dec 26 11:45:00 PM","SLU/CASCADE","11225","PROPERTY CRIME","D"
"2026-004913","2026 Jan 09 03:51:08 PM","68115306337","2025 Dec 26 11:55:00 PM","BRIGHTON/DUNLAP","7669","PROPERTY CRIME","S"
"2025-923665","2025 Dec 30 01:58:47 PM","67986797428","2025 Dec 27 12:00:00 AM","CAPITOL HILL","3514","PROPERTY CRIME","E"
"2026-000311","2026 Jan 01 07:21:25 AM","68005550156","2025 Dec 27 12:00:00 AM","JUDKINS PARK/NORTH BEACON HILL","12331","PROPERTY CRIME","G"
"2025-380562","2025 Dec 30 09:35:52 PM","67989830162","2025 Dec 27 12:00:00 AM","CAPITOL HILL","3523","PROPERTY CRIME","E"
"2025-923611","2025 Dec 30 10:43:46 AM","67985158640","2025 Dec 27 12:00:00 AM","BALLARD SOUTH","8098","PROPERTY CRIME","B"
"2026-006180","2026 Jan 07 05:47:37 PM","68090898598","2025 Dec 27 12:00:00 AM","SOUTH PARK","3285","PROPERTY CRIME","F"
"2025-379214","2025 Dec 29 04:08:23 PM","67976822759","2025 Dec 27 12:00:00 AM","QUEEN ANNE","13010","PROPERTY CRIME","Q"
"2025-378757","2025 Dec 29 02:57:07 AM","67971208330","2025 Dec 27 12:00:00 AM","DOWNTOWN COMMERCIAL","REDACTED","VIOLENT CRIME","M"
"2025-379718","2025 Dec 29 05:59:23 PM","67977494347","2025 Dec 27 12:00:00 AM","HIGHLAND PARK","REDACTED","ALL OTHER","F"
"2025-381244","2026 Jan 01 04:06:23 AM","68004733853","2025 Dec 27 12:00:00 AM","BALLARD NORTH","4038","PROPERTY CRIME","J"
"2026-900081","2026 Jan 03 07:00:16 AM","68031998509","2025 Dec 27 12:00:00 AM","QUEEN ANNE","13010","PROPERTY CRIME","Q"
"2025-378233","2025 Dec 28 07:33:53 AM","67965491441","2025 Dec 27 12:00:00 AM","COMMERCIAL HARBOR ISLAND","REDACTED","ALL OTHER","W"
"2025-377224","2025 Dec 27 01:06:40 AM","67947735583","2025 Dec 27 12:09:00 AM","NORTHGATE","7525","PROPERTY CRIME","L"
"2025-377225","2025 Dec 27 02:36:57 AM","67948041866","2025 Dec 27 12:10:00 AM","GENESEE","4316","ALL OTHER","R"
"2025-377234","2025 Dec 27 04:19:08 AM","67950225539","2025 Dec 27 12:32:00 AM","CAPITOL HILL","REDACTED","ALL OTHER","E"
"2025-377234","2025 Dec 27 04:19:08 AM","67950194258","2025 Dec 27 12:32:00 AM","CAPITOL HILL","REDACTED","ALL OTHER","E"
"2025-377618","2025 Dec 27 03:46:26 PM","67955871934","2025 Dec 27 01:00:00 AM","FIRST HILL","641","PROPERTY CRIME","G"
"2026-900041","2026 Jan 02 10:52:55 AM","68019545334","2025 Dec 27 01:00:00 AM","UNIVERSITY","1548","PROPERTY CRIME","U"
"2025-377243","2025 Dec 27 04:18:15 AM","67950272840","2025 Dec 27 01:10:00 AM","CAPITOL HILL","6230","ALL OTHER","E"
"2025-377243","2025 Dec 27 04:18:15 AM","67950233464","2025 Dec 27 01:10:00 AM","CAPITOL HILL","6230","VIOLENT CRIME","E"
"2025-377243","2025 Dec 27 04:18:15 AM","67950245135","2025 Dec 27 01:10:00 AM","CAPITOL HILL","6230","ALL OTHER","E"
"2025-377247","2025 Dec 27 04:41:01 AM","67950329232","2025 Dec 27 01:17:00 AM","BALLARD NORTH","12981","ALL OTHER","J"
"2025-923620","2025 Dec 30 01:31:08 PM","67986576323","2025 Dec 27 01:30:00 AM","FREMONT","10549","ALL OTHER","B"
"2025-377277","2025 Dec 27 04:44:46 AM","67957435865","2025 Dec 27 02:09:00 AM","BELLTOWN","REDACTED","ALL OTHER","D"
"2025-377277","2025 Dec 27 04:44:46 AM","67953205389","2025 Dec 27 02:09:00 AM","SODO","REDACTED","ALL OTHER","O"
"2025-377277","2025 Dec 27 04:44:46 AM","67950389428","2025 Dec 27 02:09:00 AM","BELLTOWN","REDACTED","VIOLENT CRIME","D"
"2025-377277","2025 Dec 27 04:44:46 AM","67957889210","2025 Dec 27 02:09:00 AM","BELLTOWN","REDACTED","ALL OTHER","D"
"2026-000455","2026 Jan 01 05:45:27 PM","68009021618","2025 Dec 27 02:30:00 AM","CAPITOL HILL","6335","ALL OTHER","E"
"2025-377287","2025 Dec 27 04:40:08 AM","67950254869","2025 Dec 27 02:31:00 AM","DOWNTOWN COMMERCIAL","6102","ALL OTHER","K"
"2025-377291","2025 Dec 27 08:27:38 PM","67957500627","2025 Dec 27 02:43:00 AM","ROOSEVELT/RAVENNA","4730","ALL OTHER","U"
"2025-923667","2025 Dec 30 01:59:29 PM","67986804089","2025 Dec 27 02:46:00 AM","BALLARD NORTH","4177","PROPERTY CRIME","J"
"2025-377287","2025 Dec 27 04:40:08 AM","67950269180","2025 Dec 27 03:00:00 AM","DOWNTOWN COMMERCIAL","6102","ALL OTHER","K"
"2025-377318","2025 Dec 27 06:45:46 AM","67952963717","2025 Dec 27 03:40:00 AM","DOWNTOWN COMMERCIAL","2359","VIOLENT CRIME","M"
"2025-377315","2025 Dec 27 04:45:34 AM","67950314803","2025 Dec 27 03:42:00 AM","NORTH ADMIRAL","REDACTED","ALL OTHER","W"
"2025-377315","2025 Dec 27 04:45:34 AM","67950301640","2025 Dec 27 03:42:00 AM","NORTH ADMIRAL","REDACTED","VIOLENT CRIME","W"
"2025-923659","2025 Dec 30 01:55:00 PM","67986763160","2025 Dec 27 03:45:00 AM","CAPITOL HILL","6435","PROPERTY CRIME","E"
"2025-378163","2025 Dec 28 07:08:20 PM","67969048693","2025 Dec 27 03:53:00 AM","CAPITOL HILL","1813","VIOLENT CRIME","E"
"2025-377322","2025 Dec 27 05:55:29 AM","67951281999","2025 Dec 27 04:14:00 AM","ROOSEVELT/RAVENNA","7323","ALL OTHER","U"
"2025-377474","2025 Dec 27 01:08:34 PM","67954940139","2025 Dec 27 04:30:00 AM","MAGNOLIA","7268","PROPERTY CRIME","Q"
"2025-923634","2025 Dec 30 01:43:01 PM","67986671270","2025 Dec 27 04:30:00 AM","PHINNEY RIDGE","11075","PROPERTY CRIME","J"
"2026-900402","2026 Jan 05 11:43:04 AM","68059199364","2025 Dec 27 04:42:00 AM","UNIVERSITY","11458","PROPERTY CRIME","U"
"2026-900017","2026 Jan 02 07:28:31 AM","68017875996","2025 Dec 27 04:49:00 AM","ROOSEVELT/RAVENNA","7517","PROPERTY CRIME","U"
"2025-377325","2025 Dec 27 08:07:52 AM","67962496366","2025 Dec 27 04:50:00 AM","NORTHGATE","5652","ALL OTHER","N"
"2025-923624","2025 Dec 30 01:38:52 PM","67986638991","2025 Dec 27 04:56:00 AM","BALLARD NORTH","7879","PROPERTY CRIME","J"
"2026-900165","2026 Jan 03 12:50:30 PM","68034083088","2025 Dec 27 05:30:00 AM","FAUNTLEROY SW","10606","ALL OTHER","W"
"2025-923638","2025 Dec 30 01:44:54 PM","67986685321","2025 Dec 27 05:39:00 AM","MORGAN","10905","PROPERTY CRIME","W"
"2026-900078","2026 Jan 02 02:03:17 PM","68021237673","2025 Dec 27 05:59:00 AM","SOUTH DELRIDGE","5319","PROPERTY CRIME","F"
"2025-377505","2025 Dec 27 11:09:05 AM","67954180115","2025 Dec 27 06:07:00 AM","GREENWOOD","2205","PROPERTY CRIME","J"
"2025-377479","2025 Dec 27 10:51:43 AM","67954096811","2025 Dec 27 06:07:00 AM","GREENWOOD","2205","PROPERTY CRIME","J"
"2025-377352","2025 Dec 27 08:03:59 AM","67973576803","2025 Dec 27 06:12:00 AM","BALLARD SOUTH","7375","VIOLENT CRIME","B"
"2026-900171","2026 Jan 03 01:57:54 PM","68034556971","2025 Dec 27 06:28:00 AM","CAPITOL HILL","1236","PROPERTY CRIME","E"
"2025-923629","2025 Dec 30 01:41:07 PM","67986655796","2025 Dec 27 06:30:00 AM","SLU/CASCADE","8492","PROPERTY CRIME","D"
"2026-900141","2026 Jan 03 10:07:24 AM","68033020391","2025 Dec 27 07:00:00 AM","MAGNOLIA","365","PROPERTY CRIME","Q"
"2025-378104","2025 Dec 28 07:04:48 AM","67965196565","2025 Dec 27 07:30:00 AM","BITTERLAKE","10603","PROPERTY CRIME","N"
"2025-377419","2025 Dec 27 09:00:49 AM","67953528720","2025 Dec 27 07:30:00 AM","QUEEN ANNE","5445","ALL OTHER","Q"
"2025-923623","2025 Dec 30 01:38:27 PM","67986634941","2025 Dec 27 07:55:00 AM","SANDPOINT","12542","PROPERTY CRIME","U"
"2025-378558","2025 Dec 28 05:20:41 PM","67968265494","2025 Dec 27 08:36:00 AM","SANDPOINT","4644","PROPERTY CRIME","U"
"2026-900026","2026 Jan 02 10:38:15 AM","68019421437","2025 Dec 27 08:53:00 AM","SLU/CASCADE","187","PROPERTY CRIME","D"
"2025-377429","2025 Dec 27 10:00:24 AM","67953807547","2025 Dec 27 08:54:00 AM","BALLARD SOUTH","5525","PROPERTY CRIME","B"
"2025-377439","2025 Dec 27 10:59:15 AM","67954136889","2025 Dec 27 08:55:00 AM","HILLMAN CITY","2119","PROPERTY CRIME","R"
"2025-377467","2025 Dec 27 10:59:14 AM","67954132505","2025 Dec 27 09:00:00 AM","CENTRAL AREA/SQUIRE PARK","6158","ALL OTHER","C"
"2026-900608","2026 Jan 09 12:53:01 PM","68113561983","2025 Dec 27 09:00:00 AM","BALLARD NORTH","11040","PROPERTY CRIME","J"
"2025-377451","2025 Dec 27 10:37:32 AM","67954033236","2025 Dec 27 09:49:00 AM","BELLTOWN","4142","PROPERTY CRIME","D"
"2025-377463","2025 Dec 27 10:35:32 AM","67954001053","2025 Dec 27 09:58:00 AM","QUEEN ANNE","3507","PROPERTY CRIME","Q"
"2026-900698","2026 Jan 10 12:26:23 PM","68125936487","2025 Dec 27 10:00:00 AM","MILLER PARK","7570","PROPERTY CRIME","C"
"2025-377478","2025 Dec 27 11:46:03 AM","68062197055","2025 Dec 27 10:26:00 AM","LAKECITY","REDACTED","ALL OTHER","L"
"2025-377478","2025 Dec 27 11:46:03 AM","67954411195","2025 Dec 27 10:26:00 AM","LAKECITY","REDACTED","VIOLENT CRIME","L"
"2025-377497","2025 Dec 27 01:47:03 PM","67955168881","2025 Dec 27 10:45:00 AM","CHINATOWN/INTERNATIONAL DISTRICT","12044","ALL OTHER","K"
"2025-377498","2025 Dec 27 11:34:10 AM","67954325096","2025 Dec 27 10:52:00 AM","MILLER PARK","3988","PROPERTY CRIME","C"
"2025-380594","2025 Dec 30 03:46:13 PM","67987765989","2025 Dec 27 11:00:00 AM","COLUMBIA CITY","12485","PROPERTY CRIME","R"
"2025-923662","2025 Dec 30 01:56:27 PM","67986776898","2025 Dec 27 11:00:00 AM","CHINATOWN/INTERNATIONAL DISTRICT","1498","PROPERTY CRIME","K"
"2025-377518","2025 Dec 27 12:00:52 PM","67954508818","2025 Dec 27 11:22:00 AM","ROXHILL/WESTWOOD/ARBOR HEIGHTS","10653","VIOLENT CRIME","F"
"2025-377524","2025 Dec 27 01:30:16 PM","67955027240","2025 Dec 27 11:38:00 AM","MOUNT BAKER","812","ALL OTHER","R"
"2025-377524","2025 Dec 27 01:30:16 PM","67955014784","2025 Dec 27 11:38:00 AM","MOUNT BAKER","812","ALL OTHER","R"
"2025-377524","2025 Dec 27 01:30:16 PM","67956099148","2025 Dec 27 11:38:00 AM","MOUNT BAKER","812","PROPERTY CRIME","R"
"2025-378073","2025 Dec 28 05:27:45 PM","67968274306","2025 Dec 27 12:00:00 PM","CAPITOL HILL","6955","PROPERTY CRIME","E"
"2025-923658","2025 Dec 30 01:54:40 PM","67986759374","2025 Dec 27 12:00:00 PM","MADISON PARK","4958","ALL OTHER","C"
"2026-900244","2026 Jan 04 09:27:51 AM","68045874903","2025 Dec 27 12:08:00 PM","ALASKA JUNCTION","8535","PROPERTY CRIME","W"
"2025-377573","2025 Dec 27 01:35:00 PM","67955073056","2025 Dec 27 12:30:00 PM","HILLMAN CITY","12641","VIOLENT CRIME","R"
"2025-377571","2025 Dec 27 01:25:35 PM","67955010392","2025 Dec 27 12:39:00 PM","UNIVERSITY","11009","ALL OTHER","U"
"2025-377754","2025 Dec 27 05:46:12 PM","67956576725","2025 Dec 27 12:45:00 PM","UNKNOWN","REDACTED","ALL OTHER","99"
"2025-377731","2025 Dec 27 09:01:27 PM","67957859501","2025 Dec 27 12:53:00 PM","BELLTOWN","8355","ALL OTHER","D"
"2025-377580","2025 Dec 27 02:01:27 PM","67955251906","2025 Dec 27 01:02:00 PM","DOWNTOWN COMMERCIAL","5533","ALL OTHER","M"
"2026-900398","2026 Jan 05 11:32:49 AM","68059113529","2025 Dec 27 01:09:00 PM","CAPITOL HILL","6228","PROPERTY CRIME","E"
"2025-377590","2025 Dec 27 04:40:13 PM","67956168883","2025 Dec 27 01:10:00 PM","GEORGETOWN","181","ALL OTHER","O"
"2025-377590","2025 Dec 27 04:40:13 PM","67961757517","2025 Dec 27 01:10:00 PM","GEORGETOWN","181","ALL OTHER","O"
"2026-900259","2026 Jan 04 09:38:21 AM","68045935066","2025 Dec 27 01:15:00 PM","ALASKA JUNCTION","8480","PROPERTY CRIME","W"
"2025-923664","2025 Dec 30 01:57:13 PM","67986784538","2025 Dec 27 01:20:00 PM","QUEEN ANNE","4140","PROPERTY CRIME","Q"
"2025-377604","2025 Dec 27 04:35:28 PM","67956150488","2025 Dec 27 01:30:00 PM","NORTHGATE","12980","ALL OTHER","N"
"2025-379199","2025 Dec 29 12:21:18 PM","67975113966","2025 Dec 27 01:45:00 PM","SANDPOINT","56","PROPERTY CRIME","U"
"2025-377638","2025 Dec 27 06:28:41 PM","67956786772","2025 Dec 27 02:04:00 PM","DOWNTOWN COMMERCIAL","REDACTED","ALL OTHER","M"
"2026-900110","2026 Jan 03 08:37:10 AM","68032548839","2025 Dec 27 02:23:00 PM","DOWNTOWN COMMERCIAL","10326","PROPERTY CRIME","M"
"2025-378349","2025 Dec 29 03:27:54 AM","67971290984","2025 Dec 27 02:39:00 PM","DOWNTOWN COMMERCIAL","6612","PROPERTY CRIME","M"
"2025-378458","2025 Dec 28 03:22:01 PM","67967557526","2025 Dec 27 02:46:00 PM","CAPITOL HILL","REDACTED","ALL OTHER","E"
"2025-377651","2025 Dec 27 03:49:32 PM","67960079538","2025 Dec 27 02:59:00 PM","DOWNTOWN COMMERCIAL","2084","ALL OTHER","M"
"2025-377651","2025 Dec 27 03:49:32 PM","67960077772","2025 Dec 27 02:59:00 PM","DOWNTOWN COMMERCIAL","2084","ALL OTHER","M"
"2025-377651","2025 Dec 27 03:49:32 PM","67955918902","2025 Dec 27 02:59:00 PM","DOWNTOWN COMMERCIAL","2084","ALL OTHER","M"
"2026-900043","2026 Jan 02 10:57:00 AM","68019578522","2025 Dec 27 03:00:00 PM","SANDPOINT","3022","ALL OTHER","U"
"2026-900627","2026 Jan 10 07:19:02 AM","68124453412","2025 Dec 27 03:00:00 PM","SLU/CASCADE","8492","PROPERTY CRIME","D"
"2025-379176","2025 Dec 29 12:25:25 PM","67975156431","2025 Dec 27 03:00:00 PM","BALLARD NORTH","337","PROPERTY CRIME","J"
"2025-377656","2025 Dec 27 04:00:12 PM","67957321038","2025 Dec 27 03:04:00 PM","MADRONA/LESCHI","REDACTED","PROPERTY CRIME","G"
"2025-377656","2025 Dec 27 04:00:12 PM","67955948742","2025 Dec 27 03:04:00 PM","MADRONA/LESCHI","REDACTED","ALL OTHER","G"
"2025-377656","2025 Dec 27 04:00:12 PM","67955932611","2025 Dec 27 03:04:00 PM","MADRONA/LESCHI","REDACTED","ALL OTHER","G"
"2025-377800","2025 Dec 28 12:32:01 AM","67959268931","2025 Dec 27 03:30:00 PM","NORTHGATE","11042","PROPERTY CRIME","N"
"2025-377673","2025 Dec 27 04:27:48 PM","67956107189","2025 Dec 27 03:30:00 PM","RAINIER BEACH","10178","PROPERTY CRIME","S"
"2025-377686","2025 Dec 27 06:32:25 PM","67956810810","2025 Dec 27 03:35:00 PM","BALLARD NORTH","REDACTED","ALL OTHER","J"
"2025-377672","2025 Dec 27 04:43:21 PM","68062215035","2025 Dec 27 03:40:00 PM","GEORGETOWN","3478","ALL OTHER","O"
"2025-923656","2025 Dec 30 01:53:57 PM","67986753867","2025 Dec 27 03:50:00 PM","QUEEN ANNE","1029","PROPERTY CRIME","Q"
"2025-377688","2025 Dec 27 05:12:13 PM","67956411618","2025 Dec 27 03:52:00 PM","NORTHGATE","2055","VIOLENT CRIME","L"
"2026-900224","2026 Jan 04 07:57:35 AM","68045211752","2025 Dec 27 04:00:00 PM","QUEEN ANNE","1930","PROPERTY CRIME","Q"
"2026-700007","2026 Jan 12 03:47:42 PM","68153058104","2025 Dec 27 04:16:00 PM","ROOSEVELT/RAVENNA","2056","PROPERTY CRIME","U"
"2025-378094","2025 Dec 28 07:44:23 AM","67965779553","2025 Dec 27 05:00:00 PM","MID BEACON HILL","REDACTED","VIOLENT CRIME","R"
"2025-378094","2025 Dec 28 07:44:23 AM","67965876075","2025 Dec 27 05:00:00 PM","MID BEACON HILL","REDACTED","ALL OTHER","R"
"2025-378094","2025 Dec 28 07:44:23 AM","67965827453","2025 Dec 27 05:00:00 PM","MID BEACON HILL","REDACTED","PROPERTY CRIME","R"
"2025-378094","2025 Dec 28 07:44:23 AM","67965815239","2025 Dec 27 05:00:00 PM","MID BEACON HILL","REDACTED","ALL OTHER","R"
"2025-377743","2025 Dec 27 07:24:16 PM","67957171993","2025 Dec 27 05:12:00 PM","FIRST HILL","2426","ALL OTHER","G"
"2025-377743","2025 Dec 27 07:24:16 PM","67957474453","2025 Dec 27 05:12:00 PM","FIRST HILL","2426","ALL OTHER","G"
"2025-377757","2025 Dec 27 06:36:50 PM","67956837458","2025 Dec 27 05:33:00 PM","QUEEN ANNE","5008","VIOLENT CRIME","Q"
"2025-377777","2025 Dec 27 06:45:24 PM","67956908369","2025 Dec 27 06:03:00 PM","NORTHGATE","7723","ALL OTHER","N"
"2025-377778","2025 Dec 27 07:16:25 PM","67957118432","2025 Dec 27 06:05:00 PM","MID BEACON HILL","2170","VIOLENT CRIME","R"
"2025-377778","2025 Dec 27 07:16:25 PM","68062227287","2025 Dec 27 06:05:00 PM","MID BEACON HILL","2170","ALL OTHER","R"
"2026-900025","2026 Jan 02 08:53:15 AM","68018615383","2025 Dec 27 06:30:00 PM","SLU/CASCADE","4497","PROPERTY CRIME","D"
"2025-377816","2025 Dec 28 11:57:19 AM","67966467085","2025 Dec 27 07:09:00 PM","UNIVERSITY","746","VIOLENT CRIME","U"
"2025-377817","2025 Dec 27 10:32:06 PM","68062241675","2025 Dec 27 07:11:00 PM","MOUNT BAKER","REDACTED","ALL OTHER","R"
"2025-377817","2025 Dec 27 10:32:06 PM","67958205690","2025 Dec 27 07:11:00 PM","MOUNT BAKER","REDACTED","ALL OTHER","R"
"2025-377822","2025 Dec 28 12:42:20 AM","67959299375","2025 Dec 27 07:14:00 PM","LAKECITY","5659","ALL OTHER","L"
"2025-377823","2025 Dec 27 08:00:13 PM","67957399551","2025 Dec 27 07:16:00 PM","SLU/CASCADE","4497","ALL OTHER","D"
"2025-377823","2025 Dec 27 08:00:13 PM","67957341837","2025 Dec 27 07:16:00 PM","BELLTOWN","2137","ALL OTHER","D"
"2025-378370","2025 Dec 28 12:10:05 PM","67966572269","2025 Dec 27 08:00:00 PM","BALLARD SOUTH","11041","PROPERTY CRIME","B"
"2025-378287","2025 Dec 28 09:46:36 AM","67965845227","2025 Dec 27 08:00:00 PM","QUEEN ANNE","8350","PROPERTY CRIME","Q"
"2025-377862","2025 Dec 28 12:19:56 AM","67959263051","2025 Dec 27 08:09:00 PM","CAPITOL HILL","7596","VIOLENT CRIME","E"
"2025-377840","2025 Dec 28 03:12:57 AM","67960926687","2025 Dec 27 08:13:00 PM","DOWNTOWN COMMERCIAL","REDACTED","ALL OTHER","M"
"2025-377737","2025 Dec 27 08:39:21 PM","67957560015","2025 Dec 27 08:24:00 PM","SLU/CASCADE","6021","ALL OTHER","D"
"2025-379597","2025 Dec 29 03:35:59 PM","67976691692","2025 Dec 27 08:30:00 PM","FREMONT","8636","ALL OTHER","B"
"2025-923663","2025 Dec 30 01:56:50 PM","67986781087","2025 Dec 27 08:40:00 PM","MADRONA/LESCHI","12248","PROPERTY CRIME","G"
"2025-923666","2025 Dec 30 01:59:08 PM","67986801462","2025 Dec 27 08:50:00 PM","BALLARD SOUTH","437","PROPERTY CRIME","B"
"2025-378417","2025 Dec 28 12:36:27 PM","67966675485","2025 Dec 27 09:00:00 PM","BALLARD NORTH","10495","PROPERTY CRIME","J"
"2025-377909","2025 Dec 28 12:08:50 AM","67959184488","2025 Dec 27 09:20:00 PM","PHINNEY RIDGE","1132","ALL OTHER","J"
"2025-377915","2025 Dec 28 12:49:04 AM","67959874176","2025 Dec 27 09:24:00 PM","HIGHLAND PARK","2377","ALL OTHER","F"
"2025-377915","2025 Dec 28 12:49:04 AM","67959876966","2025 Dec 27 09:24:00 PM","HIGHLAND PARK","2377","ALL OTHER","F"
"2025-923668","2025 Dec 30 02:00:40 PM","67986812539","2025 Dec 27 09:30:00 PM","CENTRAL AREA/SQUIRE PARK","11006","PROPERTY CRIME","C"
"2025-377930","2025 Dec 27 11:13:58 PM","67958654298","2025 Dec 27 09:35:00 PM","QUEEN ANNE","7044","ALL OTHER","Q"
"2025-377933","2025 Dec 28 12:08:11 AM","67959161518","2025 Dec 27 09:44:00 PM","CHINATOWN/INTERNATIONAL DISTRICT","1498","ALL OTHER","K"
"2025-377933","2025 Dec 28 12:08:11 AM","67977103903","2025 Dec 27 09:44:00 PM","CHINATOWN/INTERNATIONAL DISTRICT","1498","ALL OTHER","K"
"2025-377943","2025 Dec 28 03:22:39 AM","67961240251","2025 Dec 27 09:56:00 PM","PIONEER SQUARE","6552","ALL OTHER","K"
"2026-900326","2026 Jan 05 08:38:40 AM","68057530052","2025 Dec 27 10:00:00 PM","CAPITOL HILL","6225","PROPERTY CRIME","E"
"2025-378317","2025 Dec 28 01:55:11 PM","67967087179","2025 Dec 27 10:00:00 PM","CAPITOL HILL","4203","PROPERTY CRIME","E"
"2025-378347","2025 Dec 28 11:12:12 AM","67966266779","2025 Dec 27 10:00:00 PM","SOUTH PARK","4196","PROPERTY CRIME","F"
"2026-900011","2026 Jan 02 06:36:06 AM","68016614081","2025 Dec 27 10:00:00 PM","SODO","1712","ALL OTHER","O"
"2025-377962","2025 Dec 27 11:57:46 PM","67959085907","2025 Dec 27 10:05:00 PM","ROOSEVELT/RAVENNA","7071","VIOLENT CRIME","J"
"2025-377974","2025 Dec 28 02:14:11 AM","67960130279","2025 Dec 27 10:28:00 PM","CAPITOL HILL","REDACTED","ALL OTHER","E"
"2025-378310","2025 Dec 28 10:24:43 AM","67966188457","2025 Dec 27 11:00:00 PM","QUEEN ANNE","1609","PROPERTY CRIME","Q"
"2025-378003","2025 Dec 28 05:30:25 AM","67962628151","2025 Dec 27 11:00:00 PM","QUEEN ANNE","REDACTED","ALL OTHER","Q"
"2026-900249","2026 Jan 04 09:29:54 AM","68045886504","2025 Dec 27 11:00:00 PM","FIRST HILL","4216","ALL OTHER","E"
"2026-900076","2026 Jan 02 02:01:36 PM","68021222603","2025 Dec 27 11:00:00 PM","SODO","6923","PROPERTY CRIME","O"
"2025-378002","2025 Dec 28 02:02:04 AM","67960082080","2025 Dec 27 11:08:00 PM","DOWNTOWN COMMERCIAL","12452","ALL OTHER","M"
"2025-378014","2025 Dec 28 01:41:58 AM","67960033680","2025 Dec 27 11:23:00 PM","ALASKA JUNCTION","6847","ALL OTHER","W"
"2025-378014","2025 Dec 28 01:41:58 AM","67970261698","2025 Dec 27 11:23:00 PM","ALASKA JUNCTION","8537","ALL OTHER","W"
"2025-378020","2025 Dec 28 02:51:51 AM","67960276138","2025 Dec 27 11:31:00 PM","BALLARD SOUTH","7948","ALL OTHER","B"
"2025-377844","2025 Dec 28 02:21:03 AM","68062250153","2025 Dec 27 11:38:00 PM","CAPITOL HILL","REDACTED","ALL OTHER","C"
"2025-377844","2025 Dec 28 02:21:03 AM","67960158940","2025 Dec 27 11:38:00 PM","CAPITOL HILL","REDACTED","ALL OTHER","C"
"2025-378033","2025 Dec 28 03:48:26 AM","67961761343","2025 Dec 27 11:44:00 PM","DOWNTOWN COMMERCIAL","10333","VIOLENT CRIME","K"
"2025-378033","2025 Dec 28 03:48:26 AM","67962378718","2025 Dec 27 11:45:00 PM","DOWNTOWN COMMERCIAL","10333","ALL OTHER","K"
"2025-378966","2025 Dec 29 08:43:54 AM","67975848715","2025 Dec 28 12:00:00 AM","SLU/CASCADE","10535","PROPERTY CRIME","D"
"2026-003034","2026 Jan 04 06:54:29 AM","68044900430","2025 Dec 28 12:00:00 AM","LAKECITY","13044","PROPERTY CRIME","L"
"2026-900478","2026 Jan 07 07:55:31 AM","68085026297","2025 Dec 28 12:00:00 AM","QUEEN ANNE","8943","PROPERTY CRIME","Q"
"2025-379128","2025 Dec 29 12:45:22 PM","67975313385","2025 Dec 28 12:00:00 AM","BITTERLAKE","2623","PROPERTY CRIME","N"
"2025-378966","2025 Dec 29 08:43:54 AM","67973433893","2025 Dec 28 12:00:00 AM","SLU/CASCADE","10535","PROPERTY CRIME","D"
"2025-378290","2026 Jan 09 11:29:58 AM","68146666832","2025 Dec 28 12:00:00 AM","QUEEN ANNE","5023","ALL OTHER","Q"
"2026-900005","2026 Jan 02 05:49:56 AM","68014925781","2025 Dec 28 12:00:00 AM","ALASKA JUNCTION","5333","PROPERTY CRIME","W"
"2025-378518","2025 Dec 28 04:29:35 PM","67968072239","2025 Dec 28 12:00:00 AM","CAPITOL HILL","1813","PROPERTY CRIME","E"
"2025-378290","2026 Jan 09 11:29:58 AM","68146729272","2025 Dec 28 12:00:00 AM","QUEEN ANNE","5023","VIOLENT CRIME","Q"
"2026-010987","2026 Jan 12 04:09:22 PM","68153322833","2025 Dec 28 12:00:00 AM","SANDPOINT","5842","PROPERTY CRIME","U"
"2026-900217","2026 Jan 04 07:22:41 AM","68045037519","2025 Dec 28 12:00:00 AM","CHINATOWN/INTERNATIONAL DISTRICT","12043","PROPERTY CRIME","K"
"2025-378058","2025 Dec 28 01:29:15 AM","67959984266","2025 Dec 28 12:05:00 AM","NORTHGATE","11042","VIOLENT CRIME","N"
"2025-378055","2025 Dec 28 03:28:20 AM","67961539068","2025 Dec 28 12:09:00 AM","GEORGETOWN","3275","ALL OTHER","O"
"2025-378059","2025 Dec 28 05:35:37 AM","67962703150","2025 Dec 28 12:17:00 AM","NORTHGATE","REDACTED","ALL OTHER","N"
"2025-378059","2025 Dec 28 05:35:37 AM","67962646287","2025 Dec 28 12:17:00 AM","NORTHGATE","REDACTED","ALL OTHER","N"
"2025-378089","2025 Dec 28 02:40:09 AM","67960221983","2025 Dec 28 12:56:00 AM","SOUTH BEACON HILL","8552","ALL OTHER","S"
"2026-900051","2026 Jan 02 11:33:48 AM","68019896785","2025 Dec 28 01:00:00 AM","FREMONT","407","PROPERTY CRIME","B"
"2026-900113","2026 Jan 03 08:39:37 AM","68032561400","2025 Dec 28 01:00:00 AM","BALLARD NORTH","11229","ALL OTHER","J"
"2025-378099","2025 Dec 28 02:17:40 AM","67960150698","2025 Dec 28 01:10:00 AM","LAKECITY","REDACTED","ALL OTHER","L"
"2025-378110","2025 Dec 28 02:22:32 AM","67960173892","2025 Dec 28 01:28:00 AM","UNIVERSITY","12561","PROPERTY CRIME","U"
"2025-378307","2025 Dec 28 10:48:24 AM","67966142047","2025 Dec 28 01:30:00 AM","UNIVERSITY","7086","PROPERTY CRIME","U"
"2025-378307","2025 Dec 28 10:48:24 AM","67985140871","2025 Dec 28 01:30:00 AM","UNIVERSITY","7086","ALL OTHER","U"
"2025-378113","2025 Dec 28 03:49:55 AM","67962355503","2025 Dec 28 01:35:00 AM","DOWNTOWN COMMERCIAL","8349","ALL OTHER","K"
"2025-378113","2025 Dec 28 03:49:55 AM","67961749415","2025 Dec 28 01:35:00 AM","DOWNTOWN COMMERCIAL","8349","ALL OTHER","K"
"2025-378116","2025 Dec 28 07:13:26 AM","67965243512","2025 Dec 28 01:38:00 AM","QUEEN ANNE","6394","PROPERTY CRIME","D"
"2025-378118","2025 Dec 28 04:03:12 AM","67961761445","2025 Dec 28 01:40:00 AM","CAPITOL HILL","REDACTED","ALL OTHER","E"
"2026-900615","2026 Jan 09 12:57:25 PM","68113602887","2025 Dec 28 01:45:00 AM","SODO","1235","ALL OTHER","O"
"2026-900250","2026 Jan 04 09:30:26 AM","68045888859","2025 Dec 28 01:55:00 AM","NORTH ADMIRAL","10588","PROPERTY CRIME","W"
"2025-378984","2025 Dec 29 08:06:02 AM","67972929136","2025 Dec 28 02:00:00 AM","SOUTH PARK","11162","ALL OTHER","F"
"2025-378984","2025 Dec 29 08:06:02 AM","67972904494","2025 Dec 28 02:00:00 AM","SOUTH PARK","11162","PROPERTY CRIME","F"
"2025-378259","2025 Dec 28 09:16:49 AM","67965773877","2025 Dec 28 02:00:00 AM","QUEEN ANNE","3338","PROPERTY CRIME","Q"
"2025-378033","2025 Dec 28 03:48:26 AM","67962388973","2025 Dec 28 02:04:00 AM","DOWNTOWN COMMERCIAL","10333","ALL OTHER","K"
"2025-378136","2025 Dec 28 03:32:30 AM","67961587833","2025 Dec 28 02:22:00 AM","CAPITOL HILL","REDACTED","ALL OTHER","E"
"2025-378136","2025 Dec 28 03:32:30 AM","68062261059","2025 Dec 28 02:22:00 AM","CAPITOL HILL","REDACTED","ALL OTHER","E"
"2025-378136","2025 Dec 28 03:32:30 AM","67964129137","2025 Dec 28 02:22:00 AM","CAPITOL HILL","REDACTED","ALL OTHER","E"
"2025-378141","2026 Jan 03 11:04:21 PM","68038347303","2025 Dec 28 02:34:00 AM","CAPITOL HILL","3161","PROPERTY CRIME","C"
"2025-378141","2026 Jan 03 11:04:21 PM","68038471275","2025 Dec 28 02:34:00 AM","CAPITOL HILL","3161","ALL OTHER","C"
"2025-378146","2025 Dec 28 05:43:51 AM","67962725992","2025 Dec 28 02:56:00 AM","SOUTH PARK","11387","ALL OTHER","F"
"2025-378146","2025 Dec 28 05:43:51 AM","67962728774","2025 Dec 28 02:56:00 AM","SOUTH PARK","11387","ALL OTHER","F"
"2025-378243","2025 Dec 28 08:28:44 AM","67965605441","2025 Dec 28 03:00:00 AM","FREMONT","2085","PROPERTY CRIME","B"
"2026-900659","2026 Jan 10 09:00:49 AM","68124874238","2025 Dec 28 03:00:00 AM","MADRONA/LESCHI","5504","PROPERTY CRIME","G"
"2026-900094","2026 Jan 03 07:57:49 AM","68032343917","2025 Dec 28 03:00:00 AM","QUEEN ANNE","4375","PROPERTY CRIME","Q"
"2025-378254","2025 Dec 28 09:51:53 AM","67965935712","2025 Dec 28 03:00:00 AM","DOWNTOWN COMMERCIAL","7090","VIOLENT CRIME","M"
"2026-900083","2026 Jan 03 07:01:04 AM","68032012094","2025 Dec 28 03:02:00 AM","LAKEWOOD/SEWARD PARK","10439","PROPERTY CRIME","R"
"2025-378149","2025 Dec 28 03:38:37 AM","67961599740","2025 Dec 28 03:03:00 AM","CAPITOL HILL","REDACTED","ALL OTHER","C"
"2026-900222","2026 Jan 04 07:40:26 AM","68045122098","2025 Dec 28 03:30:00 AM","MADRONA/LESCHI","1118","PROPERTY CRIME","C"
"2025-378167","2025 Dec 28 05:02:45 AM","67962513544","2025 Dec 28 04:02:00 AM","CAPITOL HILL","6094","PROPERTY CRIME","C"
"2025-378192","2025 Dec 28 06:23:11 AM","67964182466","2025 Dec 28 04:03:00 AM","UNIVERSITY","REDACTED","ALL OTHER","U"
"2025-378175","2025 Dec 28 05:28:52 AM","67964127882","2025 Dec 28 04:20:00 AM","CENTRAL AREA/SQUIRE PARK","5347","ALL OTHER","C"
"2025-378177","2025 Dec 28 11:14:42 AM","67966287513","2025 Dec 28 04:26:00 AM","SLU/CASCADE","720","ALL OTHER","D"
"2025-923529","2025 Dec 29 04:34:30 PM","67976960203","2025 Dec 28 05:00:00 AM","BALLARD NORTH","7604","ALL OTHER","J"
"2025-923529","2025 Dec 29 04:34:30 PM","68008015842","2025 Dec 28 05:00:00 AM","BALLARD NORTH","7604","ALL OTHER","J"
"2025-378195","2025 Dec 28 05:17:49 AM","67962549191","2025 Dec 28 05:00:00 AM","RAINIER BEACH","4661","ALL OTHER","S"
"2025-378218","2025 Dec 28 07:30:11 AM","67965281822","2025 Dec 28 05:00:00 AM","CAPITOL HILL","663","PROPERTY CRIME","E"
"2025-378745","2025 Dec 28 10:58:26 PM","67969965005","2025 Dec 28 05:00:00 AM","NORTHGATE","REDACTED","VIOLENT CRIME","N"
"2025-378211","2025 Dec 28 11:49:53 AM","67966556948","2025 Dec 28 05:30:00 AM","CHINATOWN/INTERNATIONAL DISTRICT","10009","VIOLENT CRIME","K"
"2026-900105","2026 Jan 03 08:28:20 AM","68032503342","2025 Dec 28 05:39:00 AM","QUEEN ANNE","12105","PROPERTY CRIME","D"
"2025-378208","2025 Dec 28 07:28:56 AM","67965300365","2025 Dec 28 05:43:00 AM","NORTH BEACON HILL","5641","VIOLENT CRIME","R"
"2025-378215","2025 Dec 28 07:55:08 AM","67965421555","2025 Dec 28 06:17:00 AM","SLU/CASCADE","3062","ALL OTHER","D"
"2026-900090","2026 Jan 03 07:55:59 AM","68032332755","2025 Dec 28 07:49:00 AM","GREENWOOD","2452","PROPERTY CRIME","J"
"2025-379613","2025 Dec 29 07:31:55 PM","67991725248","2025 Dec 28 08:00:00 AM","ROOSEVELT/RAVENNA","1973","ALL OTHER","J"
"2025-379613","2025 Dec 29 07:31:55 PM","67978016559","2025 Dec 28 08:00:00 AM","ROOSEVELT/RAVENNA","1973","PROPERTY CRIME","J"
"2025-378255","2025 Dec 28 01:08:00 PM","67966833632","2025 Dec 28 08:22:00 AM","BALLARD SOUTH","1706","PROPERTY CRIME","B"
"2025-378262","2025 Dec 28 10:06:45 AM","67965925250","2025 Dec 28 08:42:00 AM","CAPITOL HILL","REDACTED","VIOLENT CRIME","C"
"2026-900006","2026 Jan 02 06:32:11 AM","68016587155","2025 Dec 28 08:45:00 AM","SLU/CASCADE","6925","PROPERTY CRIME","Q"
"2025-378293","2025 Dec 28 11:28:50 AM","67966360859","2025 Dec 28 09:15:00 AM","SANDPOINT","4644","ALL OTHER","U"
"2025-378315","2025 Dec 28 01:12:08 PM","67966868191","2025 Dec 28 09:30:00 AM","UNIVERSITY","6718","VIOLENT CRIME","U"
"2025-378315","2025 Dec 28 01:12:08 PM","67967538529","2025 Dec 28 10:00:00 AM","UNIVERSITY","6718","ALL OTHER","U"
"2025-378315","2025 Dec 28 01:12:08 PM","67967523079","2025 Dec 28 10:00:00 AM","UNIVERSITY","6718","ALL OTHER","U"
"2026-900029","2026 Jan 02 10:40:12 AM","68019434788","2025 Dec 28 10:00:00 AM","SLU/CASCADE","3164","PROPERTY CRIME","D"
"2025-378312","2025 Dec 28 12:31:34 PM","67966675493","2025 Dec 28 10:08:00 AM","CAPITOL HILL","REDACTED","ALL OTHER","E"
"2025-378312","2025 Dec 28 12:31:34 PM","67966659338","2025 Dec 28 10:08:00 AM","CAPITOL HILL","REDACTED","ALL OTHER","E"
"2025-378313","2025 Dec 28 11:50:26 AM","67966444996","2025 Dec 28 10:11:00 AM","MOUNT BAKER","3413","PROPERTY CRIME","R"
"2025-378319","2025 Dec 28 12:35:21 PM","67966681428","2025 Dec 28 10:26:00 AM","FIRST HILL","11192","ALL OTHER","E"
"2026-900124","2026 Jan 03 09:57:13 AM","68032965447","2025 Dec 28 10:30:00 AM","BALLARD SOUTH","1849","PROPERTY CRIME","B"
"2025-378593","2025 Dec 28 08:09:15 PM","67969144835","2025 Dec 28 10:30:00 AM","UNIVERSITY","10188","PROPERTY CRIME","U"
"2025-378352","2025 Dec 28 06:37:23 PM","67968670042","2025 Dec 28 11:00:00 AM","QUEEN ANNE","3507","PROPERTY CRIME","Q"
"2025-378406","2025 Dec 28 12:33:52 PM","67966641958","2025 Dec 28 11:00:00 AM","NORTHGATE","4588","PROPERTY CRIME","L"
"2025-378406","2025 Dec 28 12:33:52 PM","67975596816","2025 Dec 28 11:00:00 AM","NORTHGATE","4588","PROPERTY CRIME","L"
"2026-900047","2026 Jan 02 10:58:54 AM","68019594384","2025 Dec 28 11:59:00 AM","QUEEN ANNE","6553","PROPERTY CRIME","Q"
"2025-378401","2025 Dec 28 01:15:41 PM","67966864515","2025 Dec 28 12:15:00 PM","CAPITOL HILL","5363","PROPERTY CRIME","C"
"2025-378430","2025 Dec 28 01:42:57 PM","67967013156","2025 Dec 28 12:40:00 PM","ROXHILL/WESTWOOD/ARBOR HEIGHTS","10484","PROPERTY CRIME","F"
"2025-378427","2025 Dec 28 03:34:41 PM","67967633762","2025 Dec 28 12:41:00 PM","FIRST HILL","REDACTED","ALL OTHER","G"
"2026-900354","2026 Jan 05 10:08:05 AM","68058363387","2025 Dec 28 12:44:00 PM","JUDKINS PARK/NORTH BEACON HILL","2507","PROPERTY CRIME","G"
"2025-378427","2025 Dec 28 03:34:41 PM","67967663037","2025 Dec 28 12:47:00 PM","FIRST HILL","REDACTED","ALL OTHER","G"
"2025-378443","2025 Dec 28 02:09:31 PM","67973660238","2025 Dec 28 12:54:00 PM","ALKI","10542","ALL OTHER","W"
"2025-380385","2025 Dec 30 04:55:01 PM","67988224104","2025 Dec 28 01:00:00 PM","QUEEN ANNE","REDACTED","VIOLENT CRIME","Q"
"2025-378446","2025 Dec 28 03:08:49 PM","67967578170","2025 Dec 28 01:03:00 PM","LAKECITY","6063","PROPERTY CRIME","L"
"2026-900170","2026 Jan 03 01:57:25 PM","68034552563","2025 Dec 28 01:10:00 PM","BALLARD SOUTH","4847","ALL OTHER","B"
"2025-378376","2025 Dec 28 02:47:28 PM","67968334808","2025 Dec 28 01:12:00 PM","DOWNTOWN COMMERCIAL","8349","VIOLENT CRIME","K"
"2025-378376","2025 Dec 28 02:47:28 PM","67970432435","2025 Dec 28 01:12:00 PM","DOWNTOWN COMMERCIAL","8349","ALL OTHER","K"
"2025-378376","2025 Dec 28 02:47:28 PM","67968286402","2025 Dec 28 01:12:00 PM","DOWNTOWN COMMERCIAL","8349","ALL OTHER","K"
"2025-378460","2025 Dec 28 02:30:11 PM","67967321349","2025 Dec 28 01:24:00 PM","UNIVERSITY","6718","VIOLENT CRIME","U"
"2026-900030","2026 Jan 02 10:41:56 AM","68019448624","2025 Dec 28 01:30:00 PM","BALLARD SOUTH","7373","PROPERTY CRIME","B"
"2025-378461","2025 Dec 28 08:40:45 PM","67969290772","2025 Dec 28 01:31:00 PM","CENTRAL AREA/SQUIRE PARK","3223","ALL OTHER","G"
"2025-378466","2025 Dec 28 02:55:25 PM","67967415357","2025 Dec 28 01:47:00 PM","LAKECITY","12285","ALL OTHER","L"
"2025-378467","2025 Dec 28 02:37:35 PM","67967295752","2025 Dec 28 01:48:00 PM","BALLARD SOUTH","REDACTED","ALL OTHER","B"
"2026-900021","2026 Jan 02 07:30:50 AM","68017894468","2025 Dec 28 02:00:00 PM","UNKNOWN","99","ALL OTHER","99"
"2025-379274","2025 Dec 29 07:16:16 PM","67977914557","2025 Dec 28 02:00:00 PM","DOWNTOWN COMMERCIAL","REDACTED","ALL OTHER","M"
"2026-900246","2026 Jan 04 09:28:34 AM","68045878524","2025 Dec 28 02:30:00 PM","QUEEN ANNE","6067","PROPERTY CRIME","Q"
"2026-900482","2026 Jan 07 07:57:54 AM","68085046427","2025 Dec 28 02:37:00 PM","WALLINGFORD","4362","PROPERTY CRIME","B"
"2025-378511","2025 Dec 28 04:53:12 PM","67968069283","2025 Dec 28 02:50:00 PM","RAINIER BEACH","REDACTED","ALL OTHER","S"
"2026-001653","2026 Jan 02 06:09:23 PM","68023305965","2025 Dec 28 03:15:00 PM","BALLARD SOUTH","6056","PROPERTY CRIME","B"
"2026-900044","2026 Jan 02 10:57:26 AM","68019582517","2025 Dec 28 03:30:00 PM","SLU/CASCADE","6018","PROPERTY CRIME","D"
"2025-378545","2025 Dec 28 06:43:49 PM","67968663703","2025 Dec 28 03:32:00 PM","SANDPOINT","125","ALL OTHER","U"
"2026-900028","2026 Jan 02 10:39:51 AM","68019432252","2025 Dec 28 03:38:00 PM","NORTH BEACON HILL","12209","PROPERTY CRIME","R"
"2026-700015","2026 Jan 12 05:17:15 PM","68153785998","2025 Dec 28 03:50:00 PM","BITTERLAKE","12160","PROPERTY CRIME","N"
"2025-379033","2025 Dec 29 10:35:04 AM","67974106045","2025 Dec 28 04:00:00 PM","UNIVERSITY","REDACTED","ALL OTHER","U"
"2026-900040","2026 Jan 02 10:52:32 AM","68019541727","2025 Dec 28 04:00:00 PM","CAPITOL HILL","823","ALL OTHER","E"
"2026-900392","2026 Jan 05 11:30:28 AM","68059089605","2025 Dec 28 04:00:00 PM","DOWNTOWN COMMERCIAL","12522","ALL OTHER","M"
"2026-900624","2026 Jan 10 07:17:30 AM","68124447694","2025 Dec 28 04:45:00 PM","BALLARD SOUTH","5395","PROPERTY CRIME","B"
"2025-378594","2025 Dec 28 06:58:06 PM","67973690545","2025 Dec 28 04:57:00 PM","MILLER PARK","3604","PROPERTY CRIME","C"
"2026-900045","2026 Jan 02 10:58:16 AM","68019588002","2025 Dec 28 05:00:00 PM","QUEEN ANNE","6553","PROPERTY CRIME","Q"
"2026-900048","2026 Jan 02 10:59:15 AM","68019596573","2025 Dec 28 05:00:00 PM","BELLTOWN","1894","PROPERTY CRIME","D"
"2026-900108","2026 Jan 03 08:33:50 AM","68032531529","2025 Dec 28 05:00:00 PM","DOWNTOWN COMMERCIAL","726","ALL OTHER","M"
"2025-379282","2025 Dec 29 05:01:02 PM","67977177437","2025 Dec 28 05:00:00 PM","ROOSEVELT/RAVENNA","REDACTED","ALL OTHER","U"
"2026-900088","2026 Jan 03 07:54:41 AM","68032325972","2025 Dec 28 05:00:00 PM","NORTHGATE","4714","PROPERTY CRIME","L"
"2025-378923","2025 Dec 29 06:09:31 AM","67972008210","2025 Dec 28 05:00:00 PM","QUEEN ANNE","10899","PROPERTY CRIME","D"
"2026-900035","2026 Jan 02 10:50:36 AM","68019523938","2025 Dec 28 05:00:00 PM","CAPITOL HILL","6244","PROPERTY CRIME","E"
"2026-900102","2026 Jan 03 08:15:02 AM","68032434404","2025 Dec 28 05:00:00 PM","NORTHGATE","4588","PROPERTY CRIME","L"
"2025-378602","2025 Dec 28 07:47:30 PM","68131053667","2025 Dec 28 05:02:00 PM","NORTH BEACON HILL","1815","ALL OTHER","R"
"2025-378602","2025 Dec 28 07:47:30 PM","67969034736","2025 Dec 28 05:02:00 PM","NORTH BEACON HILL","1815","VIOLENT CRIME","R"
"2025-378608","2025 Dec 28 09:14:57 PM","67969500528","2025 Dec 28 05:05:00 PM","ROOSEVELT/RAVENNA","5390","ALL OTHER","U"
"2025-378608","2025 Dec 28 09:14:57 PM","67969484850","2025 Dec 28 05:05:00 PM","ROOSEVELT/RAVENNA","5390","VIOLENT CRIME","U"
"2025-378590","2025 Dec 28 06:21:39 PM","67968560028","2025 Dec 28 05:08:00 PM","GREENWOOD","2620","VIOLENT CRIME","J"
"2025-379221","2025 Dec 29 07:52:50 PM","68019002139","2025 Dec 28 05:30:00 PM","DOWNTOWN COMMERCIAL","6612","PROPERTY CRIME","M"
"2025-378614","2025 Dec 28 06:39:42 PM","67968653511","2025 Dec 28 05:39:00 PM","MOUNT BAKER","REDACTED","VIOLENT CRIME","R"
"2025-378617","2025 Dec 28 07:22:57 PM","67968879861","2025 Dec 28 05:47:00 PM","SANDPOINT","2977","ALL OTHER","U"
"2025-378639","2025 Dec 28 08:27:41 PM","67969268576","2025 Dec 28 05:48:00 PM","FIRST HILL","11087","ALL OTHER","E"
"2025-378639","2025 Dec 28 08:27:41 PM","67969248147","2025 Dec 28 05:48:00 PM","FIRST HILL","6962","VIOLENT CRIME","E"
"2025-379703","2025 Dec 29 07:12:33 PM","67978485630","2025 Dec 28 06:00:00 PM","BELLTOWN","REDACTED","VIOLENT CRIME","M"
"2026-900080","2026 Jan 03 06:59:56 AM","68031996563","2025 Dec 28 06:00:00 PM","QUEEN ANNE","1156","PROPERTY CRIME","Q"
"2026-900185","2026 Jan 04 06:17:03 AM","68043845171","2025 Dec 28 06:00:00 PM","SLU/CASCADE","2874","PROPERTY CRIME","Q"
"2026-005226","2026 Jan 06 02:34:50 PM","68075216728","2025 Dec 28 06:00:00 PM","UNIVERSITY","5103","PROPERTY CRIME","U"
"2025-378626","2025 Dec 28 07:01:56 PM","67968767031","2025 Dec 28 06:11:00 PM","ROXHILL/WESTWOOD/ARBOR HEIGHTS","10484","VIOLENT CRIME","F"
"2026-900131","2026 Jan 03 09:59:58 AM","68032978431","2025 Dec 28 06:15:00 PM","CAPITOL HILL","10469","ALL OTHER","C"
"2025-378631","2025 Dec 28 09:44:28 PM","67969609959","2025 Dec 28 06:21:00 PM","BALLARD SOUTH","5527","PROPERTY CRIME","B"
"2025-379198","2025 Dec 29 03:07:24 PM","67976430273","2025 Dec 28 06:30:00 PM","WALLINGFORD","1646","PROPERTY CRIME","B"
"2025-378985","2025 Dec 29 07:24:31 AM","67972632114","2025 Dec 28 06:30:00 PM","BALLARD SOUTH","437","PROPERTY CRIME","B"
"2025-379198","2025 Dec 29 03:07:24 PM","67991607258","2025 Dec 28 06:30:00 PM","WALLINGFORD","1646","ALL OTHER","B"
"2026-900120","2026 Jan 03 09:38:23 AM","68032872519","2025 Dec 28 07:00:00 PM","QUEEN ANNE","6491","PROPERTY CRIME","Q"
"2025-378800","2025 Dec 28 11:42:19 PM","67970348272","2025 Dec 28 07:10:00 PM","NORTHGATE","12196","PROPERTY CRIME","N"
"2025-378824","2025 Dec 29 04:23:10 AM","67971504333","2025 Dec 28 07:28:00 PM","FIRST HILL","6962","ALL OTHER","E"
"2025-379230","2025 Dec 29 01:11:18 PM","67975538910","2025 Dec 28 07:28:00 PM","FIRST HILL","6962","ALL OTHER","E"
"2025-378655","2025 Dec 28 08:31:25 PM","67969235849","2025 Dec 28 07:29:00 PM","SODO","7063","PROPERTY CRIME","O"
"2025-379028","2025 Dec 29 10:58:15 AM","67974304164","2025 Dec 28 08:00:00 PM","FREMONT","12583","ALL OTHER","B"
"2025-378685","2025 Dec 28 11:01:03 PM","67970513138","2025 Dec 28 08:13:00 PM","NORTH BEACON HILL","4924","ALL OTHER","R"
"2025-378698","2025 Dec 28 10:20:40 PM","67969783577","2025 Dec 28 08:25:00 PM","LAKECITY","REDACTED","ALL OTHER","L"
"2025-378703","2025 Dec 28 09:41:00 PM","67969599430","2025 Dec 28 08:35:00 PM","NORTH BEACON HILL","REDACTED","ALL OTHER","R"
"2026-900701","2026 Jan 10 12:27:48 PM","68125944334","2025 Dec 28 08:45:00 PM","QUEEN ANNE","7599","PROPERTY CRIME","Q"
"2025-378698","2025 Dec 28 10:20:40 PM","67970841537","2025 Dec 28 08:50:00 PM","LAKECITY","REDACTED","ALL OTHER","L"
"2025-378710","2025 Dec 29 12:05:26 AM","67970677038","2025 Dec 28 08:58:00 PM","DOWNTOWN COMMERCIAL","7090","ALL OTHER","M"
"2025-379880","2025 Dec 29 10:03:16 PM","67978800603","2025 Dec 28 08:59:00 PM","RAINIER BEACH","424","ALL OTHER","S"
"2025-379130","2025 Dec 29 10:29:43 AM","67974039271","2025 Dec 28 09:00:00 PM","SANDPOINT","1655","ALL OTHER","U"
"2026-900200","2026 Jan 04 06:38:51 AM","68044369226","2025 Dec 28 09:00:00 PM","SANDPOINT","8235","PROPERTY CRIME","L"
"2026-900107","2026 Jan 03 08:33:06 AM","68032528029","2025 Dec 28 09:00:00 PM","MAGNOLIA","5431","PROPERTY CRIME","Q"
"2025-378721","2025 Dec 28 11:11:21 PM","67970268929","2025 Dec 28 09:14:00 PM","MILLER PARK","3604","ALL OTHER","C"
"2025-378721","2025 Dec 28 11:11:21 PM","67970277414","2025 Dec 28 09:14:00 PM","MILLER PARK","3604","ALL OTHER","C"
"2025-378888","2025 Dec 29 03:12:40 AM","67971357471","2025 Dec 28 09:17:00 PM","FIRST HILL","6962","ALL OTHER","E"
"2025-378888","2025 Dec 29 03:12:40 AM","67971270830","2025 Dec 28 09:17:00 PM","FIRST HILL","6962","PROPERTY CRIME","E"
"2026-900128","2026 Jan 03 09:58:57 AM","68032974486","2025 Dec 28 10:00:00 PM","MAGNOLIA","4875","PROPERTY CRIME","Q"
"2025-379238","2025 Dec 29 03:09:10 PM","67976406296","2025 Dec 28 10:00:00 PM","NORTHGATE","REDACTED","ALL OTHER","L"
"2026-900055","2026 Jan 02 11:35:30 AM","68019909371","2025 Dec 28 10:00:00 PM","BELLTOWN","3446","ALL OTHER","D"
"2026-900050","2026 Jan 02 11:18:05 AM","68019752840","2025 Dec 28 10:00:00 PM","BITTERLAKE","3718","PROPERTY CRIME","N"
"2025-378766","2025 Dec 29 02:19:05 AM","67971095636","2025 Dec 28 10:03:00 PM","BALLARD NORTH","10037","ALL OTHER","J"
"2025-378776","2025 Dec 29 12:01:02 AM","67971381678","2025 Dec 28 10:16:00 PM","SLU/CASCADE","REDACTED","PROPERTY CRIME","D"
"2025-378787","2025 Dec 29 01:36:00 AM","67971060862","2025 Dec 28 10:42:00 PM","DOWNTOWN COMMERCIAL","12995","ALL OTHER","M"
"2025-379050","2025 Dec 29 09:28:06 AM","67973546389","2025 Dec 28 11:00:00 PM","GREENWOOD","2827","PROPERTY CRIME","J"
"2026-900084","2026 Jan 03 07:02:02 AM","68032019130","2025 Dec 28 11:00:00 PM","FREMONT","7144","PROPERTY CRIME","B"
"2025-379770","2025 Dec 29 07:26:54 PM","67977998994","2025 Dec 28 11:00:00 PM","HILLMAN CITY","5992","PROPERTY CRIME","R"
"2025-379287","2025 Dec 29 03:33:44 PM","67976591407","2025 Dec 28 11:00:00 PM","UNIVERSITY","12561","PROPERTY CRIME","U"
"2026-900099","2026 Jan 03 08:12:57 AM","68032425282","2025 Dec 28 11:00:00 PM","SOUTH DELRIDGE","5073","ALL OTHER","F"
"2026-900093","2026 Jan 03 07:57:28 AM","68032341698","2025 Dec 28 11:59:00 PM","SANDPOINT","447","PROPERTY CRIME","U"
"2025-379723","2025 Dec 29 05:54:14 PM","67977611038","2025 Dec 29 12:00:00 AM","BALLARD SOUTH","1849","ALL OTHER","B"
"2026-900430","2026 Jan 06 07:54:41 AM","68070715425","2025 Dec 29 12:00:00 AM","QUEEN ANNE","3587","ALL OTHER","D"
"2025-378974","2025 Dec 29 07:07:50 AM","67972425581","2025 Dec 29 12:00:00 AM","SOUTH BEACON HILL","10523","PROPERTY CRIME","S"
"2026-004985","2026 Jan 06 11:00:54 AM","68073268458","2025 Dec 29 12:00:00 AM","ROOSEVELT/RAVENNA","2559","PROPERTY CRIME","U"
"2025-380403","2025 Dec 30 07:40:55 PM","67989192832","2025 Dec 29 12:00:00 AM","MOUNT BAKER","3833","ALL OTHER","R"
"2025-380124","2025 Dec 30 06:55:17 AM","67983011499","2025 Dec 29 12:00:00 AM","WALLINGFORD","1817","PROPERTY CRIME","B"
"2026-017851","2026 Jan 19 11:32:00 AM","68231624315","2025 Dec 29 12:00:00 AM","BALLARD SOUTH","7521","PROPERTY CRIME","B"
"2026-000363","2026 Jan 01 09:50:25 AM","68006293743","2025 Dec 29 12:00:00 AM","QUEEN ANNE","6064","PROPERTY CRIME","Q"
"2026-900199","2026 Jan 04 06:38:29 AM","68044367845","2025 Dec 29 12:00:00 AM","DOWNTOWN COMMERCIAL","12454","ALL OTHER","M"
"2026-010533","2026 Jan 12 07:26:47 AM","68140772283","2025 Dec 29 12:00:00 AM","FREMONT","10549","ALL OTHER","B"
"2026-004455","2026 Jan 06 03:48:05 AM","68078248750","2025 Dec 29 12:00:00 AM","MID BEACON HILL","REDACTED","PROPERTY CRIME","R"
"2025-378956","2025 Dec 29 06:38:26 AM","67972193910","2025 Dec 29 12:00:00 AM","WALLINGFORD","3106","ALL OTHER","B"
"2026-004455","2026 Jan 06 03:48:05 AM","68068898285","2025 Dec 29 12:00:00 AM","MID BEACON HILL","REDACTED","VIOLENT CRIME","R"
"2025-380350","2025 Dec 30 12:59:37 PM","67986361280","2025 Dec 29 12:01:00 AM","DOWNTOWN COMMERCIAL","3166","ALL OTHER","M"
"2025-378817","2025 Dec 29 03:52:50 AM","67971360600","2025 Dec 29 12:02:00 AM","UNKNOWN","99","ALL OTHER","99"
"2025-378818","2025 Dec 29 12:48:30 AM","67970926834","2025 Dec 29 12:03:00 AM","BELLTOWN","8886","ALL OTHER","D"
"2025-378818","2025 Dec 29 12:48:30 AM","67970810200","2025 Dec 29 12:03:00 AM","BELLTOWN","8886","ALL OTHER","D"
"2025-378825","2025 Dec 29 01:35:57 AM","67970961665","2025 Dec 29 12:09:00 AM","DOWNTOWN COMMERCIAL","REDACTED","ALL OTHER","K"
"2026-900226","2026 Jan 04 07:58:21 AM","68045215143","2025 Dec 29 12:12:00 AM","GREENWOOD","5865","PROPERTY CRIME","J"
"2025-378840","2025 Dec 29 01:58:17 AM","67976770118","2025 Dec 29 12:29:00 AM","NORTH BEACON HILL","10635","ALL OTHER","R"
"2025-378840","2025 Dec 29 01:58:17 AM","67971028248","2025 Dec 29 12:29:00 AM","NORTH BEACON HILL","10635","ALL OTHER","R"
"2025-378185","2025 Dec 29 06:14:02 AM","67972097466","2025 Dec 29 12:30:00 AM","DOWNTOWN COMMERCIAL","10333","ALL OTHER","K"
"2025-378843","2025 Dec 29 01:21:14 AM","67970933531","2025 Dec 29 12:36:00 AM","ROOSEVELT/RAVENNA","764","ALL OTHER","J"
"2025-379325","2025 Dec 29 04:11:13 PM","67976851192","2025 Dec 29 01:00:00 AM","SLU/CASCADE","2356","PROPERTY CRIME","D"
"2025-378854","2025 Dec 29 01:55:00 AM","67971011857","2025 Dec 29 01:14:00 AM","SOUTH PARK","11377","ALL OTHER","F"
"2025-378858","2025 Dec 29 03:12:05 AM","67971251315","2025 Dec 29 01:25:00 AM","QUEEN ANNE","1886","VIOLENT CRIME","Q"
"2026-900082","2026 Jan 03 07:00:42 AM","68032008558","2025 Dec 29 01:40:00 AM","MADRONA/LESCHI","12282","PROPERTY CRIME","G"
"2025-378875","2025 Dec 29 04:18:29 AM","67971462992","2025 Dec 29 02:19:00 AM","GREENWOOD","5892","ALL OTHER","J"
"2025-378980","2025 Dec 29 12:42:08 PM","67975348631","2025 Dec 29 02:53:00 AM","QUEEN ANNE","1318","PROPERTY CRIME","Q"
"2026-003569","2026 Jan 05 01:32:49 AM","68051433244","2025 Dec 29 03:00:00 AM","GREENWOOD","3378","PROPERTY CRIME","J"
"2025-378999","2025 Dec 29 08:24:40 AM","67972977183","2025 Dec 29 03:20:00 AM","NORTHGATE","1068","PROPERTY CRIME","L"
"2025-378929","2025 Dec 29 08:01:16 AM","67972807929","2025 Dec 29 03:30:00 AM","MOUNT BAKER","7084","VIOLENT CRIME","R"
"2025-378901","2025 Dec 29 04:14:57 AM","67971448833","2025 Dec 29 03:30:00 AM","ROOSEVELT/RAVENNA","1711","VIOLENT CRIME","U"
"2025-378898","2025 Dec 29 06:50:02 AM","67972278646","2025 Dec 29 03:31:00 AM","FIRST HILL","7628","ALL OTHER","G"
"2025-378909","2025 Dec 29 06:58:50 AM","67972408852","2025 Dec 29 04:08:00 AM","CAPITOL HILL","REDACTED","ALL OTHER","E"
"2025-378910","2025 Dec 29 06:35:16 AM","67972185396","2025 Dec 29 04:14:00 AM","BELLTOWN","2072","ALL OTHER","M"
"2025-378918","2025 Dec 29 05:27:27 AM","67971791885","2025 Dec 29 04:40:00 AM","LAKECITY","6531","PROPERTY CRIME","L"
"2025-379181","2025 Dec 29 04:22:25 PM","67976927477","2025 Dec 29 05:20:00 AM","FIRST HILL","815","PROPERTY CRIME","E"
"2025-379181","2025 Dec 29 04:22:25 PM","68012117993","2025 Dec 29 05:20:00 AM","FIRST HILL","815","ALL OTHER","E"
"2025-378945","2025 Dec 29 10:38:20 AM","67974356147","2025 Dec 29 05:46:00 AM","BELLTOWN","2703","PROPERTY CRIME","D"
"2026-900196","2026 Jan 04 06:36:27 AM","68043923852","2025 Dec 29 06:05:00 AM","CAPITOL HILL","661","PROPERTY CRIME","E"
"2025-378954","2025 Dec 29 11:34:37 AM","68011773546","2025 Dec 29 06:06:00 AM","BALLARD SOUTH","12465","ALL OTHER","B"
"2025-379312","2025 Dec 29 01:32:49 PM","67975673175","2025 Dec 29 06:45:00 AM","QUEEN ANNE","4651","PROPERTY CRIME","Q"
"2026-014981","2026 Jan 16 12:45:39 PM","68201946015","2025 Dec 29 07:09:00 AM","CENTRAL AREA/SQUIRE PARK","8741","PROPERTY CRIME","C"
"2026-900077","2026 Jan 02 02:02:50 PM","68021233864","2025 Dec 29 07:15:00 AM","MAGNOLIA","5066","PROPERTY CRIME","Q"
"2026-900097","2026 Jan 03 08:12:11 AM","68032420473","2025 Dec 29 07:15:00 AM","MAGNOLIA","5066","PROPERTY CRIME","Q"
"2025-378993","2025 Dec 29 09:35:15 AM","67973641991","2025 Dec 29 07:27:00 AM","DOWNTOWN COMMERCIAL","REDACTED","VIOLENT CRIME","K"
"2025-378994","2025 Dec 29 08:43:28 AM","67973383985","2025 Dec 29 07:28:00 AM","NORTHGATE","11341","ALL OTHER","N"
"2026-004317","2026 Jan 05 04:39:11 PM","68062236508","2025 Dec 29 08:00:00 AM","MOUNT BAKER","REDACTED","ALL OTHER","R"
"2026-900541","2026 Jan 09 07:55:25 AM","68111289615","2025 Dec 29 08:00:00 AM","UNKNOWN","9989","PROPERTY CRIME","99"
"2025-379307","2025 Dec 29 01:55:17 PM","67975856910","2025 Dec 29 08:30:00 AM","CHINATOWN/INTERNATIONAL DISTRICT","6357","PROPERTY CRIME","K"
"2026-008506","2026 Jan 10 01:01:42 AM","68119152063","2025 Dec 29 09:00:00 AM","QUEEN ANNE","5008","PROPERTY CRIME","Q"
"2026-900136","2026 Jan 03 10:05:20 AM","68033009253","2025 Dec 29 09:00:00 AM","QUEEN ANNE","7599","PROPERTY CRIME","Q"
"2025-380389","2025 Dec 30 12:01:42 PM","67985901209","2025 Dec 29 09:00:00 AM","BALLARD SOUTH","623","ALL OTHER","B"
"2026-018712","2026 Jan 20 12:16:06 PM","68245607544","2025 Dec 29 09:50:00 AM","MAGNOLIA","10570","ALL OTHER","Q"
"2025-379106","2025 Dec 29 10:16:54 AM","67973947452","2025 Dec 29 09:50:00 AM","GENESEE","4893","PROPERTY CRIME","R"
"2025-379124","2025 Dec 29 11:09:03 AM","67974475164","2025 Dec 29 10:13:00 AM","MAGNOLIA","5407","VIOLENT CRIME","Q"
"2025-379178","2025 Dec 30 12:14:37 PM","67986170325","2025 Dec 29 10:30:00 AM","LAKECITY","6638","PROPERTY CRIME","L"
"2025-379161","2025 Dec 29 05:01:43 PM","67977205476","2025 Dec 29 10:52:00 AM","CLAREMONT/RAINIER VISTA","10410","PROPERTY CRIME","R"
"2026-900125","2026 Jan 03 09:57:36 AM","68032967982","2025 Dec 29 11:00:00 AM","RAINIER BEACH","3954","PROPERTY CRIME","S"
"2026-900146","2026 Jan 03 10:56:03 AM","68033293373","2025 Dec 29 11:01:00 AM","ROXHILL/WESTWOOD/ARBOR HEIGHTS","5925","PROPERTY CRIME","W"
"2025-379184","2025 Dec 29 03:04:48 PM","68062282915","2025 Dec 29 11:05:00 AM","DOWNTOWN COMMERCIAL","REDACTED","ALL OTHER","K"
"2025-379184","2025 Dec 29 03:04:48 PM","67976402114","2025 Dec 29 11:05:00 AM","DOWNTOWN COMMERCIAL","REDACTED","ALL OTHER","K"
"2025-379175","2025 Dec 29 01:10:21 PM","67975505661","2025 Dec 29 11:09:00 AM","NEW HOLLY","REDACTED","ALL OTHER","S"
"2025-379178","2025 Dec 30 12:14:37 PM","67986161565","2025 Dec 29 11:11:00 AM","LAKECITY","6638","ALL OTHER","L"
"2025-379178","2025 Dec 30 12:14:37 PM","67986198542","2025 Dec 29 11:11:00 AM","LAKECITY","6638","ALL OTHER","L"
"2026-900483","2026 Jan 07 07:58:36 AM","68085051704","2025 Dec 29 11:11:00 AM","CAPITOL HILL","4218","ALL OTHER","E"
"2025-379184","2025 Dec 29 03:04:48 PM","67976441946","2025 Dec 29 11:17:00 AM","DOWNTOWN COMMERCIAL","REDACTED","ALL OTHER","K"
"2025-379200","2025 Dec 29 02:53:06 PM","67976425904","2025 Dec 29 11:23:00 AM","BALLARD SOUTH","1389","ALL OTHER","B"
"2025-379200","2025 Dec 29 02:53:06 PM","68062296308","2025 Dec 29 11:23:00 AM","BALLARD SOUTH","1389","ALL OTHER","B"
"2025-379219","2025 Dec 29 02:24:28 PM","67976063993","2025 Dec 29 11:51:00 AM","SLU/CASCADE","12991","ALL OTHER","D"
"2026-900198","2026 Jan 04 06:38:12 AM","68043931388","2025 Dec 29 12:00:00 PM","GREENWOOD","2192","ALL OTHER","J"
"2025-380729","2025 Dec 30 06:21:55 PM","67988801296","2025 Dec 29 12:00:00 PM","UNIVERSITY","5882","PROPERTY CRIME","U"
"2026-900140","2026 Jan 03 10:06:51 AM","68033017750","2025 Dec 29 12:22:00 PM","GREENWOOD","5085","PROPERTY CRIME","J"
"2026-900197","2026 Jan 04 06:36:47 AM","68043925879","2025 Dec 29 12:25:00 PM","UNIVERSITY","7086","PROPERTY CRIME","U"
"2026-900121","2026 Jan 03 09:38:51 AM","68032874893","2025 Dec 29 12:30:00 PM","FIRST HILL","7630","ALL OTHER","G"
"2025-380817","2025 Dec 30 09:17:04 PM","67989838616","2025 Dec 29 12:30:00 PM","FAUNTLEROY SW","4107","PROPERTY CRIME","W"
"2026-900160","2026 Jan 03 11:23:48 AM","68033511046","2025 Dec 29 01:00:00 PM","CAPITOL HILL","4205","PROPERTY CRIME","E"
"2025-381684","2025 Dec 31 08:47:37 PM","68001687515","2025 Dec 29 01:00:00 PM","EASTLAKE - EAST","3933","PROPERTY CRIME","C"
"2026-700005","2026 Jan 12 03:32:20 PM","68152897813","2025 Dec 29 01:15:00 PM","DOWNTOWN COMMERCIAL","12522","PROPERTY CRIME","M"
"2025-379322","2025 Dec 29 02:29:15 PM","67976130212","2025 Dec 29 01:26:00 PM","MOUNT BAKER","6341","ALL OTHER","R"
"2025-379322","2025 Dec 29 02:29:15 PM","67976121700","2025 Dec 29 01:26:00 PM","MOUNT BAKER","6341","ALL OTHER","R"
"2025-379184","2025 Dec 29 03:04:48 PM","67976420051","2025 Dec 29 01:34:00 PM","DOWNTOWN COMMERCIAL","REDACTED","ALL OTHER","K"
"2026-900085","2026 Jan 03 07:03:32 AM","68032028624","2025 Dec 29 01:54:00 PM","QUEEN ANNE","856","PROPERTY CRIME","D"
"2025-380560","2025 Dec 30 04:08:43 PM","67987924194","2025 Dec 29 02:07:00 PM","NORTHGATE","11042","PROPERTY CRIME","N"
"2025-379558","2025 Dec 29 03:35:41 PM","68063310959","2025 Dec 29 02:12:00 PM","DOWNTOWN COMMERCIAL","REDACTED","ALL OTHER","M"
"2025-379560","2025 Dec 29 02:50:51 PM","67976293779","2025 Dec 29 02:12:00 PM","UNIVERSITY","5902","ALL OTHER","U"
"2026-900130","2026 Jan 03 09:59:41 AM","68032977340","2025 Dec 29 02:58:00 PM","SOUTH DELRIDGE","3430","PROPERTY CRIME","F"
"2025-379600","2025 Dec 29 05:02:43 PM","67977710052","2025 Dec 29 03:00:00 PM","MILLER PARK","8207","ALL OTHER","C"
"2025-379603","2025 Dec 29 04:49:32 PM","67977083653","2025 Dec 29 03:00:00 PM","DOWNTOWN COMMERCIAL","REDACTED","ALL OTHER","M"
"2025-379654","2025 Dec 29 05:31:32 PM","67977351987","2025 Dec 29 03:40:00 PM","BITTERLAKE","12160","PROPERTY CRIME","N"
"2025-379639","2025 Dec 29 07:13:25 PM","67977919252","2025 Dec 29 03:43:00 PM","NORTHGATE","523","PROPERTY CRIME","L"
"2025-379715","2025 Dec 29 10:17:17 PM","67978877851","2025 Dec 29 03:45:00 PM","ROXHILL/WESTWOOD/ARBOR HEIGHTS","REDACTED","ALL OTHER","F"
"2025-379715","2025 Dec 29 10:17:17 PM","68062313444","2025 Dec 29 03:45:00 PM","ROXHILL/WESTWOOD/ARBOR HEIGHTS","REDACTED","ALL OTHER","F"
"2025-379643","2025 Dec 29 04:59:41 PM","67977153723","2025 Dec 29 03:48:00 PM","NORTH BEACON HILL","10159","ALL OTHER","R"
"2025-379643","2025 Dec 29 04:59:41 PM","67977166263","2025 Dec 29 03:48:00 PM","NORTH BEACON HILL","10159","PROPERTY CRIME","R"
"2026-900238","2026 Jan 04 09:12:31 AM","68045793407","2025 Dec 29 04:00:00 PM","QUEEN ANNE","2673","PROPERTY CRIME","D"
"2026-900191","2026 Jan 04 06:20:07 AM","68043857975","2025 Dec 29 04:00:00 PM","ROOSEVELT/RAVENNA","10644","PROPERTY CRIME","U"
"2025-379659","2025 Dec 29 04:30:58 PM","67977057680","2025 Dec 29 04:00:00 PM","QUEEN ANNE","10926","ALL OTHER","Q"
"2025-380152","2025 Dec 30 07:42:10 AM","67983367223","2025 Dec 29 04:00:00 PM","QUEEN ANNE","7862","PROPERTY CRIME","Q"
"2026-021976","2026 Jan 23 01:23:12 PM","68286038005","2025 Dec 29 04:00:00 PM","CENTRAL AREA/SQUIRE PARK","10689","ALL OTHER","C"
"2025-379710","2025 Dec 29 06:57:58 PM","67977840165","2025 Dec 29 04:00:00 PM","MOUNT BAKER","5642","ALL OTHER","R"
"2026-021976","2026 Jan 23 01:23:12 PM","68285860060","2025 Dec 29 04:00:00 PM","CENTRAL AREA/SQUIRE PARK","10689","ALL OTHER","C"
"2025-379669","2025 Dec 30 11:43:15 AM","67985755989","2025 Dec 29 04:00:00 PM","CENTRAL AREA/SQUIRE PARK","12236","VIOLENT CRIME","C"
"2025-379872","2025 Dec 29 09:25:17 PM","67978638759","2025 Dec 29 04:15:00 PM","NORTHGATE","11044","PROPERTY CRIME","N"
"2026-004252","2026 Jan 05 10:05:09 PM","68065374677","2025 Dec 29 04:38:00 PM","PIONEER SQUARE","263","VIOLENT CRIME","K"
"2026-900720","2026 Jan 11 06:37:43 AM","68131907454","2025 Dec 29 05:00:00 PM","BELLTOWN","8884","PROPERTY CRIME","D"
"2026-900378","2026 Jan 05 10:38:44 AM","68058650084","2025 Dec 29 05:00:00 PM","CAPITOL HILL","823","ALL OTHER","E"
"2025-381450","2025 Dec 31 01:38:03 PM","67998559118","2025 Dec 29 05:00:00 PM","MOUNT BAKER","6341","PROPERTY CRIME","R"
"2025-380336","2025 Dec 30 04:14:27 PM","67987955260","2025 Dec 29 05:00:00 PM","ROXHILL/WESTWOOD/ARBOR HEIGHTS","2329","PROPERTY CRIME","F"
"2026-900168","2026 Jan 03 01:56:39 PM","68034547501","2025 Dec 29 05:00:00 PM","SLU/CASCADE","187","ALL OTHER","D"
"2025-379733","2025 Dec 29 06:52:16 PM","67977779088","2025 Dec 29 05:00:00 PM","NORTHGATE","3862","PROPERTY CRIME","L"
"2025-379773","2025 Dec 29 06:47:42 PM","67977788199","2025 Dec 29 05:03:00 PM","SLU/CASCADE","3698","PROPERTY CRIME","D"
"2025-379714","2025 Dec 29 07:37:00 PM","67978022758","2025 Dec 29 05:12:00 PM","ALKI","REDACTED","ALL OTHER","W"
"2025-379719","2025 Dec 29 07:14:48 PM","67977924406","2025 Dec 29 05:17:00 PM","LAKEWOOD/SEWARD PARK","REDACTED","ALL OTHER","R"
"2025-379925","2025 Dec 29 11:06:23 PM","67979110263","2025 Dec 29 05:20:00 PM","QUEEN ANNE","1611","ALL OTHER","Q"
"2026-012318","2026 Jan 13 08:31:14 PM","68166860239","2025 Dec 29 06:00:00 PM","MILLER PARK","7564","PROPERTY CRIME","C"
"2025-379788","2025 Dec 29 09:11:27 PM","67978539742","2025 Dec 29 06:00:00 PM","CAPITOL HILL","REDACTED","ALL OTHER","E"
"2025-380075","2025 Dec 30 06:59:53 AM","67983047441","2025 Dec 29 06:00:00 PM","HIGH POINT","REDACTED","ALL OTHER","F"
"2026-900209","2026 Jan 04 07:17:59 AM","68045015065","2025 Dec 29 06:23:00 PM","NORTHGATE","12978","PROPERTY CRIME","N"
"2026-900138","2026 Jan 03 10:06:12 AM","68033013154","2025 Dec 29 06:30:00 PM","SLU/CASCADE","5447","PROPERTY CRIME","Q"
"2026-700075","2026 Jan 26 07:17:35 PM","68316542522","2025 Dec 29 06:31:00 PM","BALLARD SOUTH","5526","PROPERTY CRIME","B"
"2025-379805","2025 Dec 29 08:37:09 PM","67979973518","2025 Dec 29 06:35:00 PM","CAPITOL HILL","3523","PROPERTY CRIME","E"
"2026-900380","2026 Jan 05 10:39:42 AM","68058657134","2025 Dec 29 06:42:00 PM","DOWNTOWN COMMERCIAL","2941","PROPERTY CRIME","M"
"2025-379789","2025 Dec 29 09:53:35 PM","67978755623","2025 Dec 29 06:43:00 PM","BELLTOWN","2134","ALL OTHER","D"
"2025-379796","2025 Dec 29 09:15:10 PM","67978556871","2025 Dec 29 06:50:00 PM","GREENWOOD","1825","PROPERTY CRIME","J"
"2025-379794","2025 Dec 29 08:18:02 PM","67978523495","2025 Dec 29 06:53:00 PM","CENTRAL AREA/SQUIRE PARK","7410","ALL OTHER","C"
"2025-379803","2025 Dec 29 11:44:30 PM","67979648351","2025 Dec 29 07:01:00 PM","QUEEN ANNE","7690","ALL OTHER","Q"
"2025-379811","2025 Dec 29 09:06:51 PM","67978620232","2025 Dec 29 07:04:00 PM","BALLARD SOUTH","5063","VIOLENT CRIME","B"
"2025-379811","2025 Dec 29 09:06:51 PM","67979028264","2025 Dec 29 07:04:00 PM","BALLARD SOUTH","5063","ALL OTHER","B"
"2026-900182","2026 Jan 04 06:15:37 AM","68043832828","2025 Dec 29 07:15:00 PM","LAKECITY","6981","PROPERTY CRIME","L"
"2025-700626","2026 Jan 12 02:47:44 PM","68152491211","2025 Dec 29 07:16:00 PM","MADRONA/LESCHI","12248","PROPERTY CRIME","G"
"2025-379841","2025 Dec 29 08:37:03 PM","67978351885","2025 Dec 29 08:00:00 PM","ROOSEVELT/RAVENNA","2056","PROPERTY CRIME","U"
"2025-380673","2025 Dec 30 05:31:15 PM","67988459147","2025 Dec 29 08:00:00 PM","NORTHGATE","7455","PROPERTY CRIME","L"
"2026-900917","2026 Jan 13 07:50:39 AM","68160705917","2025 Dec 29 08:00:00 PM","UNIVERSITY","8130","PROPERTY CRIME","U"
"2026-900175","2026 Jan 03 02:18:36 PM","68034713085","2025 Dec 29 08:30:00 PM","ROOSEVELT/RAVENNA","257","PROPERTY CRIME","U"
"2025-379868","2025 Dec 29 10:36:48 PM","67979451675","2025 Dec 29 08:39:00 PM","ROXHILL/WESTWOOD/ARBOR HEIGHTS","REDACTED","ALL OTHER","W"
"2025-379869","2025 Dec 29 09:59:47 PM","67978797141","2025 Dec 29 08:39:00 PM","FIRST HILL","4215","VIOLENT CRIME","E"
"2025-379868","2025 Dec 29 10:36:48 PM","67979397598","2025 Dec 29 08:39:00 PM","ROXHILL/WESTWOOD/ARBOR HEIGHTS","REDACTED","ALL OTHER","W"
"2025-379868","2025 Dec 29 10:36:48 PM","67979043463","2025 Dec 29 08:39:00 PM","ROXHILL/WESTWOOD/ARBOR HEIGHTS","REDACTED","VIOLENT CRIME","W"
"2026-900261","2026 Jan 04 09:43:20 AM","68045960576","2025 Dec 29 09:00:00 PM","BRIGHTON/DUNLAP","7669","PROPERTY CRIME","S"
"2026-900166","2026 Jan 03 12:50:50 PM","68034087209","2025 Dec 29 09:00:00 PM","QUEEN ANNE","10716","PROPERTY CRIME","Q"
"2025-380771","2025 Dec 30 07:22:24 PM","67989131355","2025 Dec 29 09:00:00 PM","SANDPOINT","10943","PROPERTY CRIME","U"
"2025-379878","2025 Dec 30 12:15:45 AM","67979863230","2025 Dec 29 09:00:00 PM","SLU/CASCADE","REDACTED","VIOLENT CRIME","D"
"2025-379919","2025 Dec 29 11:07:07 PM","67980412911","2025 Dec 29 09:30:00 PM","CHINATOWN/INTERNATIONAL DISTRICT","3309","ALL OTHER","K"
"2025-379915","2025 Dec 29 10:47:32 PM","67979018371","2025 Dec 29 09:30:00 PM","CAPITOL HILL","6227","VIOLENT CRIME","E"
"2025-379902","2025 Dec 29 11:06:36 PM","67979118304","2025 Dec 29 09:40:00 PM","ROXHILL/WESTWOOD/ARBOR HEIGHTS","176","VIOLENT CRIME","F"
"2025-379913","2025 Dec 30 03:03:45 AM","67980523773","2025 Dec 29 09:59:00 PM","CAPITOL HILL","10432","ALL OTHER","E"
"2025-379977","2025 Dec 30 03:24:13 AM","67981782086","2025 Dec 29 10:00:00 PM","DOWNTOWN COMMERCIAL","10393","ALL OTHER","M"
"2025-381270","2025 Dec 31 10:22:35 AM","67994535174","2025 Dec 29 10:00:00 PM","BELLTOWN","8884","PROPERTY CRIME","D"
"2026-900513","2026 Jan 09 06:07:21 AM","68110529255","2025 Dec 29 10:00:00 PM","CAPITOL HILL","4254","ALL OTHER","E"
"2025-380112","2025 Dec 30 09:30:02 AM","67984542871","2025 Dec 29 10:00:00 PM","QUEEN ANNE","10548","PROPERTY CRIME","Q"
"2026-001052","2026 Jan 03 10:28:47 AM","68033209261","2025 Dec 29 10:00:00 PM","BITTERLAKE","REDACTED","ALL OTHER","N"
"2025-379923","2025 Dec 29 11:27:51 PM","67980160497","2025 Dec 29 10:13:00 PM","FIRST HILL","816","ALL OTHER","E"
"2025-379923","2025 Dec 29 11:27:51 PM","67980209125","2025 Dec 29 10:13:00 PM","FIRST HILL","816","ALL OTHER","E"
"2025-379933","2025 Dec 30 12:21:32 AM","67979873192","2025 Dec 29 10:32:00 PM","SOUTH DELRIDGE","226","ALL OTHER","F"
"2025-379936","2025 Dec 29 11:50:50 PM","67980301929","2025 Dec 29 10:35:00 PM","BELLTOWN","8886","ALL OTHER","D"
"2025-379940","2025 Dec 30 12:59:01 AM","67980183764","2025 Dec 29 10:44:00 PM","CAPITOL HILL","11082","ALL OTHER","E"
"2025-379948","2025 Dec 30 06:13:29 AM","67986095797","2025 Dec 29 10:55:00 PM","DOWNTOWN COMMERCIAL","REDACTED","VIOLENT CRIME","K"
"2025-379957","2025 Dec 30 12:07:16 AM","67979817886","2025 Dec 29 10:56:00 PM","BALLARD NORTH","10382","ALL OTHER","J"
"2025-379956","2025 Dec 30 12:56:33 AM","67980163623","2025 Dec 29 11:01:00 PM","BALLARD SOUTH","10877","ALL OTHER","B"
"2025-380142","2025 Dec 30 07:31:02 AM","67983315157","2025 Dec 29 11:05:00 PM","UNIVERSITY","1972","PROPERTY CRIME","U"
"2025-379969","2025 Dec 30 12:03:26 AM","67979834545","2025 Dec 29 11:16:00 PM","RAINIER BEACH","10178","PROPERTY CRIME","S"
"2025-379977","2025 Dec 30 03:24:13 AM","67981802177","2025 Dec 29 11:24:00 PM","DOWNTOWN COMMERCIAL","10393","ALL OTHER","M"
"2026-900177","2026 Jan 03 02:19:31 PM","68034719725","2025 Dec 29 11:30:00 PM","QUEEN ANNE","5437","ALL OTHER","Q"
"2025-379982","2025 Dec 30 03:19:56 AM","67981630789","2025 Dec 29 11:33:00 PM","CAPITOL HILL","REDACTED","ALL OTHER","E"
"2025-379982","2025 Dec 30 03:19:56 AM","67981232239","2025 Dec 29 11:33:00 PM","CAPITOL HILL","REDACTED","ALL OTHER","E"
"2025-379982","2025 Dec 30 03:19:56 AM","67981552036","2025 Dec 29 11:33:00 PM","CAPITOL HILL","REDACTED","ALL OTHER","E"
"2025-379988","2025 Dec 30 01:40:46 AM","67980341294","2025 Dec 29 11:45:00 PM","BITTERLAKE","4388","ALL OTHER","N"
"2025-379988","2025 Dec 30 01:40:46 AM","67980343359","2025 Dec 29 11:45:00 PM","BITTERLAKE","4388","ALL OTHER","N"
"2026-900172","2026 Jan 03 01:58:51 PM","68034563326","2025 Dec 29 11:59:00 PM","QUEEN ANNE","6899","PROPERTY CRIME","Q"
"2025-379936","2025 Dec 29 11:50:50 PM","67979755956","2025 Dec 30 12:00:00 AM","BELLTOWN","3004","ALL OTHER","D"
"2026-900511","2026 Jan 07 02:07:32 PM","68089125840","2025 Dec 30 12:00:00 AM","WALLINGFORD","12136","PROPERTY CRIME","B"
"2026-900645","2026 Jan 10 08:53:50 AM","68124846080","2025 Dec 30 12:00:00 AM","GREENWOOD","10079","PROPERTY CRIME","J"
"2026-900721","2026 Jan 11 06:38:53 AM","68131911167","2025 Dec 30 12:00:00 AM","ROXHILL/WESTWOOD/ARBOR HEIGHTS","12667","PROPERTY CRIME","F"
"2026-008874","2026 Jan 10 09:10:19 AM","68124927181","2025 Dec 30 12:00:00 AM","QUEEN ANNE","5443","ALL OTHER","Q"
"2026-003145","2026 Jan 04 10:27:46 AM","68046223008","2025 Dec 30 12:00:00 AM","SANDPOINT","5204","PROPERTY CRIME","U"
"2026-004504","2026 Jan 05 07:23:30 PM","68064093036","2025 Dec 30 12:00:00 AM","CAPITOL HILL","1233","PROPERTY CRIME","E"
"2026-019719","2026 Jan 21 10:44:09 AM","68259098322","2025 Dec 30 12:00:00 AM","SOUTH DELRIDGE","5319","PROPERTY CRIME","F"
"2026-013206","2026 Jan 14 04:22:43 PM","68181287404","2025 Dec 30 12:00:00 AM","MADRONA/LESCHI","REDACTED","ALL OTHER","C"
"2026-002269","2026 Jan 03 11:59:28 AM","68033752350","2025 Dec 30 12:00:00 AM","MAGNOLIA","12938","PROPERTY CRIME","Q"
"2026-002415","2026 Jan 03 10:48:16 PM","68038006193","2025 Dec 30 12:00:00 AM","MADISON PARK","677","ALL OTHER","C"
"2025-380011","2025 Dec 30 01:23:43 AM","67980250533","2025 Dec 30 12:25:00 AM","CENTRAL AREA/SQUIRE PARK","3174","ALL OTHER","C"
"2025-380020","2025 Dec 30 03:00:55 AM","67981268054","2025 Dec 30 12:52:00 AM","JUDKINS PARK/NORTH BEACON HILL","REDACTED","VIOLENT CRIME","G"
"2025-380020","2025 Dec 30 03:00:55 AM","67981134255","2025 Dec 30 12:53:00 AM","JUDKINS PARK/NORTH BEACON HILL","REDACTED","ALL OTHER","G"
"2025-380020","2025 Dec 30 03:00:55 AM","67981123537","2025 Dec 30 12:53:00 AM","JUDKINS PARK/NORTH BEACON HILL","REDACTED","ALL OTHER","G"
"2025-380020","2025 Dec 30 03:00:55 AM","67981395097","2025 Dec 30 12:53:00 AM","JUDKINS PARK/NORTH BEACON HILL","REDACTED","ALL OTHER","G"
"2026-900219","2026 Jan 04 07:39:25 AM","68045116494","2025 Dec 30 01:00:00 AM","JUDKINS PARK/NORTH BEACON HILL","2607","PROPERTY CRIME","G"
"2025-380349","2025 Dec 30 11:25:05 AM","67985545387","2025 Dec 30 01:00:00 AM","ROOSEVELT/RAVENNA","12773","PROPERTY CRIME","U"
"2025-380022","2025 Dec 30 02:04:08 AM","67980371657","2025 Dec 30 01:03:00 AM","NORTH DELRIDGE","REDACTED","ALL OTHER","W"
"2026-900235","2026 Jan 04 09:11:18 AM","68045786974","2025 Dec 30 01:18:00 AM","DOWNTOWN COMMERCIAL","1017","PROPERTY CRIME","K"
"2026-900143","2026 Jan 03 10:53:39 AM","68033278732","2025 Dec 30 01:50:00 AM","SLU/CASCADE","10396","ALL OTHER","D"
"2025-380343","2025 Dec 30 07:22:56 PM","67989117200","2025 Dec 30 02:00:00 AM","NORTHGATE","7723","PROPERTY CRIME","N"
"2025-380052","2025 Dec 30 05:11:23 AM","67982188657","2025 Dec 30 02:35:00 AM","PIONEER SQUARE","12275","VIOLENT CRIME","K"
"2026-900180","2026 Jan 04 06:03:16 AM","68043352536","2025 Dec 30 03:00:00 AM","HIGH POINT","2030","PROPERTY CRIME","W"
"2025-380205","2025 Dec 30 01:00:24 PM","67986373293","2025 Dec 30 03:30:00 AM","BALLARD SOUTH","6916","PROPERTY CRIME","B"
"2025-380067","2025 Dec 30 05:28:15 AM","67982263280","2025 Dec 30 03:42:00 AM","BALLARD NORTH","3353","ALL OTHER","J"
"2025-380070","2025 Dec 30 05:01:56 AM","67982143663","2025 Dec 30 03:56:00 AM","SOUTH DELRIDGE","1484","PROPERTY CRIME","F"
"2025-380258","2025 Dec 30 10:10:04 AM","67984801922","2025 Dec 30 04:00:00 AM","NORTHGATE","7487","PROPERTY CRIME","N"
"2026-900164","2026 Jan 03 12:50:07 PM","68046459155","2025 Dec 30 04:00:00 AM","SLU/CASCADE","7123","ALL OTHER","D"
"2026-900164","2026 Jan 03 12:50:07 PM","68034080534","2025 Dec 30 04:00:00 AM","SLU/CASCADE","7123","PROPERTY CRIME","D"
"2025-380071","2025 Dec 30 07:54:19 AM","67983772740","2025 Dec 30 04:01:00 AM","BALLARD NORTH","891","ALL OTHER","J"
"2025-380071","2025 Dec 30 07:54:19 AM","67983762058","2025 Dec 30 04:01:00 AM","BALLARD NORTH","891","ALL OTHER","J"
"2025-380071","2025 Dec 30 07:54:19 AM","67983507675","2025 Dec 30 04:01:00 AM","BALLARD NORTH","891","ALL OTHER","J"
"2026-900260","2026 Jan 04 09:38:45 AM","68045937450","2025 Dec 30 04:07:00 AM","BALLARD SOUTH","4175","PROPERTY CRIME","B"
"2026-900597","2026 Jan 09 12:43:34 PM","68113490237","2025 Dec 30 04:30:00 AM","CAPITOL HILL","10432","PROPERTY CRIME","E"
"2026-900169","2026 Jan 03 01:57:02 PM","68034550563","2025 Dec 30 04:45:00 AM","QUEEN ANNE","8022","PROPERTY CRIME","Q"
"2025-380087","2025 Dec 30 05:10:53 AM","67982174510","2025 Dec 30 04:48:00 AM","SLU/CASCADE","10092","PROPERTY CRIME","D"
"2025-380087","2025 Dec 30 05:10:53 AM","67983578049","2025 Dec 30 04:50:00 AM","SLU/CASCADE","10092","ALL OTHER","D"
"2025-380110","2025 Dec 30 07:47:29 AM","67983396574","2025 Dec 30 05:30:00 AM","DOWNTOWN COMMERCIAL","REDACTED","ALL OTHER","M"
"2026-900167","2026 Jan 03 01:55:48 PM","68034541663","2025 Dec 30 05:33:00 AM","MADRONA/LESCHI","5980","PROPERTY CRIME","C"
"2026-900728","2026 Jan 11 06:42:20 AM","68131926444","2025 Dec 30 05:35:00 AM","SANDPOINT","10568","PROPERTY CRIME","U"
"2025-380111","2025 Dec 30 02:50:50 PM","67987317071","2025 Dec 30 05:45:00 AM","SLU/CASCADE","5516","PROPERTY CRIME","D"
"2025-380107","2025 Dec 30 10:08:04 AM","67984804272","2025 Dec 30 05:48:00 AM","BELLTOWN","2508","PROPERTY CRIME","D"
"2025-380116","2025 Dec 30 07:02:31 AM","67983063720","2025 Dec 30 05:59:00 AM","BELLTOWN","8884","ALL OTHER","D"
"2025-380140","2025 Dec 30 10:49:10 AM","67985228182","2025 Dec 30 06:00:00 AM","UNIVERSITY","REDACTED","ALL OTHER","U"
"2025-381278","2025 Dec 31 10:38:25 AM","67994708232","2025 Dec 30 06:00:00 AM","WALLINGFORD","12830","PROPERTY CRIME","B"
"2025-380725","2025 Dec 31 02:34:32 AM","67991585529","2025 Dec 30 06:00:00 AM","FIRST HILL","8139","PROPERTY CRIME","G"
"2026-900174","2026 Jan 03 02:18:16 PM","68034710963","2025 Dec 30 06:07:00 AM","WALLINGFORD","12675","PROPERTY CRIME","B"
"2026-900159","2026 Jan 03 11:23:30 AM","68033509315","2025 Dec 30 06:07:00 AM","BALLARD SOUTH","7601","PROPERTY CRIME","B"
"2025-380148","2025 Dec 30 08:29:23 AM","67988086131","2025 Dec 30 07:00:00 AM","GREENWOOD","2194","ALL OTHER","N"
"2025-380600","2025 Dec 30 09:35:34 PM","67989836552","2025 Dec 30 07:00:00 AM","ROOSEVELT/RAVENNA","8843","PROPERTY CRIME","U"
"2025-380148","2025 Dec 30 08:29:23 AM","67983816478","2025 Dec 30 07:00:00 AM","GREENWOOD","2194","ALL OTHER","N"
"2025-380148","2025 Dec 30 08:29:23 AM","67988076431","2025 Dec 30 07:00:00 AM","GREENWOOD","2194","ALL OTHER","N"
"2025-380353","2025 Dec 30 06:38:45 PM","68021353230","2025 Dec 30 07:30:00 AM","SANDPOINT","82","PROPERTY CRIME","U"
"2025-380353","2025 Dec 30 06:38:45 PM","67988891152","2025 Dec 30 07:30:00 AM","SANDPOINT","82","PROPERTY CRIME","U"
"2025-380163","2025 Dec 30 08:42:28 AM","67983953042","2025 Dec 30 07:45:00 AM","BRIGHTON/DUNLAP","2482","ALL OTHER","S"
"2025-380163","2025 Dec 30 08:42:28 AM","67983966153","2025 Dec 30 07:45:00 AM","BRIGHTON/DUNLAP","2482","ALL OTHER","S"
"2026-900298","2026 Jan 05 07:42:41 AM","68057062065","2025 Dec 30 07:53:00 AM","BELLTOWN","2703","ALL OTHER","D"
"2025-380775","2025 Dec 30 06:48:30 PM","67988934247","2025 Dec 30 09:00:00 AM","CHINATOWN/INTERNATIONAL DISTRICT","4594","PROPERTY CRIME","K"
"2026-900257","2026 Jan 04 09:37:38 AM","68045931757","2025 Dec 30 09:00:00 AM","SLU/CASCADE","2762","PROPERTY CRIME","D"
"2025-381249","2025 Dec 31 01:46:31 PM","67998731563","2025 Dec 30 09:00:00 AM","PHINNEY RIDGE","3918","PROPERTY CRIME","J"
"2026-900467","2026 Jan 06 02:03:09 PM","68074819214","2025 Dec 30 09:00:00 AM","MADISON PARK","8561","PROPERTY CRIME","C"
"2025-380221","2025 Dec 30 01:05:02 PM","67986394388","2025 Dec 30 09:04:00 AM","SLU/CASCADE","6019","PROPERTY CRIME","D"
"2025-380216","2025 Dec 30 10:46:41 AM","67985199387","2025 Dec 30 09:06:00 AM","ROOSEVELT/RAVENNA","REDACTED","ALL OTHER","U"
"2026-900179","2026 Jan 04 06:01:36 AM","68043185374","2025 Dec 30 09:10:00 AM","CAPITOL HILL","4209","PROPERTY CRIME","E"
"2025-380227","2025 Dec 30 11:19:14 AM","67985832427","2025 Dec 30 09:21:00 AM","CAPITOL HILL","REDACTED","ALL OTHER","E"
"2025-380233","2025 Dec 30 12:56:44 PM","67986350461","2025 Dec 30 09:23:00 AM","PIONEER SQUARE","4074","ALL OTHER","K"
"2025-380584","2025 Dec 30 09:11:05 PM","67989685158","2025 Dec 30 09:30:00 AM","SANDPOINT","REDACTED","ALL OTHER","L"
"2025-380223","2025 Dec 30 01:13:13 PM","67986514915","2025 Dec 30 09:43:00 AM","DOWNTOWN COMMERCIAL","6612","PROPERTY CRIME","M"
"2025-380269","2025 Dec 30 10:25:41 AM","67984907686","2025 Dec 30 09:55:00 AM","DOWNTOWN COMMERCIAL","2630","ALL OTHER","M"
"2026-000635","2026 Jan 01 04:50:34 PM","68008716357","2025 Dec 30 10:00:00 AM","CAPITOL HILL","5592","PROPERTY CRIME","E"
"2026-900693","2026 Jan 10 12:24:00 PM","68125923795","2025 Dec 30 10:00:00 AM","FIRST HILL","4217","PROPERTY CRIME","E"
"2025-380288","2025 Dec 30 02:44:34 PM","67987280001","2025 Dec 30 10:11:00 AM","WALLINGFORD","2875","PROPERTY CRIME","B"
"2025-380472","2025 Dec 30 01:48:44 PM","67989610014","2025 Dec 30 11:00:00 AM","FIRST HILL","REDACTED","VIOLENT CRIME","E"
"2025-380608","2025 Dec 30 05:10:19 PM","67988310680","2025 Dec 30 11:00:00 AM","NORTHGATE","2055","ALL OTHER","L"
"2025-380345","2025 Dec 30 01:23:59 PM","67986581112","2025 Dec 30 11:02:00 AM","DOWNTOWN COMMERCIAL","7090","ALL OTHER","M"
"2025-380348","2025 Dec 30 11:42:08 AM","67985729224","2025 Dec 30 11:04:00 AM","SODO","2586","VIOLENT CRIME","O"
"2025-380649","2025 Dec 30 04:49:12 PM","67988223464","2025 Dec 30 11:30:00 AM","BALLARD NORTH","10378","PROPERTY CRIME","J"
"2025-380398","2025 Dec 30 12:42:29 PM","67986221623","2025 Dec 30 11:46:00 AM","BELLTOWN","2071","VIOLENT CRIME","D"
"2025-380413","2025 Dec 30 08:58:48 PM","67989640060","2025 Dec 30 12:00:00 PM","CAPITOL HILL","3512","ALL OTHER","E"
"2025-380582","2025 Dec 30 03:37:29 PM","67987710192","2025 Dec 30 12:00:00 PM","DOWNTOWN COMMERCIAL","REDACTED","ALL OTHER","M"
"2025-381106","2025 Dec 31 06:11:00 AM","67992434940","2025 Dec 30 12:01:00 PM","GREENWOOD","1825","ALL OTHER","J"
"2025-380572","2025 Dec 30 04:42:29 PM","67988135474","2025 Dec 30 12:15:00 PM","ROXHILL/WESTWOOD/ARBOR HEIGHTS","10653","VIOLENT CRIME","F"
"2025-380441","2025 Dec 30 01:02:12 PM","67986784415","2025 Dec 30 12:25:00 PM","ALASKA JUNCTION","REDACTED","ALL OTHER","W"
"2025-380441","2025 Dec 30 01:02:12 PM","67986361424","2025 Dec 30 12:25:00 PM","ALASKA JUNCTION","REDACTED","ALL OTHER","W"
"2025-380371","2025 Dec 30 01:08:14 PM","67986413420","2025 Dec 30 12:30:00 PM","SLU/CASCADE","8493","ALL OTHER","D"
"2025-381511","2025 Dec 31 03:37:24 PM","68006813142","2025 Dec 30 12:30:00 PM","SOUTH PARK","2087","PROPERTY CRIME","F"
"2025-381511","2025 Dec 31 03:37:24 PM","67999627048","2025 Dec 30 12:30:00 PM","SOUTH PARK","2087","PROPERTY CRIME","F"
"2025-380559","2025 Dec 30 04:16:15 PM","67988061682","2025 Dec 30 12:44:00 PM","NORTHGATE","11042","PROPERTY CRIME","N"
"2025-380463","2025 Dec 30 02:22:09 PM","67994208091","2025 Dec 30 12:46:00 PM","NORTHGATE","12980","ALL OTHER","N"
"2025-380477","2025 Dec 30 02:54:41 PM","67987508432","2025 Dec 30 12:57:00 PM","BALLARD SOUTH","REDACTED","VIOLENT CRIME","B"
"2025-380477","2025 Dec 30 02:54:41 PM","67987543689","2025 Dec 30 12:57:00 PM","BALLARD SOUTH","REDACTED","ALL OTHER","B"
"2025-380481","2025 Dec 30 02:35:03 PM","67987145087","2025 Dec 30 01:04:00 PM","MOUNT BAKER","3413","VIOLENT CRIME","R"
"2025-380481","2025 Dec 30 02:35:03 PM","67989591868","2025 Dec 30 01:04:00 PM","MOUNT BAKER","3413","ALL OTHER","R"
"2025-380488","2025 Dec 30 02:34:48 PM","67987469286","2025 Dec 30 01:06:00 PM","GEORGETOWN","6922","PROPERTY CRIME","O"
"2025-381425","2025 Dec 31 05:59:41 PM","68000627407","2025 Dec 30 01:06:00 PM","CAPITOL HILL","3989","ALL OTHER","C"
"2026-900301","2026 Jan 05 07:45:51 AM","68057088387","2025 Dec 30 01:22:00 PM","FREMONT","3007","PROPERTY CRIME","B"
"2025-380510","2025 Dec 30 06:37:56 PM","67991373910","2025 Dec 30 01:41:00 PM","CENTRAL AREA/SQUIRE PARK","REDACTED","ALL OTHER","C"
"2025-380510","2025 Dec 30 06:37:56 PM","68062333160","2025 Dec 30 01:41:00 PM","CENTRAL AREA/SQUIRE PARK","REDACTED","ALL OTHER","C"
"2025-380510","2025 Dec 30 06:37:56 PM","67989091023","2025 Dec 30 01:41:00 PM","CENTRAL AREA/SQUIRE PARK","REDACTED","ALL OTHER","C"
"2025-380510","2025 Dec 30 06:37:56 PM","67989167126","2025 Dec 30 01:41:00 PM","CENTRAL AREA/SQUIRE PARK","REDACTED","ALL OTHER","C"
"2025-380539","2025 Dec 30 05:23:09 PM","67988406772","2025 Dec 30 01:50:00 PM","PIONEER SQUARE","REDACTED","ALL OTHER","K"
"2025-380539","2025 Dec 30 05:23:09 PM","67988439603","2025 Dec 30 01:50:00 PM","PIONEER SQUARE","REDACTED","ALL OTHER","K"
"2025-380528","2025 Dec 30 06:14:35 PM","68018118017","2025 Dec 30 02:00:00 PM","MAGNOLIA","10665","PROPERTY CRIME","Q"
"2025-380528","2025 Dec 30 06:14:35 PM","67989121611","2025 Dec 30 02:00:00 PM","MAGNOLIA","10665","ALL OTHER","Q"
"2025-380545","2025 Dec 30 02:33:51 PM","67987189976","2025 Dec 30 02:16:00 PM","SLU/CASCADE","2138","VIOLENT CRIME","D"
"2026-900764","2026 Jan 11 08:44:18 AM","68132431173","2025 Dec 30 02:17:00 PM","MOUNT BAKER","3413","PROPERTY CRIME","R"
"2025-380603","2025 Dec 30 06:01:34 PM","67988655518","2025 Dec 30 02:20:00 PM","DOWNTOWN COMMERCIAL","2630","ALL OTHER","M"
"2025-380555","2025 Dec 30 04:38:22 PM","68126093929","2025 Dec 30 02:26:00 PM","SOUTH BEACON HILL","6565","ALL OTHER","S"
"2026-900149","2026 Jan 03 10:58:02 AM","68033309156","2025 Dec 30 02:26:00 PM","BALLARD SOUTH","10481","PROPERTY CRIME","B"
"2025-380726","2025 Dec 31 11:31:45 AM","67996927792","2025 Dec 30 02:30:00 PM","BITTERLAKE","REDACTED","ALL OTHER","N"
"2026-000561","2026 Jan 01 02:36:52 PM","68007933900","2025 Dec 30 02:32:00 PM","FREMONT","486","PROPERTY CRIME","B"
"2025-380568","2025 Dec 30 03:59:26 PM","68062358781","2025 Dec 30 02:32:00 PM","CAPITOL HILL","REDACTED","ALL OTHER","E"
"2025-380568","2025 Dec 30 03:59:26 PM","67987826895","2025 Dec 30 02:32:00 PM","CAPITOL HILL","REDACTED","ALL OTHER","E"
"2025-380962","2025 Dec 31 02:00:09 PM","67998942470","2025 Dec 30 02:40:00 PM","DOWNTOWN COMMERCIAL","1020","ALL OTHER","K"
"2025-380962","2025 Dec 31 02:00:09 PM","67998782697","2025 Dec 30 02:40:00 PM","SLU/CASCADE","11121","VIOLENT CRIME","D"
"2025-380962","2025 Dec 31 02:00:09 PM","67998893605","2025 Dec 30 03:00:00 PM","DOWNTOWN COMMERCIAL","1020","ALL OTHER","K"
"2025-380752","2025 Dec 30 06:36:21 PM","67989173124","2025 Dec 30 03:00:00 PM","DOWNTOWN COMMERCIAL","REDACTED","ALL OTHER","K"
"2025-380611","2025 Dec 30 05:53:26 PM","67988769909","2025 Dec 30 03:00:00 PM","MAGNOLIA","10513","PROPERTY CRIME","Q"
"2026-901210","2026 Jan 26 11:40:54 AM","68313369443","2025 Dec 30 03:00:00 PM","ROOSEVELT/RAVENNA","8227","ALL OTHER","J"
"2025-380752","2025 Dec 30 06:36:21 PM","67989064546","2025 Dec 30 03:00:00 PM","DOWNTOWN COMMERCIAL","REDACTED","ALL OTHER","K"
"2025-380596","2025 Dec 30 04:18:30 PM","67988004732","2025 Dec 30 03:07:00 PM","HILLMAN CITY","7840","VIOLENT CRIME","R"
"2026-900675","2026 Jan 10 09:35:53 AM","68125075590","2025 Dec 30 03:30:00 PM","MADRONA/LESCHI","7844","PROPERTY CRIME","G"
"2025-380645","2025 Dec 30 05:39:35 PM","67988504054","2025 Dec 30 03:45:00 PM","ROOSEVELT/RAVENNA","7076","ALL OTHER","L"
"2025-380628","2025 Dec 30 04:38:03 PM","67988216415","2025 Dec 30 03:45:00 PM","BRIGHTON/DUNLAP","REDACTED","ALL OTHER","S"
"2026-900153","2026 Jan 03 11:21:18 AM","68033496046","2025 Dec 30 03:45:00 PM","SLU/CASCADE","5447","PROPERTY CRIME","Q"
"2025-381081","2025 Dec 31 03:36:29 AM","68068898263","2025 Dec 30 04:00:00 PM","BALLARD SOUTH","3343","PROPERTY CRIME","B"
"2025-381081","2025 Dec 31 03:36:29 AM","67991750865","2025 Dec 30 04:00:00 PM","BALLARD SOUTH","3343","PROPERTY CRIME","B"
"2025-380663","2025 Dec 30 05:50:49 PM","67989287740","2025 Dec 30 04:24:00 PM","MID BEACON HILL","12168","ALL OTHER","S"
"2025-380767","2025 Dec 30 08:09:18 PM","68021919056","2025 Dec 30 04:30:00 PM","LAKECITY","6206","ALL OTHER","L"
"2025-700627","2026 Jan 12 03:03:20 PM","68152636749","2025 Dec 30 04:36:00 PM","ROOSEVELT/RAVENNA","8593","PROPERTY CRIME","U"
"2025-380689","2025 Dec 30 08:56:42 PM","67989630638","2025 Dec 30 04:46:00 PM","BITTERLAKE","REDACTED","ALL OTHER","N"
"2025-380786","2025 Dec 30 10:36:52 PM","67990169592","2025 Dec 30 05:00:00 PM","LAKEWOOD/SEWARD PARK","4667","PROPERTY CRIME","R"
"2025-381238","2025 Dec 31 09:35:30 AM","67994128969","2025 Dec 30 05:00:00 PM","QUEEN ANNE","4705","PROPERTY CRIME","Q"
"2026-900366","2026 Jan 05 10:31:55 AM","68058592773","2025 Dec 30 05:00:00 PM","DOWNTOWN COMMERCIAL","12793","PROPERTY CRIME","K"
"2025-380718","2025 Dec 30 06:55:10 PM","67988998288","2025 Dec 30 05:15:00 PM","GREENWOOD","871","ALL OTHER","J"
"2025-380714","2025 Dec 30 08:06:29 PM","67989438431","2025 Dec 30 05:16:00 PM","NORTHGATE","703","PROPERTY CRIME","N"
"2025-381590","2025 Dec 31 05:05:31 PM","68000462715","2025 Dec 30 05:30:00 PM","LAKECITY","6383","ALL OTHER","L"
"2025-380836","2025 Dec 30 08:18:19 PM","67989421445","2025 Dec 30 05:30:00 PM","QUEEN ANNE","10627","PROPERTY CRIME","D"
"2026-900241","2026 Jan 04 09:13:45 AM","68045800161","2025 Dec 30 05:45:00 PM","WALLINGFORD","2143","PROPERTY CRIME","B"
"2025-381906","2026 Jan 01 12:31:55 AM","68004147906","2025 Dec 30 05:57:00 PM","UNKNOWN","REDACTED","ALL OTHER","99"
"2026-900437","2026 Jan 06 08:01:24 AM","68070771310","2025 Dec 30 06:00:00 PM","QUEEN ANNE","102","ALL OTHER","D"
"2026-900355","2026 Jan 05 10:08:45 AM","68058369013","2025 Dec 30 06:00:00 PM","JUDKINS PARK/NORTH BEACON HILL","1949","PROPERTY CRIME","G"
"2025-380907","2025 Dec 30 09:46:16 PM","67989901901","2025 Dec 30 06:00:00 PM","BALLARD SOUTH","437","PROPERTY CRIME","B"
"2025-380902","2025 Dec 30 10:06:48 PM","67990029970","2025 Dec 30 06:15:00 PM","SANDPOINT","3025","PROPERTY CRIME","U"
"2025-380808","2025 Dec 31 12:55:09 AM","67991219636","2025 Dec 30 06:18:00 PM","BITTERLAKE","6409","VIOLENT CRIME","N"
"2025-380879","2025 Dec 30 10:27:11 PM","67990329576","2025 Dec 30 06:19:00 PM","ROOSEVELT/RAVENNA","REDACTED","ALL OTHER","U"
"2025-380774","2025 Dec 30 10:37:01 PM","67990146832","2025 Dec 30 06:20:00 PM","BALLARD SOUTH","REDACTED","ALL OTHER","B"
"2025-380839","2025 Dec 30 08:33:29 PM","67989579735","2025 Dec 30 06:30:00 PM","HIGHLAND PARK","11410","PROPERTY CRIME","F"
"2026-900303","2026 Jan 05 07:47:20 AM","68057101980","2025 Dec 30 07:00:00 PM","BELLTOWN","8956","PROPERTY CRIME","D"
"2026-900223","2026 Jan 04 07:56:38 AM","68045207777","2025 Dec 30 07:00:00 PM","EASTLAKE - WEST","13083","PROPERTY CRIME","D"
"2026-900836","2026 Jan 11 12:11:33 PM","68133469066","2025 Dec 30 07:00:00 PM","DOWNTOWN COMMERCIAL","2941","ALL OTHER","M"
"2025-380830","2026 Jan 03 07:57:21 PM","68036992358","2025 Dec 30 07:30:00 PM","LAKECITY","13043","ALL OTHER","L"
"2025-380846","2025 Dec 30 08:53:34 PM","67989604608","2025 Dec 30 07:54:00 PM","ROXHILL/WESTWOOD/ARBOR HEIGHTS","10484","PROPERTY CRIME","F"
"2025-381289","2025 Dec 31 10:40:16 AM","67994696368","2025 Dec 30 08:00:00 PM","RAINIER BEACH","5840","PROPERTY CRIME","S"
"2026-900254","2026 Jan 04 09:36:10 AM","68045921504","2025 Dec 30 08:00:00 PM","SANDPOINT","8599","PROPERTY CRIME","U"
"2025-380877","2025 Dec 30 10:22:58 PM","67990098488","2025 Dec 30 08:00:00 PM","MAGNOLIA","7964","PROPERTY CRIME","Q"
"2026-008177","2026 Jan 09 04:44:16 PM","68132339156","2025 Dec 30 08:00:00 PM","FIRST HILL","REDACTED","ALL OTHER","E"
"2026-900237","2026 Jan 04 09:12:11 AM","68045791915","2025 Dec 30 08:00:00 PM","QUEEN ANNE","7383","PROPERTY CRIME","Q"
"2026-008177","2026 Jan 09 04:44:16 PM","68115698326","2025 Dec 30 08:00:00 PM","FIRST HILL","REDACTED","ALL OTHER","E"
"2026-900221","2026 Jan 04 07:40:08 AM","68045120507","2025 Dec 30 08:00:00 PM","UNIVERSITY","5902","PROPERTY CRIME","U"
"2025-380856","2025 Dec 30 09:23:23 PM","67989771860","2025 Dec 30 08:16:00 PM","DOWNTOWN COMMERCIAL","2084","VIOLENT CRIME","M"
"2026-900220","2026 Jan 04 07:39:49 AM","68045118649","2025 Dec 30 08:30:00 PM","JUDKINS PARK/NORTH BEACON HILL","5861","PROPERTY CRIME","G"
"2026-900343","2026 Jan 05 10:01:12 AM","68058309820","2025 Dec 30 08:47:00 PM","NORTHGATE","1104","PROPERTY CRIME","N"
"2026-000416","2026 Jan 01 10:54:38 PM","68010783968","2025 Dec 30 08:55:00 PM","MAGNOLIA","7964","PROPERTY CRIME","Q"
"2026-900203","2026 Jan 04 07:15:33 AM","68045003849","2025 Dec 30 09:00:00 PM","SLU/CASCADE","11431","PROPERTY CRIME","M"
"2026-900442","2026 Jan 06 08:16:01 AM","68071155391","2025 Dec 30 09:00:00 PM","QUEEN ANNE","2673","PROPERTY CRIME","D"
"2026-005204","2026 Jan 07 02:49:23 PM","68089576715","2025 Dec 30 09:00:00 PM","DOWNTOWN COMMERCIAL","REDACTED","VIOLENT CRIME","M"
"2025-380889","2025 Dec 30 11:19:08 PM","67990530357","2025 Dec 30 09:07:00 PM","CENTRAL AREA/SQUIRE PARK","10829","VIOLENT CRIME","G"
"2026-900265","2026 Jan 04 09:45:11 AM","68045970066","2025 Dec 30 09:09:00 PM","CAPITOL HILL","6958","PROPERTY CRIME","E"
"2026-900596","2026 Jan 09 12:42:27 PM","68113479896","2025 Dec 30 09:10:00 PM","FREMONT","3893","PROPERTY CRIME","B"
"2025-380900","2026 Jan 11 02:22:48 AM","68135060364","2025 Dec 30 09:22:00 PM","BITTERLAKE","6409","ALL OTHER","N"
"2025-380908","2025 Dec 31 01:58:12 AM","67991452243","2025 Dec 30 09:30:00 PM","PIONEER SQUARE","6097","ALL OTHER","K"
"2026-900216","2026 Jan 04 07:21:20 AM","68045030727","2025 Dec 30 09:30:00 PM","GREENWOOD","6881","PROPERTY CRIME","J"
"2025-380908","2025 Dec 31 01:58:12 AM","67991455457","2025 Dec 30 09:30:00 PM","PIONEER SQUARE","6097","ALL OTHER","K"
"2026-001636","2026 Jan 02 05:52:07 PM","68023157664","2025 Dec 30 09:30:00 PM","GREENWOOD","5688","PROPERTY CRIME","J"
"2025-380912","2025 Dec 30 10:48:28 PM","67990198022","2025 Dec 30 09:56:00 PM","CHINATOWN/INTERNATIONAL DISTRICT","4593","ALL OTHER","K"
"2025-380912","2025 Dec 30 10:48:28 PM","67990267447","2025 Dec 30 09:56:00 PM","CHINATOWN/INTERNATIONAL DISTRICT","4593","ALL OTHER","K"
"2025-381580","2025 Dec 31 04:33:34 PM","68067315249","2025 Dec 30 10:00:00 PM","CENTRAL AREA/SQUIRE PARK","10001","PROPERTY CRIME","C"
"2025-381191","2025 Dec 31 12:51:35 PM","67997982633","2025 Dec 30 10:00:00 PM","CAPITOL HILL","1228","PROPERTY CRIME","E"
"2026-900317","2026 Jan 05 08:29:09 AM","68057459370","2025 Dec 30 10:00:00 PM","UNIVERSITY","5112","PROPERTY CRIME","U"
"2025-381580","2025 Dec 31 04:33:34 PM","68000156578","2025 Dec 30 10:00:00 PM","CENTRAL AREA/SQUIRE PARK","10001","PROPERTY CRIME","C"
"2026-900232","2026 Jan 04 09:00:18 AM","68045728481","2025 Dec 30 10:00:00 PM","NORTH ADMIRAL","2958","PROPERTY CRIME","W"
"2025-381179","2025 Dec 31 10:02:22 AM","67994397600","2025 Dec 30 10:00:00 PM","SANDPOINT","547","PROPERTY CRIME","U"
"2026-900225","2026 Jan 04 07:57:58 AM","68045213423","2025 Dec 30 10:15:00 PM","WALLINGFORD","4502","ALL OTHER","B"
"2025-380929","2025 Dec 31 12:37:03 AM","67991136225","2025 Dec 30 10:28:00 PM","WALLINGFORD","3017","ALL OTHER","B"
"2025-381397","2025 Dec 31 02:14:03 PM","67998931082","2025 Dec 30 10:30:00 PM","NORTH BEACON HILL","2166","ALL OTHER","R"
"2025-380936","2025 Dec 31 03:53:42 AM","67991821375","2025 Dec 30 10:42:00 PM","DOWNTOWN COMMERCIAL","REDACTED","ALL OTHER","M"
"2025-380936","2025 Dec 31 03:53:42 AM","67991800949","2025 Dec 30 10:42:00 PM","DOWNTOWN COMMERCIAL","REDACTED","ALL OTHER","M"
"2025-380942","2025 Dec 31 01:45:12 AM","67991414656","2025 Dec 30 10:52:00 PM","MADRONA/LESCHI","REDACTED","ALL OTHER","G"
"2026-900207","2026 Jan 04 07:17:12 AM","68045011950","2025 Dec 30 11:00:00 PM","SANDPOINT","3962","PROPERTY CRIME","U"
"2026-900210","2026 Jan 04 07:18:19 AM","68045016169","2025 Dec 30 11:00:00 PM","GEORGETOWN","159","ALL OTHER","O"
"2026-900253","2026 Jan 04 09:35:50 AM","68045919888","2025 Dec 30 11:30:00 PM","QUEEN ANNE","3587","PROPERTY CRIME","D"
"2026-900253","2026 Jan 04 09:35:50 AM","68058654422","2025 Dec 30 11:30:00 PM","QUEEN ANNE","3587","ALL OTHER","D"
"2025-380981","2025 Dec 31 12:27:16 AM","67991088590","2025 Dec 30 11:42:00 PM","CAPITOL HILL","REDACTED","ALL OTHER","E"
"2025-380981","2025 Dec 31 12:27:16 AM","67991382467","2025 Dec 30 11:42:00 PM","CAPITOL HILL","REDACTED","ALL OTHER","E"
"2025-380983","2025 Dec 31 02:18:31 AM","67991568590","2025 Dec 30 11:46:00 PM","BELLTOWN","12153","ALL OTHER","D"
"2025-380989","2025 Dec 31 03:11:31 AM","67991673833","2025 Dec 30 11:50:00 PM","CAPITOL HILL","REDACTED","ALL OTHER","E"
"2025-380989","2025 Dec 31 03:11:31 AM","67991690964","2025 Dec 30 11:52:00 PM","CAPITOL HILL","REDACTED","ALL OTHER","E"
"2025-380988","2025 Dec 31 12:43:03 AM","67991173930","2025 Dec 30 11:52:00 PM","SOUTH BEACON HILL","2841","ALL OTHER","S"
"2026-006342","2026 Jan 08 03:11:35 AM","68094792367","2025 Dec 30 11:59:00 PM","BALLARD SOUTH","896","PROPERTY CRIME","B"
"2026-900365","2026 Jan 05 10:31:04 AM","68058585049","2025 Dec 31 12:00:00 AM","PIGEON POINT","10657","ALL OTHER","F"
"2026-018714","2026 Jan 20 10:31:26 AM","68244520126","2025 Dec 31 12:00:00 AM","BELLTOWN","3979","ALL OTHER","D"
"2026-012241","2026 Jan 13 10:21:32 PM","68167292001","2025 Dec 31 12:00:00 AM","SANDPOINT","6843","PROPERTY CRIME","U"
"2026-000023","2026 Jan 01 02:52:41 AM","68004409204","2025 Dec 31 12:00:00 AM","BRIGHTON/DUNLAP","REDACTED","ALL OTHER","S"
"2025-381259","2025 Dec 31 10:00:44 AM","67994255033","2025 Dec 31 12:00:00 AM","CHINATOWN/INTERNATIONAL DISTRICT","3648","PROPERTY CRIME","K"
"2026-011076","2026 Jan 13 09:33:35 PM","68167068033","2025 Dec 31 12:00:00 AM","UNIVERSITY","5902","VIOLENT CRIME","U"
"2026-012056","2026 Jan 13 03:29:13 PM","68164962095","2025 Dec 31 12:00:00 AM","PIONEER SQUARE","4074","ALL OTHER","K"
"2026-001195","2026 Jan 02 02:48:13 PM","68021624192","2025 Dec 31 12:00:00 AM","BELLTOWN","1328","PROPERTY CRIME","D"
"2026-001235","2026 Jan 02 05:23:23 PM","68023027723","2025 Dec 31 12:00:00 AM","GREENWOOD","10089","ALL OTHER","J"
"2025-381925","2026 Jan 01 01:53:46 AM","68004685457","2025 Dec 31 12:00:00 AM","SODO","814","VIOLENT CRIME","O"
"2026-900945","2026 Jan 13 11:28:05 AM","68162520419","2025 Dec 31 12:00:00 AM","WALLINGFORD","3600","PROPERTY CRIME","B"
"2026-001114","2026 Jan 02 08:50:21 AM","68018612730","2025 Dec 31 12:00:00 AM","FIRST HILL","4216","PROPERTY CRIME","E"
"2026-900309","2026 Jan 05 07:51:22 AM","68057135381","2025 Dec 31 12:00:00 AM","QUEEN ANNE","5143","PROPERTY CRIME","Q"
"2026-004243","2026 Jan 05 03:30:46 PM","68061547103","2025 Dec 31 12:00:00 AM","CAPITOL HILL","673","PROPERTY CRIME","E"
"2025-381056","2025 Dec 31 02:52:07 AM","67991654412","2025 Dec 31 12:00:00 AM","CENTRAL AREA/SQUIRE PARK","5859","PROPERTY CRIME","G"
"2026-008485","2026 Jan 09 09:51:18 PM","68117658112","2025 Dec 31 12:00:00 AM","MORGAN","7664","PROPERTY CRIME","W"
"2025-381234","2025 Dec 31 09:24:30 AM","67993971414","2025 Dec 31 12:00:00 AM","RAINIER BEACH","10178","PROPERTY CRIME","S"
"2026-900472","2026 Jan 07 07:51:39 AM","68084992463","2025 Dec 31 12:00:00 AM","MILLER PARK","7711","PROPERTY CRIME","C"
"2025-381318","2025 Dec 31 11:14:03 AM","67996279156","2025 Dec 31 12:00:00 AM","DOWNTOWN COMMERCIAL","3166","ALL OTHER","M"
"2026-008091","2026 Jan 09 12:05:16 PM","68113209898","2025 Dec 31 12:00:00 AM","FREMONT","5572","PROPERTY CRIME","B"
"2026-900484","2026 Jan 07 07:59:12 AM","68085055582","2025 Dec 31 12:00:00 AM","UNIVERSITY","5248","PROPERTY CRIME","U"
"2026-000471","2026 Jan 01 08:50:00 PM","68010218598","2025 Dec 31 12:04:00 AM","EASTLAKE - EAST","3933","PROPERTY CRIME","C"
"2025-380995","2025 Dec 31 02:01:28 AM","67991437547","2025 Dec 31 12:08:00 AM","DOWNTOWN COMMERCIAL","10445","ALL OTHER","K"
"2026-900201","2026 Jan 04 07:14:47 AM","68045001414","2025 Dec 31 12:20:00 AM","BALLARD SOUTH","5210","PROPERTY CRIME","B"
"2026-900247","2026 Jan 04 09:28:59 AM","68045880450","2025 Dec 31 12:24:00 AM","QUEEN ANNE","3978","PROPERTY CRIME","Q"
"2025-381008","2025 Dec 31 02:03:16 AM","67991445018","2025 Dec 31 12:25:00 AM","SLU/CASCADE","6913","ALL OTHER","D"
"2025-381006","2025 Dec 31 03:16:33 AM","67991722769","2025 Dec 31 12:25:00 AM","SLU/CASCADE","1809","VIOLENT CRIME","D"
"2025-381025","2025 Dec 31 01:37:35 AM","67991411476","2025 Dec 31 12:30:00 AM","FREMONT","8636","PROPERTY CRIME","B"
"2025-381003","2025 Dec 31 01:51:23 AM","67991407024","2025 Dec 31 12:33:00 AM","ROOSEVELT/RAVENNA","10341","ALL OTHER","U"
"2026-900213","2026 Jan 04 07:20:07 AM","68045023423","2025 Dec 31 12:45:00 AM","BALLARD SOUTH","1706","PROPERTY CRIME","B"
"2026-025884","2026 Jan 27 01:47:03 PM","68323823328","2025 Dec 31 01:00:00 AM","RAINIER BEACH","3954","PROPERTY CRIME","S"
"2026-900337","2026 Jan 05 09:58:33 AM","68058285340","2025 Dec 31 01:00:00 AM","BALLARD SOUTH","4178","PROPERTY CRIME","B"
"2026-900228","2026 Jan 04 07:59:02 AM","68045218423","2025 Dec 31 02:00:00 AM","ALASKA JUNCTION","7660","PROPERTY CRIME","W"
"2025-381072","2025 Dec 31 10:18:38 AM","67994578836","2025 Dec 31 02:31:00 AM","MAGNOLIA","3822","PROPERTY CRIME","Q"
"2025-381073","2025 Dec 31 03:09:36 AM","67991782157","2025 Dec 31 02:36:00 AM","LAKECITY","6638","ALL OTHER","L"
"2026-900205","2026 Jan 04 07:16:30 AM","68045008324","2025 Dec 31 04:00:00 AM","CAPITOL HILL","10576","PROPERTY CRIME","E"
"2025-381105","2025 Dec 31 05:58:46 AM","68000655216","2025 Dec 31 04:10:00 AM","FIRST HILL","821","ALL OTHER","E"
"2025-381105","2025 Dec 31 05:58:46 AM","67992337035","2025 Dec 31 04:10:00 AM","FIRST HILL","821","VIOLENT CRIME","E"
"2026-900214","2026 Jan 04 07:20:35 AM","68045026267","2025 Dec 31 04:10:00 AM","UNIVERSITY","5882","PROPERTY CRIME","U"
"2026-900255","2026 Jan 04 09:36:59 AM","68045928086","2025 Dec 31 05:00:00 AM","NORTH BEACON HILL","11430","PROPERTY CRIME","R"
"2026-900230","2026 Jan 04 07:59:41 AM","68045220421","2025 Dec 31 05:04:00 AM","BALLARD SOUTH","4178","PROPERTY CRIME","B"
"2026-900256","2026 Jan 04 09:37:18 AM","68045929782","2025 Dec 31 05:21:00 AM","MOUNT BAKER","3532","PROPERTY CRIME","R"
"2025-381117","2025 Dec 31 06:40:07 AM","67992567023","2025 Dec 31 05:25:00 AM","ROOSEVELT/RAVENNA","11363","PROPERTY CRIME","U"
"2026-900360","2026 Jan 05 10:11:25 AM","68058393021","2025 Dec 31 05:37:00 AM","SANDPOINT","493","PROPERTY CRIME","L"
"2025-381265","2025 Dec 31 11:42:39 AM","67996898219","2025 Dec 31 05:50:00 AM","FREMONT","8709","PROPERTY CRIME","B"
"2025-381125","2025 Dec 31 07:44:31 AM","67993542188","2025 Dec 31 06:00:00 AM","QUEEN ANNE","4122","PROPERTY CRIME","Q"
"2025-381293","2025 Dec 31 10:59:29 AM","67995580988","2025 Dec 31 06:00:00 AM","WALLINGFORD","2409","PROPERTY CRIME","B"
"2026-008305","2026 Jan 09 04:16:41 PM","68115641253","2025 Dec 31 06:00:00 AM","BELLTOWN","2703","ALL OTHER","D"
"2025-381128","2025 Dec 31 07:56:24 AM","67993166727","2025 Dec 31 06:08:00 AM","FIRST HILL","REDACTED","ALL OTHER","G"
"2025-381127","2025 Dec 31 02:48:10 PM","67999269929","2025 Dec 31 06:10:00 AM","CHINATOWN/INTERNATIONAL DISTRICT","REDACTED","ALL OTHER","K"
"2025-381660","2025 Dec 31 08:05:24 PM","68001439219","2025 Dec 31 06:30:00 AM","NORTH BEACON HILL","REDACTED","ALL OTHER","R"
"2025-381198","2025 Dec 31 05:06:15 PM","68000377032","2025 Dec 31 08:00:00 AM","BELLTOWN","REDACTED","ALL OTHER","D"
"2026-003345","2026 Jan 04 05:39:57 PM","68049242753","2025 Dec 31 08:00:00 AM","FREMONT","REDACTED","ALL OTHER","B"
"2025-381192","2025 Dec 31 11:12:36 AM","67996212932","2025 Dec 31 08:34:00 AM","PIONEER SQUARE","REDACTED","ALL OTHER","K"
"2026-900263","2026 Jan 04 09:44:17 AM","68045964997","2025 Dec 31 09:30:00 AM","LAKECITY","1170","PROPERTY CRIME","L"
"2026-900242","2026 Jan 04 09:27:13 AM","68045871487","2025 Dec 31 09:30:00 AM","CAPITOL HILL","13066","PROPERTY CRIME","E"
"2025-381241","2025 Dec 31 12:52:43 PM","67997962970","2025 Dec 31 09:32:00 AM","SOUTH BEACON HILL","10523","ALL OTHER","S"
"2025-381257","2025 Dec 31 11:20:48 AM","67996407037","2025 Dec 31 09:52:00 AM","CAPITOL HILL","6230","VIOLENT CRIME","E"
"2025-381301","2025 Dec 31 04:41:00 PM","68000198101","2025 Dec 31 10:00:00 AM","NORTHGATE","10903","PROPERTY CRIME","L"
"2026-900364","2026 Jan 05 10:30:44 AM","68058580650","2025 Dec 31 10:00:00 AM","ROOSEVELT/RAVENNA","8699","PROPERTY CRIME","J"
"2025-381261","2025 Dec 31 11:17:11 AM","67996429060","2025 Dec 31 10:00:00 AM","BRIGHTON/DUNLAP","12304","ALL OTHER","S"
"2025-381261","2025 Dec 31 11:17:11 AM","67996492246","2025 Dec 31 10:00:00 AM","BRIGHTON/DUNLAP","12304","ALL OTHER","S"
"2025-381261","2025 Dec 31 11:17:11 AM","67996473250","2025 Dec 31 10:00:00 AM","BRIGHTON/DUNLAP","12304","ALL OTHER","S"
"2025-381266","2025 Dec 31 12:12:44 PM","67997067584","2025 Dec 31 10:08:00 AM","CAPITOL HILL","6230","ALL OTHER","E"
"2026-900291","2026 Jan 05 07:03:30 AM","68056779319","2025 Dec 31 10:30:00 AM","FIRST HILL","1248","PROPERTY CRIME","G"
"2026-700001","2026 Jan 06 06:32:44 PM","68077001578","2025 Dec 31 11:08:00 AM","DOWNTOWN COMMERCIAL","12522","PROPERTY CRIME","M"
"2025-381322","2025 Dec 31 02:40:11 PM","67999415380","2025 Dec 31 11:20:00 AM","CAPITOL HILL","REDACTED","ALL OTHER","C"
"2025-381322","2025 Dec 31 02:40:11 PM","67999390843","2025 Dec 31 11:20:00 AM","CAPITOL HILL","REDACTED","ALL OTHER","C"
"2025-381322","2025 Dec 31 02:40:11 PM","67999342334","2025 Dec 31 11:20:00 AM","CAPITOL HILL","REDACTED","ALL OTHER","C"
"2025-381349","2025 Dec 31 04:18:57 PM","67999948099","2025 Dec 31 11:30:00 AM","CAPITOL HILL","4205","PROPERTY CRIME","E"
"2025-381358","2025 Dec 31 02:14:04 PM","67998987987","2025 Dec 31 11:56:00 AM","RAINIER BEACH","6192","VIOLENT CRIME","S"
"2026-900297","2026 Jan 05 07:42:23 AM","68057059870","2025 Dec 31 12:00:00 PM","BELLTOWN","8355","PROPERTY CRIME","D"
"2025-381365","2025 Dec 31 05:36:23 PM","68000677529","2025 Dec 31 12:00:00 PM","ALASKA JUNCTION","REDACTED","ALL OTHER","W"
"2026-005934","2026 Jan 07 11:39:10 AM","68087671144","2025 Dec 31 12:00:00 PM","JUDKINS PARK/NORTH BEACON HILL","REDACTED","ALL OTHER","G"
"2025-381365","2025 Dec 31 05:36:23 PM","68000701573","2025 Dec 31 12:04:00 PM","ALASKA JUNCTION","REDACTED","ALL OTHER","W"
"2026-900375","2026 Jan 05 10:37:21 AM","68058639487","2025 Dec 31 12:10:00 PM","UNIVERSITY","742","PROPERTY CRIME","U"
"2025-381377","2025 Dec 31 02:16:09 PM","67999032883","2025 Dec 31 12:14:00 PM","CENTRAL AREA/SQUIRE PARK","5149","ALL OTHER","C"
"2025-381395","2025 Dec 31 03:13:03 PM","67999425639","2025 Dec 31 12:30:00 PM","CENTRAL AREA/SQUIRE PARK","4332","VIOLENT CRIME","C"
"2025-381395","2025 Dec 31 03:13:03 PM","67999690665","2025 Dec 31 12:30:00 PM","CENTRAL AREA/SQUIRE PARK","4332","ALL OTHER","C"
"2025-381473","2025 Dec 31 03:32:57 PM","67999637185","2025 Dec 31 12:45:00 PM","LAKECITY","1428","ALL OTHER","L"
"2025-381414","2025 Dec 31 05:33:02 PM","68000485360","2025 Dec 31 12:52:00 PM","SLU/CASCADE","5514","ALL OTHER","Q"
"2026-900268","2026 Jan 04 09:47:00 AM","68045980445","2025 Dec 31 01:00:00 PM","NORTHGATE","1424","PROPERTY CRIME","L"
"2026-900251","2026 Jan 04 09:30:54 AM","68045893452","2025 Dec 31 01:00:00 PM","BALLARD SOUTH","1552","ALL OTHER","B"
"2025-381382","2025 Dec 31 06:27:19 PM","68000796567","2025 Dec 31 01:00:00 PM","QUEEN ANNE","7085","VIOLENT CRIME","Q"
"2025-381435","2025 Dec 31 01:22:26 PM","67998338617","2025 Dec 31 01:10:00 PM","NORTH BEACON HILL","6590","ALL OTHER","R"
"2025-381436","2025 Dec 31 02:02:21 PM","67999580717","2025 Dec 31 01:14:00 PM","DOWNTOWN COMMERCIAL","REDACTED","ALL OTHER","K"
"2025-381436","2025 Dec 31 02:02:21 PM","67998789050","2025 Dec 31 01:14:00 PM","DOWNTOWN COMMERCIAL","REDACTED","ALL OTHER","K"
"2025-381448","2025 Dec 31 08:18:55 PM","68062378509","2025 Dec 31 01:28:00 PM","FIRST HILL","6336","ALL OTHER","E"
"2025-381448","2025 Dec 31 08:18:55 PM","68001544840","2025 Dec 31 01:28:00 PM","FIRST HILL","6336","ALL OTHER","E"
"2025-381468","2025 Dec 31 06:43:16 PM","68000918982","2025 Dec 31 01:52:00 PM","MORGAN","REDACTED","ALL OTHER","W"
"2025-381469","2025 Dec 31 02:17:05 PM","67999013563","2025 Dec 31 01:54:00 PM","DOWNTOWN COMMERCIAL","6241","ALL OTHER","K"
"2026-900450","2026 Jan 06 01:49:43 PM","68074691312","2025 Dec 31 02:00:00 PM","UNIVERSITY","7940","PROPERTY CRIME","U"
"2026-900320","2026 Jan 05 08:31:11 AM","68057474387","2025 Dec 31 02:00:00 PM","SLU/CASCADE","4500","PROPERTY CRIME","D"
"2026-000376","2026 Jan 01 10:01:16 PM","68010500728","2025 Dec 31 02:00:00 PM","ROOSEVELT/RAVENNA","8707","ALL OTHER","L"
"2026-900316","2026 Jan 05 08:28:32 AM","68057454614","2025 Dec 31 02:00:00 PM","CAPITOL HILL","1138","PROPERTY CRIME","E"
"2026-900252","2026 Jan 04 09:35:21 AM","68045916548","2025 Dec 31 02:30:00 PM","NORTH BEACON HILL","5641","PROPERTY CRIME","R"
"2025-381533","2025 Dec 31 03:45:00 PM","67999813239","2025 Dec 31 02:42:00 PM","COLUMBIA CITY","12484","ALL OTHER","R"
"2026-000333","2026 Jan 01 11:04:42 AM","68006736400","2025 Dec 31 03:00:00 PM","BALLARD NORTH","4382","PROPERTY CRIME","J"
"2026-000334","2026 Jan 01 11:39:49 AM","68006918376","2025 Dec 31 03:00:00 PM","HIGHLAND PARK","1588","ALL OTHER","F"
"2026-000334","2026 Jan 01 11:39:49 AM","68007279673","2025 Dec 31 03:00:00 PM","HIGHLAND PARK","1588","ALL OTHER","F"
"2025-381531","2025 Dec 31 03:38:41 PM","67999635463","2025 Dec 31 03:09:00 PM","SLU/CASCADE","10535","ALL OTHER","D"
"2025-381559","2025 Dec 31 06:27:39 PM","68000795295","2025 Dec 31 03:42:00 PM","ALASKA JUNCTION","10472","VIOLENT CRIME","W"
"2025-381558","2025 Dec 31 05:01:23 PM","68000318903","2025 Dec 31 03:42:00 PM","BELLTOWN","2071","ALL OTHER","D"
"2026-900258","2026 Jan 04 09:37:59 AM","68045933247","2025 Dec 31 03:42:00 PM","FIRST HILL","1241","PROPERTY CRIME","E"
"2026-900636","2026 Jan 10 07:39:06 AM","68124533152","2025 Dec 31 04:00:00 PM","NORTHGATE","2055","PROPERTY CRIME","L"
"2026-000638","2026 Jan 01 04:28:37 PM","68103919340","2025 Dec 31 04:00:00 PM","CAPITOL HILL","10944","PROPERTY CRIME","E"
"2026-000515","2026 Jan 01 03:22:21 PM","68008206170","2025 Dec 31 04:00:00 PM","FIRST HILL","7620","PROPERTY CRIME","E"
"2026-000638","2026 Jan 01 04:28:37 PM","68008607741","2025 Dec 31 04:00:00 PM","CAPITOL HILL","10944","PROPERTY CRIME","E"
"2026-003352","2026 Jan 04 02:50:34 PM","68047605142","2025 Dec 31 04:00:00 PM","NORTHGATE","4649","PROPERTY CRIME","L"
"2025-381582","2025 Dec 31 06:11:51 PM","68000708885","2025 Dec 31 04:06:00 PM","BALLARD SOUTH","12944","ALL OTHER","B"
"2025-381582","2025 Dec 31 06:11:51 PM","68000693360","2025 Dec 31 04:06:00 PM","BALLARD SOUTH","12944","ALL OTHER","B"
"2026-700003","2026 Jan 06 07:02:21 PM","68077178940","2025 Dec 31 04:09:00 PM","DOWNTOWN COMMERCIAL","2359","PROPERTY CRIME","M"
"2025-381610","2025 Dec 31 05:59:35 PM","68000653213","2025 Dec 31 04:47:00 PM","ROOSEVELT/RAVENNA","12773","ALL OTHER","U"
"2026-900266","2026 Jan 04 09:46:26 AM","68045977215","2025 Dec 31 05:00:00 PM","DOWNTOWN COMMERCIAL","10909","PROPERTY CRIME","M"
"2026-900299","2026 Jan 05 07:43:03 AM","68057064691","2025 Dec 31 05:00:00 PM","GREENWOOD","1127","ALL OTHER","J"
"2026-900446","2026 Jan 06 08:20:07 AM","68071213441","2025 Dec 31 05:00:00 PM","FREMONT","10030","PROPERTY CRIME","B"
"2026-004424","2026 Jan 05 05:56:48 PM","68063093787","2025 Dec 31 05:00:00 PM","MORGAN","7004","PROPERTY CRIME","W"
"2026-900264","2026 Jan 04 09:44:44 AM","68045967648","2025 Dec 31 05:00:00 PM","SANDPOINT","4644","PROPERTY CRIME","U"
"2026-001432","2026 Jan 02 05:14:40 PM","68022911444","2025 Dec 31 05:14:00 PM","NORTH ADMIRAL","398","ALL OTHER","W"
"2026-901039","2026 Jan 20 10:03:42 PM","68249745948","2025 Dec 31 05:30:00 PM","DOWNTOWN COMMERCIAL","1017","PROPERTY CRIME","K"
"2026-001489","2026 Jan 02 06:06:18 PM","68023346533","2025 Dec 31 05:45:00 PM","PIGEON POINT","8588","ALL OTHER","F"
"2025-381652","2025 Dec 31 08:42:52 PM","68001680084","2025 Dec 31 05:45:00 PM","MADRONA/LESCHI","5504","ALL OTHER","G"
"2026-001489","2026 Jan 02 06:06:18 PM","68023282822","2025 Dec 31 05:45:00 PM","PIGEON POINT","8588","PROPERTY CRIME","F"
"2025-381652","2025 Dec 31 08:42:52 PM","68068139879","2025 Dec 31 05:45:00 PM","MADRONA/LESCHI","5504","ALL OTHER","G"
"2026-900846","2026 Jan 11 01:07:54 PM","68133775416","2025 Dec 31 06:00:00 PM","CAPITOL HILL","6229","PROPERTY CRIME","E"
"2026-000318","2026 Jan 01 09:24:01 AM","68006164344","2025 Dec 31 06:00:00 PM","SLU/CASCADE","1940","PROPERTY CRIME","Q"
"2026-000343","2026 Jan 01 09:01:41 AM","68006037704","2025 Dec 31 06:00:00 PM","MOUNT BAKER","7465","PROPERTY CRIME","R"
"2026-001161","2026 Jan 02 10:01:22 AM","68019153815","2025 Dec 31 06:00:00 PM","BALLARD NORTH","4036","PROPERTY CRIME","J"
"2026-001235","2026 Jan 02 05:23:23 PM","68022960350","2025 Dec 31 06:30:00 PM","GREENWOOD","10089","PROPERTY CRIME","J"
"2026-000387","2026 Jan 01 01:47:59 PM","68007757809","2025 Dec 31 06:30:00 PM","SLU/CASCADE","3930","PROPERTY CRIME","D"
"2025-381675","2026 Jan 01 05:19:36 AM","68005009696","2025 Dec 31 06:31:00 PM","NORTHGATE","4588","PROPERTY CRIME","L"
"2026-000681","2026 Jan 01 05:35:01 PM","68008971334","2025 Dec 31 06:45:00 PM","QUEEN ANNE","3977","PROPERTY CRIME","Q"
"2026-001189","2026 Jan 02 11:53:22 AM","68020083919","2025 Dec 31 06:45:00 PM","BELLTOWN","3446","PROPERTY CRIME","D"
"2026-900625","2026 Jan 10 07:18:15 AM","68124450275","2025 Dec 31 06:51:00 PM","LAKECITY","6201","ALL OTHER","L"
"2026-900267","2026 Jan 04 09:46:43 AM","68045979026","2025 Dec 31 07:00:00 PM","SLU/CASCADE","6024","PROPERTY CRIME","M"
"2025-381906","2026 Jan 01 12:31:55 AM","68003598162","2025 Dec 31 07:00:00 PM","NORTHGATE","REDACTED","ALL OTHER","N"
"2025-381825","2025 Dec 31 11:05:01 PM","68002583584","2025 Dec 31 07:00:00 PM","CENTRAL AREA/SQUIRE PARK","REDACTED","ALL OTHER","C"
"2026-000791","2026 Jan 01 10:22:07 PM","68010680834","2025 Dec 31 07:00:00 PM","NORTHGATE","4588","PROPERTY CRIME","L"
"2026-001204","2026 Jan 02 04:06:50 PM","68022404493","2025 Dec 31 07:00:00 PM","MAGNOLIA","2585","PROPERTY CRIME","Q"
"2026-901037","2026 Jan 20 10:01:11 PM","68249735922","2025 Dec 31 07:15:00 PM","ALASKA JUNCTION","8920","PROPERTY CRIME","W"
"2025-381707","2025 Dec 31 09:36:08 PM","68002045025","2025 Dec 31 07:17:00 PM","QUEEN ANNE","1930","ALL OTHER","Q"
"2025-381711","2025 Dec 31 08:30:21 PM","68001604552","2025 Dec 31 07:22:00 PM","HILLMAN CITY","35","VIOLENT CRIME","R"
"2025-381711","2025 Dec 31 08:30:21 PM","68002104169","2025 Dec 31 07:22:00 PM","HILLMAN CITY","35","ALL OTHER","R"
"2025-381711","2025 Dec 31 08:30:21 PM","68001683012","2025 Dec 31 07:22:00 PM","HILLMAN CITY","35","ALL OTHER","R"
"2025-381775","2026 Jan 01 10:52:31 PM","68058300908","2025 Dec 31 07:30:00 PM","BALLARD NORTH","638","VIOLENT CRIME","J"
"2025-381718","2025 Dec 31 08:26:24 PM","68001661393","2025 Dec 31 07:34:00 PM","BELLTOWN","REDACTED","ALL OTHER","D"
"2026-000417","2026 Jan 01 01:15:06 PM","68007430852","2025 Dec 31 08:00:00 PM","FREMONT","320","PROPERTY CRIME","B"
"2026-000540","2026 Jan 01 02:09:45 PM","68007775775","2025 Dec 31 08:00:00 PM","CAPITOL HILL","3396","PROPERTY CRIME","E"
"2026-000483","2026 Jan 01 01:51:34 PM","68007669812","2025 Dec 31 08:00:00 PM","CAPITOL HILL","3396","PROPERTY CRIME","E"
"2026-000683","2026 Jan 01 07:07:01 PM","68009607440","2025 Dec 31 08:00:00 PM","NORTHGATE","4589","PROPERTY CRIME","L"
"2026-900400","2026 Jan 05 11:33:33 AM","68059118837","2025 Dec 31 08:00:00 PM","UNIVERSITY","2697","ALL OTHER","U"
"2026-000683","2026 Jan 01 07:07:01 PM","68067323303","2025 Dec 31 08:00:00 PM","NORTHGATE","4589","PROPERTY CRIME","L"
"2026-900286","2026 Jan 05 07:00:55 AM","68056757097","2025 Dec 31 08:00:00 PM","UNIVERSITY","1583","ALL OTHER","U"
"2025-381752","2025 Dec 31 10:31:50 PM","68002349228","2025 Dec 31 08:05:00 PM","BELLTOWN","2703","ALL OTHER","D"
"2025-381760","2026 Jan 01 02:15:42 AM","68004320012","2025 Dec 31 08:14:00 PM","NORTHGATE","REDACTED","ALL OTHER","N"
"2025-381764","2025 Dec 31 10:21:51 PM","68002296721","2025 Dec 31 08:20:00 PM","CAPITOL HILL","REDACTED","ALL OTHER","E"